"author","comment","commentsCount","pageUrl","replyCount","title","type","videoID","voteCount"
,,"0",,,"Không thể bóp méo sự thật về công tác nhân sự của Đảng và Nhà nước Việt Nam","video",,
,,"0",,,"Vận mệnh tuổi Tý năm 2026: Sự nghiệp khó khăn, tình duyên trắc trở","video",,
,,"0",,,"Trung Quốc điều tra 2 Thượng tướng quân đội vì nghi ngờ vi phạm nghiêm trọng | Ninh Bình Digital","video",,
"@sydinhtruong8283","Trump từ chức mọi vấn đề sẽ nhẹ đi","3","https://www.youtube.com/watch?v=gyzOtqmQJnM","0","🔴Tin Nóng Nước Mỹ: Ông Trump ‘1 mũi tên trúng 2 đích’ – Chính phủ hồi sinh, Phe Dân chủ tự đấu đá!","comment",,"0"
"@nguyenhoang-HT","XIN CHÚA VÀ MẸ MARIA BSN CHO TTTRUM VƯỢT QUA NGUY HIỄM . MỌI SỰ NHỜ ƠN CHÚA VÀ MẸ MARIA","3","https://www.youtube.com/watch?v=gyzOtqmQJnM","0","🔴Tin Nóng Nước Mỹ: Ông Trump ‘1 mũi tên trúng 2 đích’ – Chính phủ hồi sinh, Phe Dân chủ tự đấu đá!","comment",,"0"
"@nguyenhoang-HT","ĐẢN DÂN CHỦ LÚC NÀO CŨNG MUỐN HẠI TTTRUM  VÀ NỘI CÁC TT","3","https://www.youtube.com/watch?v=gyzOtqmQJnM","0","🔴Tin Nóng Nước Mỹ: Ông Trump ‘1 mũi tên trúng 2 đích’ – Chính phủ hồi sinh, Phe Dân chủ tự đấu đá!","comment",,"0"
"@TranPhuong-h5b","❤❤❤NAM MÔ A DI ĐÀ PHẬT 🙏❤con xin cầu nguyện cho thế hòa bình tiêu tai giải nạn ❤🙏 cầu cho nhà nhà người người hướng về thiện lành từ bi yêu thương.như lời Phật dạy cùng nhau niệm Phật cầu giải thoát trong một đời này.NAM MÔ A DI ĐÀ PHẬT 🙏🙏🙏","7","https://www.youtube.com/watch?v=-WSeyh1NCgk","1","Sấm Truyền Bính Ngọ 2026: Vanga và Trạng Trình Đã Nhìn Thấy ""Thiên Cơ"" Gì Về Vận Mệnh Việt Nam?","comment",,"1"
"@thimylele1851","Nam mô bổn sư thích ca mâu Ni Phật nằm mô a Di da phat","7","https://www.youtube.com/watch?v=-WSeyh1NCgk","1","Sấm Truyền Bính Ngọ 2026: Vanga và Trạng Trình Đã Nhìn Thấy ""Thiên Cơ"" Gì Về Vận Mệnh Việt Nam?","comment",,"1"
"@VânYến-x6y6v","Nhà nc vn đang cướp tiền quà của các nc tặng tôi. Nhà nc và dân có đoàn kết đc ko? Nhà nc vn là những con quỷ đội lớp người thôi nhé","7","https://www.youtube.com/watch?v=-WSeyh1NCgk","0","Sấm Truyền Bính Ngọ 2026: Vanga và Trạng Trình Đã Nhìn Thấy ""Thiên Cơ"" Gì Về Vận Mệnh Việt Nam?","comment",,"0"
"@KimPhuongHoThi-pz3je","Người có lương tri là người nhận thức được đâu là thiện đâu là ác chứ không hùa theo đám đông vì đám đông thì thường có suy nghĩ nông cạn, và đó là điều satan muốn , chúng muốn đầu óc con người luôn mụ mị thì chúng sẽ dễ điều khiển nhưng chúng đâu nghĩ  rằng cái gì trên đời này cũng phải có lúc kết thúc , bất cứ sự vật nào trên thế gian này đều không thể trường tồn vĩnh viển","7","https://www.youtube.com/watch?v=-WSeyh1NCgk","1","Sấm Truyền Bính Ngọ 2026: Vanga và Trạng Trình Đã Nhìn Thấy ""Thiên Cơ"" Gì Về Vận Mệnh Việt Nam?","comment",,"1"
"@Kienthucdoisong4.0","Cầu gia đình mình luôn bình an!!❤","7","https://www.youtube.com/watch?v=-WSeyh1NCgk","0","Sấm Truyền Bính Ngọ 2026: Vanga và Trạng Trình Đã Nhìn Thấy ""Thiên Cơ"" Gì Về Vận Mệnh Việt Nam?","reply",,"0"
"@bhttv2025","Điểm nóng quốc tế: Ông Trump đang thúc đẩy kế hoạch mới khiến các nhà kinh tế lo sợ | Hà Tĩnh TV
https://youtu.be/uecC7Aeh1UY","11","https://www.youtube.com/watch?v=N2ZXxHrcofQ","0","Điểm nóng quốc tế: Ông Trump dọa mạnh tay với các cá nhân gian lận bầu cử nếu tái đắc cử","comment",,"0"
"@NữLê-d8f","Nam mô a di đà phật ❤❤❤❤❤❤","11","https://www.youtube.com/watch?v=N2ZXxHrcofQ","0","Điểm nóng quốc tế: Ông Trump dọa mạnh tay với các cá nhân gian lận bầu cử nếu tái đắc cử","comment",,"0"
"@chieudienthai3692","Thắng là công lý , thua chắc chắn là gian lận !  Cầu mong nước Mỹ bình an .. cho thế giới an bình !","11","https://www.youtube.com/watch?v=N2ZXxHrcofQ","0","Điểm nóng quốc tế: Ông Trump dọa mạnh tay với các cá nhân gian lận bầu cử nếu tái đắc cử","comment",,"0"
"@HienPhan-b2t","❤❤❤❤❤❤❤❤chỉ có TT Trump mới lãnh đạo tốt đẹp cho nước Mỹ thôi ❤❤❤❤❤❤❤❤❤❤❤❤chúc mừng TTTrump","11","https://www.youtube.com/watch?v=N2ZXxHrcofQ","0","Điểm nóng quốc tế: Ông Trump dọa mạnh tay với các cá nhân gian lận bầu cử nếu tái đắc cử","comment",,"0"
"@HdjsjsEbheh","Đàn bà lui về chăm lo cho GĐ, bà là tổng thống thì không có Hòa binh","11","https://www.youtube.com/watch?v=N2ZXxHrcofQ","0","Điểm nóng quốc tế: Ông Trump dọa mạnh tay với các cá nhân gian lận bầu cử nếu tái đắc cử","comment",,"0"
"@HdjsjsEbheh","Chúc ông Trum chiếm thắng","11","https://www.youtube.com/watch?v=N2ZXxHrcofQ","0","Điểm nóng quốc tế: Ông Trump dọa mạnh tay với các cá nhân gian lận bầu cử nếu tái đắc cử","comment",,"0"
"@lanhngo3870","Đe dọa như vậy thì còn lâu mới trúng","11","https://www.youtube.com/watch?v=N2ZXxHrcofQ","0","Điểm nóng quốc tế: Ông Trump dọa mạnh tay với các cá nhân gian lận bầu cử nếu tái đắc cử","comment",,"0"
"@HàMạnh-s3m","Ong trump tuy gia nhung gioi hon ba haris","11","https://www.youtube.com/watch?v=N2ZXxHrcofQ","0","Điểm nóng quốc tế: Ông Trump dọa mạnh tay với các cá nhân gian lận bầu cử nếu tái đắc cử","comment",,"0"
"@VQHvt-ld7kj","Tôi yêu ông trum. Tuyệt vời chúc ngài tổng thống. Có nhiều sức khỏe","11","https://www.youtube.com/watch?v=N2ZXxHrcofQ","0","Điểm nóng quốc tế: Ông Trump dọa mạnh tay với các cá nhân gian lận bầu cử nếu tái đắc cử","comment",,"0"
"@lựcđặng-l8w","Cái miệng hại cái thân","11","https://www.youtube.com/watch?v=N2ZXxHrcofQ","0","Điểm nóng quốc tế: Ông Trump dọa mạnh tay với các cá nhân gian lận bầu cử nếu tái đắc cử","comment",,"1"
"@YenNguyen-kf2ch","Cầu chúc cho ông trum đắt cử tổng thống mỹ","11","https://www.youtube.com/watch?v=N2ZXxHrcofQ","0","Điểm nóng quốc tế: Ông Trump dọa mạnh tay với các cá nhân gian lận bầu cử nếu tái đắc cử","comment",,"0"
"@Kienthucdoisong4.0","Chúc gia đình đạo hữu luôn bình an","7","https://www.youtube.com/watch?v=-WSeyh1NCgk","0","Sấm Truyền Bính Ngọ 2026: Vanga và Trạng Trình Đã Nhìn Thấy ""Thiên Cơ"" Gì Về Vận Mệnh Việt Nam?","reply",,"0"
"@Kienthucdoisong4.0","Chuẩn ❤ chúc bạn thật nhiều sức khoẻ và bình an","7","https://www.youtube.com/watch?v=-WSeyh1NCgk","0","Sấm Truyền Bính Ngọ 2026: Vanga và Trạng Trình Đã Nhìn Thấy ""Thiên Cơ"" Gì Về Vận Mệnh Việt Nam?","reply",,"0"
"@MaiNguyen-dm6mk","Anh Thuyet oi, Ngan yeu mu quang bs T qua roi , bay gio N chi nghe theo  huong dan cua bs T thoi . Anh Thuyet , VAK, Doan Du,...va tat ca chung ta chi con cach , khong de N lam hon thu voi bs T , va chi co  Hung co the ngan chan duoc thoi . Dung nhu Anh Thuyet noi, ngay nao lam hon thu xong , tinh mang cua N rat nguy hiem . Mac du  moi nguoi rat gian N vi su u me nay , nhung chung ta hay bo qua long tu ai , ich ky , cung voi Anh Thuyet , VAK , Doan Du .....bao ve Ngan , hy vong co ngay Ngan se tinh tao ra, thoat duoc kiep nan nay . Xin cam on tat ca , va chuc gia dinh Anh Thuyet , VAK,....quy khan gia duoc binh an hanh phuc  .","133","https://www.youtube.com/watch?v=JmgYtXVFdds","0","A928 - BÁC SĨ TRẦN BỊT MIỆNG 3 CHA CON ÔNG THẦY PHÙ THỦY","comment",,"0"
"@ThịAnhPhạm-i4h","Con Ngân này là loại vô liêm sỉ ,không phải là giống người.","133","https://www.youtube.com/watch?v=JmgYtXVFdds","0","A928 - BÁC SĨ TRẦN BỊT MIỆNG 3 CHA CON ÔNG THẦY PHÙ THỦY","comment",,"0"
"@ThịAnhPhạm-i4h","Miền tây  quê hương của bà còn khổ lắm,sao bà không về làm từ thiện cho quê hương mình,mà lại  đi  bao trai mà lại trai sở khanh.","133","https://www.youtube.com/watch?v=JmgYtXVFdds","0","A928 - BÁC SĨ TRẦN BỊT MIỆNG 3 CHA CON ÔNG THẦY PHÙ THỦY","comment",,"0"
"@Mai19695","Ngân về VN mình cem","133","https://www.youtube.com/watch?v=JmgYtXVFdds","0","A928 - BÁC SĨ TRẦN BỊT MIỆNG 3 CHA CON ÔNG THẦY PHÙ THỦY","comment",,"0"
"@quyam2217","Chào anh Thuyết , mấy hôm nay em bận lên Hà  nội chăm cháu gái em đẻ , vì mẹ cháu đã mất lên em phải lên chăm cháu thay mẹ cháu . Chiều nay em mấy về anh ạ . Em mới xem được 2 tập từ hôm trước thôi , còn các tập khác em chưa xem được . Em có ý kiến gửi cho anh , để kịp mai anh chia xẻ . 
Em không nói là em ủng hộ cuộc tình  của bst lấy Ngân đâu , mà em chỉ thích Ngân lấy Đoàn Dư thôi . Vì Đoàn Dư theo em là ứng cử xuất sắc nhất , như em đã nói ở những tập trước rồi khi em  nói chuyện với bạn Hằng Hoàng đó .  
Thứ nhất . Đoàn Dư còn trẻ tuổi hơn bst , thì sẽ cùng Ngân đi đến hết cuộc đời được . 
Thứ 2 . Đoàn Dư   thông minh nhanh nhẹn , ứng sử mọi việc tốt và là người che trở và bảo vệ cho  Ngân an toàn nhất . 
Thứ 3 . Có điểm cộng mà ít người làm được như Đoàn Dư , mỡ để miệng mèo nhưng Đoàn dư không thèm . Cụ thể là đêm hôn Đoàn Dư ở cùng Ngân . 
Thứ 4 . Nếu Ngân lấy Đoàn Dư , thì Ngân 1 mình 1 ngựa đường rộng Ngân phi . 
Còn Ngân lấy bst em không thích vì . 
Thứ nhất . Bst đã nhiều tuổi  , thế nhỡ bst chết trước Ngân . Thì Ngân thành goá phụ lần 2 . 
Thứ 2 . Bst có lắm vợ nhiều  con     , thì tình cảm vợ chồng bị chung chạ . 
Ngân 
Thứ 3 . Bst có chỉ số IQ cao , có nhiều kế hoạch thì cuộc sống của Ngân  không biết thế nào cả . 
Thứ 4 . Ngân lấy bst thì không khác gì , Ngân cưỡi ngựa đường rộng không đi lại đi vào đường tắc . Tức là chỗ quang không đi , lại quàng vào bụi dậm Ngân đi . 
Nhưng hạnh phúc của Ngân thì Ngân tự quyết định , nên em tôn trọng quyết định của Ngân thôi . Chứ  trong thâm tâm em  chỉ thích Ngân lấy Đoàn Dư , là em ô kê nhất . 
Nên anh Thuyết và 1 số người  , đã hiểu sai về em  .
Nên anh Thuyết và 1 số người hãy  suy nghĩ lại , đó là sai lầm cần phải sửa đổi để có cái nhìn đúng về em . Là em đứng ở giữa 2 phe  , không ủng hộ bst như anh và 1 số người đã nghĩ đâu . Mà em    chỉ ủng hộ cái đúng và lẽ phải , mà em đã nói ở những bình luận trước kia rồi . 
Em có ý kiến vậy thôi . Em xin chúc toàn thể mọi nhà , mọi người  vui vẻ và hạnh phúc .","133","https://www.youtube.com/watch?v=JmgYtXVFdds","0","A928 - BÁC SĨ TRẦN BỊT MIỆNG 3 CHA CON ÔNG THẦY PHÙ THỦY","comment",,"0"
"@ThiLanNguyen-p3f","Ngân ngu xuẩn lắm!Nhe ra ngân không được hỏi lão Tran việc đấy,mà tự đi điều tra ông thầy phu thủy,ngân làm thế khác gì mo đường cho lão Tran chạy,
Cứ nói đến ngân là mình bức xúc tột độ về sự ngu xuẩn,nhé ra ngân không được phép thua hương so tiền lớn vậy!ngan còn như vậy nhiều người xung quanh chết oan rồi đi tu oan với ngân đó!","133","https://www.youtube.com/watch?v=JmgYtXVFdds","0","A928 - BÁC SĨ TRẦN BỊT MIỆNG 3 CHA CON ÔNG THẦY PHÙ THỦY","comment",,"0"
"@ThiLanNguyen-p3f","Anh Thuyết phân tích đúng lắm,nhưng!ngan có tinh tao để ghi nhận lời của anh không mới là ca một vấn đề!","133","https://www.youtube.com/watch?v=JmgYtXVFdds","0","A928 - BÁC SĨ TRẦN BỊT MIỆNG 3 CHA CON ÔNG THẦY PHÙ THỦY","comment",,"1"
"@QuyNguyen-lp3un","trân cao ma moi nguoi đua trân đi boc lich moi nguoi moi yên","133","https://www.youtube.com/watch?v=JmgYtXVFdds","0","A928 - BÁC SĨ TRẦN BỊT MIỆNG 3 CHA CON ÔNG THẦY PHÙ THỦY","comment",,"0"
"@LienPham-xz8wm","Vũ chai thư hay quá và tuyệt vời","133","https://www.youtube.com/watch?v=JmgYtXVFdds","0","A928 - BÁC SĨ TRẦN BỊT MIỆNG 3 CHA CON ÔNG THẦY PHÙ THỦY","comment",,"0"
"@jennytran2578","Gần 1 ngàn tỷ của Ngân thì lão Bạc tha hồ bịt miêng thiên hạ , hôm qua cha con ông thầy phù thủy đòi nợ 30 ngàn nhưng sau đó ông bạc đã đấm mõm họ có khi tới 35 hoặc 40 ngàn thì câm như hến, xoay 180 độ ngay lập tức , Liệu Ngân có hiểu chỉ vài ngàn đã thay đổi 1 con người huống chi gần 1 ngàn tỷ , mê muội lú lẫn đến thế là cùng","133","https://www.youtube.com/watch?v=JmgYtXVFdds","0","A928 - BÁC SĨ TRẦN BỊT MIỆNG 3 CHA CON ÔNG THẦY PHÙ THỦY","comment",,"0"
"@thihuongdao9595","Moi nguoi oi theo toi nghi thang tran suc xinh no ko duoc an thi no se dap do vi no se vao tu mot khi Ong LEE da noi ra het su that thi xom muon gi no se nhap kho thi cuoc doi cua no se cham dut o trong tu nen no se dap do va hai tat ca moi nguoi trong vu nay cho nen moi nguoi phai canh giac that cao do nhe","133","https://www.youtube.com/watch?v=JmgYtXVFdds","0","A928 - BÁC SĨ TRẦN BỊT MIỆNG 3 CHA CON ÔNG THẦY PHÙ THỦY","comment",,"0"
"@minhtamnguyenthi332","Hôm qua ô Tr đã  bịp miệng 3 cha con ô thầy bói rồi.Ko ghi âm bằng chứng thì thua ô Tr mấy bàn thua trông thấy.Còn Ng thì toàn ra tay đỡ đòn cho ô Tr .Trong vụ này Hùng sói và gái 21 chắc chắn đã giúp sức cho ô Tr đưa khối lượng chất cấm để hại ô Luy...mong cs vào cuộc tóm gọm cả ổ .","133","https://www.youtube.com/watch?v=JmgYtXVFdds","0","A928 - BÁC SĨ TRẦN BỊT MIỆNG 3 CHA CON ÔNG THẦY PHÙ THỦY","comment",,"0"
"@tinhhoang5075","Ngân có bị hâm kg nhỉ.. 😂😂","133","https://www.youtube.com/watch?v=JmgYtXVFdds","0","A928 - BÁC SĨ TRẦN BỊT MIỆNG 3 CHA CON ÔNG THẦY PHÙ THỦY","comment",,"0"
"@HuyềnNguyễn-s7m6c","Ông Trần già ơi về mà tổ chức cho trần tran con trai ông thì ông vứt bỏ ngân ơi mở mắt ra đi lão già nó lừa đảo đấy","133","https://www.youtube.com/watch?v=JmgYtXVFdds","0","A928 - BÁC SĨ TRẦN BỊT MIỆNG 3 CHA CON ÔNG THẦY PHÙ THỦY","comment",,"0"
"@QuyetKhong-v7n","Giờ đây điều cơ bản nhất,ba dung và nguyệt đa nghe được câu chuyện của hai con ông thầy phù thủy, chứ một người nói thì cho là đạt điều. . điều cơ bản nhất bản thân bà dung đa nhận biết ra sự thật phũ phàng mà từ trước tới nay bà luôn bảo vệ và tin tưởng.. cuộc sống sự thật bao giờ cũng là sự thật, còn sự gian dối, trước sau cũng lật tẩy mà thôi.. ngày tháng sẽ chứng minh cho sự thật mà không ai có thể bịt mắt mọi người mãi mãi được. . cái kết chưa kết thúc,song câu chuyện đa he mở để mở khóa cho câu chuyện đi đến hồi kết, bởi sự khôn khéo của bác và sự u mê của người con gái như ngân,tuy nhiều tuổi mà vẫn ngây thơ như trẻ trâu","133","https://www.youtube.com/watch?v=JmgYtXVFdds","0","A928 - BÁC SĨ TRẦN BỊT MIỆNG 3 CHA CON ÔNG THẦY PHÙ THỦY","comment",,"0"
"@AnDanhNguoi-jh4vr","Bạn Nguyễn duy hiền nói đúng đấy.sao 0 mỏ camera để xem hình ảnh và nghe lại những lời nói của 2 đứa con ông thầy bói đến nhà ngân đòi tiền của ông trần","133","https://www.youtube.com/watch?v=JmgYtXVFdds","0","A928 - BÁC SĨ TRẦN BỊT MIỆNG 3 CHA CON ÔNG THẦY PHÙ THỦY","comment",,"1"
"@xoandam6271","Nhà ngân nên lăp ca na đa ngầm thì làm sao cũng bắt được tên gián điệp khét tiếng mồm thăngi trằn leo lẻo nư trẻ con ăn bột với ngân","133","https://www.youtube.com/watch?v=JmgYtXVFdds","0","A928 - BÁC SĨ TRẦN BỊT MIỆNG 3 CHA CON ÔNG THẦY PHÙ THỦY","comment",,"0"
"@AnDanhNguoi-jh4vr","Tại sao con bích và 2 đứa con ông phù thủy đến nhà ngân mà nguyệt 0 chụp ảnh, và ghi âm lại để làm chứng?","133","https://www.youtube.com/watch?v=JmgYtXVFdds","0","A928 - BÁC SĨ TRẦN BỊT MIỆNG 3 CHA CON ÔNG THẦY PHÙ THỦY","comment",,"0"
"@lankim2938","Lão già dùng tiền trám vô họng 3 cha con ông phù thủy rồi. Chỉ có 1 mình Ngân u mê ám chướng","133","https://www.youtube.com/watch?v=JmgYtXVFdds","0","A928 - BÁC SĨ TRẦN BỊT MIỆNG 3 CHA CON ÔNG THẦY PHÙ THỦY","comment",,"0"
"@huevubich6472","Thời đại công nghệ mà k biết cách . Ghi quay video mà đối phó với Trần già hoá cáo này  nghe câu chuyện  lão già này  nó lừa cho từ người già người trẻ đã bị  dính  mà k rút được kinh nghiệm  người  ngu muội và người mưu mô thì phải có bằng chứng nhé mọi người❤","133","https://www.youtube.com/watch?v=JmgYtXVFdds","0","A928 - BÁC SĨ TRẦN BỊT MIỆNG 3 CHA CON ÔNG THẦY PHÙ THỦY","comment",,"1"
"@lankim2938","1 cặp Trời sinh trên cộng đồng mạng TRẦN LỲ và NGÂN NGỐ, già hết rồi còn đú đởn","133","https://www.youtube.com/watch?v=JmgYtXVFdds","0","A928 - BÁC SĨ TRẦN BỊT MIỆNG 3 CHA CON ÔNG THẦY PHÙ THỦY","comment",,"0"
"@huevubich6472","Ngân này tôi k thể hiểu em suy nghĩ  được điều gì đúng đắn a mà cứ u mê  k thoáng được cái đầu ra . Trần  cuỗm của ngân gần nghìn tỷ mà vẫn vô tư như k  . Thấy trương mỹ lan chưa rất nhiều tiền cầm của nhà đầu tư  và vốn của mình  . Thế mà bây giờ tay trắng mà còn chịu mứa án cao nhất ngân bảo k so sánh với mỹ lan nhưng  ngân phải hiểu tiền của mình mà cứ dần đội nón ra đi  thì lúc ấy k còn gì  hai bàn tay trắng  thì  ngân có còn được lão già yêu quý k  nhất trên đời k . Ngân k còn loại thuốc  nao  trên thế giới này chữa được  cho ngân đâu  . Giàu có  mà k tự mình  bỏ mồ hôi công sức làm ra thì  có mất hết cũng k sót sa cả nhà ơi  nếu em ruột tôi thì tôi cũng kệ luôn","133","https://www.youtube.com/watch?v=JmgYtXVFdds","0","A928 - BÁC SĨ TRẦN BỊT MIỆNG 3 CHA CON ÔNG THẦY PHÙ THỦY","comment",,"1"
"@lango3053","Bà ngân chưa chết đâu lão già rút hết thì mới chết ,hôm wa ngân đi sn  do lão già ra kế hết ,sơ bà ngân còn ký hết giays tờ  gì đó thì lão già sẻ thu gon hết","133","https://www.youtube.com/watch?v=JmgYtXVFdds","0","A928 - BÁC SĨ TRẦN BỊT MIỆNG 3 CHA CON ÔNG THẦY PHÙ THỦY","comment",,"0"
"@minhnguyenthi341","Già rồi còn sinh nhật phô trương","133","https://www.youtube.com/watch?v=JmgYtXVFdds","0","A928 - BÁC SĨ TRẦN BỊT MIỆNG 3 CHA CON ÔNG THẦY PHÙ THỦY","comment",,"1"
"@lango3053","Lão già đóng kich hay đó chứ có bà ngân ngu mù ko thấy ko nge ai hết thì để cho bà ngân chết theo lão già ,nhửng câu chuyên từ đầu tới giờ  là lão già bày kế hết ,bà ngân vì số tiền lớn ,nên lão già mưu kế sẻ rút hết rồi tay trắng thì mới sáng mắt ra ,rồi lão già xa bay ko tìm lão già ra nửa đâu","133","https://www.youtube.com/watch?v=JmgYtXVFdds","0","A928 - BÁC SĨ TRẦN BỊT MIỆNG 3 CHA CON ÔNG THẦY PHÙ THỦY","comment",,"0"
"@nhanduc676","Ô trần nham hiểm có 1 ko 2 
.Một con quỷ đội lốt người mà ngân ko biết .","133","https://www.youtube.com/watch?v=JmgYtXVFdds","0","A928 - BÁC SĨ TRẦN BỊT MIỆNG 3 CHA CON ÔNG THẦY PHÙ THỦY","comment",,"0"
"@vehoang7626","Bà Dung và Nguyệt khờ khạo quá. Trần cáo già mà không lường trước đã đi sau để uống nước đục rồi.","133","https://www.youtube.com/watch?v=JmgYtXVFdds","0","A928 - BÁC SĨ TRẦN BỊT MIỆNG 3 CHA CON ÔNG THẦY PHÙ THỦY","comment",,"0"
"@vehoang7626","Chú Thuyết ơi sao chú không nói chiếc nhẫn của Trần tặng Ngân chỉ bằng cái bụi bay số tiền của Ngân mà bị Trần cướp thôi. Số tiền của Ngân mua được cả hàng nghìn chiếc nhẫn đó. Ngân dốt ạ.","133","https://www.youtube.com/watch?v=JmgYtXVFdds","0","A928 - BÁC SĨ TRẦN BỊT MIỆNG 3 CHA CON ÔNG THẦY PHÙ THỦY","comment",,"0"
"@thivu1347","Đúng ông Trần là con cáo già cháo trở o thua ai bất kỳ điều gì","133","https://www.youtube.com/watch?v=JmgYtXVFdds","0","A928 - BÁC SĨ TRẦN BỊT MIỆNG 3 CHA CON ÔNG THẦY PHÙ THỦY","comment",,"0"
"@thuyhongtran4307","Anh Thuyết nên khuyên bảo Ngân về Việt Nam làm từ thiện đi anh Thuyết ơi một công đôi việc chỉ có như thế  Ngân mới rời xa đửợc ông Trần thôi anh Thuyết ơi nếu mà Ngân ở mãi bên Can Na Da thì Ngân sẽ ko bao giờ bỏ ông Trần đựợc đâu chị ỳến chị Khanh anh Thuyết ơi","133","https://www.youtube.com/watch?v=JmgYtXVFdds","0","A928 - BÁC SĨ TRẦN BỊT MIỆNG 3 CHA CON ÔNG THẦY PHÙ THỦY","comment",,"0"
"@ucdungnguyen3232","Tổng thống của một siêu cường mà bị IRAN truy sát , sống chui lủi còn ra thế thống gì . Ông ta dần hiểu thế nào là “ thánh chiến “ không phải bây giờ . Những năm tháng cuối đời còn mệt . Bệnh vĩ cuồng rất nguy hiểm . Thích được ca ngợi . Thích là nhân vật trung Tâm . Thích người ta nể sợ thì bây giờ cũng cần xem lại ?","5","https://www.youtube.com/watch?v=CjcFZWHj4N4","0","🔴Nước Mỹ Rung Chuyển: Âm mưu ám sát chấn động - Iran và đấu đá nội bộ cùng lúc bủa vây ông Trump","comment",,"0"
"@thuykuty5125","Nghe các cháu đọc bản tin cô còn sợ hơn nghe tin oánh nhau của Mĩ & Iran. Không hiểu người quản lý kênh này có bao giờ nghe ptv của họ lảm nhảm không nhỉ","5","https://www.youtube.com/watch?v=CjcFZWHj4N4","0","🔴Nước Mỹ Rung Chuyển: Âm mưu ám sát chấn động - Iran và đấu đá nội bộ cùng lúc bủa vây ông Trump","comment",,"0"
"@chuongpham5268","Đọc tin tức gì mà không biết nói tiếng anh, về học lại đi cô ơi, tên của các tiểu bang Mỹ đánh vần sai hết 😂","5","https://www.youtube.com/watch?v=CjcFZWHj4N4","1","🔴Nước Mỹ Rung Chuyển: Âm mưu ám sát chấn động - Iran và đấu đá nội bộ cùng lúc bủa vây ông Trump","comment",,"0"
"@VănsơnNgô-d5u","Lại tìm cách đổ tội cho I Ran","5","https://www.youtube.com/watch?v=CjcFZWHj4N4","0","🔴Nước Mỹ Rung Chuyển: Âm mưu ám sát chấn động - Iran và đấu đá nội bộ cùng lúc bủa vây ông Trump","comment",,"2"
"@hoaitrinh2322","@
CHÚC MỪNG NĂM MỚI

Chúc mừng Phây Hữu gần xa
Đón mùa Xuân mới mọi nhà an vui
Hoa cười thắm nở trên môi
Tình thân sum họp rạng ngời hân hoan

Chúc cho khắp chốn ngập tràn
Vui Xuân trẩy hội chứa chan tình nồng
Một Năm Mới sẽ thành công
Luôn gặp may mắn thỏa mong tháng ngày

Tương lai vút cánh Rồng bay
Tự do Dân Chủ mỗi ngày nâng cao
Nhân quyền Pháp chế dâng trào
Văn minh, tiến bộ Đông Lào sánh vai

Hội nhập xu thế tương lai
Hòa bình hữu nghị khắp nơi toàn cầu.
*
09.02.2024
(Nhằm 30 Tết Giáp Thìn)","91","https://www.youtube.com/watch?v=FKQwgT5d5Uc","0","Đấu đá quyền lực lãnh đạo cấp cao để triệt hạ lẫn nhau, chứ không vì lợi ích quốc gia?","comment",,"0"
"@hoaitrinh2322","Chúc mừng năm mới Diêm Vũ.","91","https://www.youtube.com/watch?v=FKQwgT5d5Uc","0","Đấu đá quyền lực lãnh đạo cấp cao để triệt hạ lẫn nhau, chứ không vì lợi ích quốc gia?","comment",,"0"
"@sinhtran7017","không để tuột lại phía sau mà đưa họ đi xuống hố","91","https://www.youtube.com/watch?v=FKQwgT5d5Uc","0","Đấu đá quyền lực lãnh đạo cấp cao để triệt hạ lẫn nhau, chứ không vì lợi ích quốc gia?","comment",,"0"
"@haidangnguyenphan4681","Việt Nam thà bị một tên độc tài lãnh đạo như Triều Tiên. Gia đình độc tài ăn no thì nó sẽ bớt ăn chứ như Việt Nam tên này ăn no xong tới tên khác lên ăn tiếp. Đất nước sẽ kiệt quệ.","91","https://www.youtube.com/watch?v=FKQwgT5d5Uc","0","Đấu đá quyền lực lãnh đạo cấp cao để triệt hạ lẫn nhau, chứ không vì lợi ích quốc gia?","comment",,"0"
"@ThanhLeTan-pf6fg","Bài viết quá hay!","91","https://www.youtube.com/watch?v=FKQwgT5d5Uc","0","Đấu đá quyền lực lãnh đạo cấp cao để triệt hạ lẫn nhau, chứ không vì lợi ích quốc gia?","comment",,"1"
"@suluongminh9584","Hình ảnh những tên sâu bọ của đất nước đã là cho VN nghèo đói nhất thế giới là đây.","91","https://www.youtube.com/watch?v=FKQwgT5d5Uc","0","Đấu đá quyền lực lãnh đạo cấp cao để triệt hạ lẫn nhau, chứ không vì lợi ích quốc gia?","comment",,"0"
"@PhuongNguyen-dd8bn","NO NO NO","91","https://www.youtube.com/watch?v=FKQwgT5d5Uc","0","Đấu đá quyền lực lãnh đạo cấp cao để triệt hạ lẫn nhau, chứ không vì lợi ích quốc gia?","comment",,"0"
"@uchangocao3694","Hay quá đi","91","https://www.youtube.com/watch?v=FKQwgT5d5Uc","0","Đấu đá quyền lực lãnh đạo cấp cao để triệt hạ lẫn nhau, chứ không vì lợi ích quốc gia?","comment",,"2"
"@chuongphungngoc9714","Ok hay nha","91","https://www.youtube.com/watch?v=FKQwgT5d5Uc","0","Đấu đá quyền lực lãnh đạo cấp cao để triệt hạ lẫn nhau, chứ không vì lợi ích quốc gia?","comment",,"2"
"@thuthaonguyen526","v n cai gi cung xao lao ,.dan ngheo doi quan giau sang","91","https://www.youtube.com/watch?v=FKQwgT5d5Uc","0","Đấu đá quyền lực lãnh đạo cấp cao để triệt hạ lẫn nhau, chứ không vì lợi ích quốc gia?","comment",,"0"
"@NQBaobxl","Cảm ơn Chị Kim Vü 🙏💐","91","https://www.youtube.com/watch?v=FKQwgT5d5Uc","0","Đấu đá quyền lực lãnh đạo cấp cao để triệt hạ lẫn nhau, chứ không vì lợi ích quốc gia?","comment",,"3"
"@nguyenvantrung7695","Chúc kim VŨ có nhiều bài bình luận rất hay?","91","https://www.youtube.com/watch?v=FKQwgT5d5Uc","0","Đấu đá quyền lực lãnh đạo cấp cao để triệt hạ lẫn nhau, chứ không vì lợi ích quốc gia?","comment",,"3"
"@hoakhongten897","Không tác dụng gì cả.
Hãy chuyển đề tài để nói sao cho chính phủ mỹ đoạn tuyệt với tàu cộng và anh em của chúng","91","https://www.youtube.com/watch?v=FKQwgT5d5Uc","0","Đấu đá quyền lực lãnh đạo cấp cao để triệt hạ lẫn nhau, chứ không vì lợi ích quốc gia?","comment",,"1"
"@nguyenminhduc9124","Chính xác !","91","https://www.youtube.com/watch?v=FKQwgT5d5Uc","0","Đấu đá quyền lực lãnh đạo cấp cao để triệt hạ lẫn nhau, chứ không vì lợi ích quốc gia?","comment",,"3"
"@TuyetTran-rp3nf","Lỗi này của ai?","91","https://www.youtube.com/watch?v=FKQwgT5d5Uc","0","Đấu đá quyền lực lãnh đạo cấp cao để triệt hạ lẫn nhau, chứ không vì lợi ích quốc gia?","comment",,"2"
"@mi6318","Những gương mặt ác này đã hạ cánh an toàn trong ấm no","91","https://www.youtube.com/watch?v=FKQwgT5d5Uc","0","Đấu đá quyền lực lãnh đạo cấp cao để triệt hạ lẫn nhau, chứ không vì lợi ích quốc gia?","comment",,"2"
"@Sonanguyen168","Chế độ độc đảng và XHCN là chế độ tham nhũng và vô vét của dân chứ không phải vì dân vì nước.o chế độ như vậy người dân có hỏi ra nước ngoài sinh sống là kg người dân nào bỏ qua cả vì đây là 1 đất nước kg đang sống","91","https://www.youtube.com/watch?v=FKQwgT5d5Uc","0","Đấu đá quyền lực lãnh đạo cấp cao để triệt hạ lẫn nhau, chứ không vì lợi ích quốc gia?","comment",,"0"
"@huannguyen2537","MC Kim Vũ đưa tin trên cả tuyệt vời ❤","91","https://www.youtube.com/watch?v=FKQwgT5d5Uc","0","Đấu đá quyền lực lãnh đạo cấp cao để triệt hạ lẫn nhau, chứ không vì lợi ích quốc gia?","comment",,"3"
"@CuongNguyen-kl2yl","Chắc chắn là chúng triệt hạ lẫn nhau chứ lo gi cho quốc gia","91","https://www.youtube.com/watch?v=FKQwgT5d5Uc","0","Đấu đá quyền lực lãnh đạo cấp cao để triệt hạ lẫn nhau, chứ không vì lợi ích quốc gia?","comment",,"0"
"@moctonvongthehoathuong3062","Quốc phá gia vong
Nhờ ơn đảng
Nước mất nhà tan 
Nhớ cụ Hồ","91","https://www.youtube.com/watch?v=FKQwgT5d5Uc","0","Đấu đá quyền lực lãnh đạo cấp cao để triệt hạ lẫn nhau, chứ không vì lợi ích quốc gia?","comment",,"0"
"@dattoan930","Minh ac qua.uyen lam ngu qua","3","https://www.youtube.com/watch?v=r7A-qzGpVhs","0","Không lối thoát - Tập 23[5]: Minh và Khiêm đấu đá giành vị trí phó giám đốc bệnh viện","comment",,"0"
"@dattoan930","Cho a khiem di","3","https://www.youtube.com/watch?v=r7A-qzGpVhs","0","Không lối thoát - Tập 23[5]: Minh và Khiêm đấu đá giành vị trí phó giám đốc bệnh viện","comment",,"0"
"@PhuongNguyen-jr8jv","Troi phim nguyen cai benh vien lon ma chi co 3 ng bac si","3","https://www.youtube.com/watch?v=r7A-qzGpVhs","0","Không lối thoát - Tập 23[5]: Minh và Khiêm đấu đá giành vị trí phó giám đốc bệnh viện","comment",,"0"
,,"0",,,"Tử vi tuổi Thìn 2026: Thiên Ấn nhập cục mang đến cơ hội thăng tiến |SKĐS","video",,
"@HuongNguyen-p8m7x","❤❤❤","2","https://www.youtube.com/watch?v=pTDFrpL_74k","0","Kỷ Nguyên Vươn Mình: Vận Mệnh Việt Nam Đang Ở ""Điểm Giao"" Định Mệnh?","comment",,"0"
"@HóaÔng-y5r","C.phủ.phải.có.c.sách..hỗ.
Trơ.cho.các.d.n.nhỏ.và.vừa
D.n.công.nghệ.phát.triển.
Nâng.cao.mưc.sống.đời
Sống.đại.đa.số.n.dân.để
Thế.hệ.trẻ.vươn.lên̈.nắm
Đươc.công.nghệ.cao.cn
Côt.lõi..nâng.cso.k.năn̈g
Tự.lực.tự.cường.có.được
Thương.hiệu.cạnh.tranh
Với.thế.giới.ko.còn.là.kẻ
Lám.thuê.ngay.trên.đất
Nước.mình.","2","https://www.youtube.com/watch?v=pTDFrpL_74k","0","Kỷ Nguyên Vươn Mình: Vận Mệnh Việt Nam Đang Ở ""Điểm Giao"" Định Mệnh?","comment",,"0"
"@DetaChinh","Dài dòng.","3","https://www.youtube.com/watch?v=dv5v0GJdwdk","0","Sấm Trạng Trình Năm 2026: Lửa Cháy Nam Quốc, Nước Ngập Bắc Thành Có Thật Sự Ứng Nghiệm? | LỐI XƯA","comment",,"0"
"@LựuNguyễn-q2t","Táolao quá  hết  năm nấu năm.khác 😅","3","https://www.youtube.com/watch?v=dv5v0GJdwdk","1","Sấm Trạng Trình Năm 2026: Lửa Cháy Nam Quốc, Nước Ngập Bắc Thành Có Thật Sự Ứng Nghiệm? | LỐI XƯA","comment",,"1"
"@thuykuty5125","Tiếng Việt còn chưa sõi nữa","5","https://www.youtube.com/watch?v=CjcFZWHj4N4","0","🔴Nước Mỹ Rung Chuyển: Âm mưu ám sát chấn động - Iran và đấu đá nội bộ cùng lúc bủa vây ông Trump","reply",,"0"
"@BaoSuckhoedoisongboyte","ĐBQH đề nghị quản lý ‘dạy thêm, học thêm’, Bộ Giáo dục chủ trương không cấm | SKĐS	https://youtu.be/iBqP_JJrV2I","4","https://www.youtube.com/watch?v=94DsiEUEk78","0","Lá đơn tố cáo khiến hàng loạt cán bộ cấp cao ‘nhúng chàm’ trong vụ Xuyên Việt Oil | SKĐS","comment",,"0"
"@DanTran-s2b","Thọ ơi biết lúc nào về để chơi gôn nữa","4","https://www.youtube.com/watch?v=94DsiEUEk78","0","Lá đơn tố cáo khiến hàng loạt cán bộ cấp cao ‘nhúng chàm’ trong vụ Xuyên Việt Oil | SKĐS","comment",,"0"
"@QuangLaXuan","Tay  Thọ   Bí  thư  Tỉnh  ủy ăn  tham  quá!!!","4","https://www.youtube.com/watch?v=94DsiEUEk78","0","Lá đơn tố cáo khiến hàng loạt cán bộ cấp cao ‘nhúng chàm’ trong vụ Xuyên Việt Oil | SKĐS","comment",,"0"
"@thuytruong8709","Tiền tài địa vị làm cho ta không còn đạo đức của con người nữa .đời cha ông tạo dựng đến đời các con phá nát hết làm sau còn lòng tin...","4","https://www.youtube.com/watch?v=94DsiEUEk78","0","Lá đơn tố cáo khiến hàng loạt cán bộ cấp cao ‘nhúng chàm’ trong vụ Xuyên Việt Oil | SKĐS","comment",,"0"
"@ThiệpNguyễn-u2p","Thông mình trí tuệ có sẵn kinh dịch lý số trong tay Trạng Trình","26","https://www.youtube.com/watch?v=ptMN-c6MKQE","0","SỰ THẬT Sấm Trạng Trình : Kinh Hoàng Vận Mệnh Việt Nam","comment",,"1"
"@thidungchu237","Rất ý nghĩa","26","https://www.youtube.com/watch?v=ptMN-c6MKQE","0","SỰ THẬT Sấm Trạng Trình : Kinh Hoàng Vận Mệnh Việt Nam","comment",,"1"
"@thihadinh6702","Nam mô A Di Đà Phật
Tiên tri đã ứng nghiệm","26","https://www.youtube.com/watch?v=ptMN-c6MKQE","0","SỰ THẬT Sấm Trạng Trình : Kinh Hoàng Vận Mệnh Việt Nam","comment",,"1"
"@Quangluen","Kich ban cho nhan loai.","26","https://www.youtube.com/watch?v=ptMN-c6MKQE","0","SỰ THẬT Sấm Trạng Trình : Kinh Hoàng Vận Mệnh Việt Nam","comment",,"1"
"@BeingMaleeka","Vạn sự tuỳ duyên. Vạn duyên do tâm tạo.","26","https://www.youtube.com/watch?v=ptMN-c6MKQE","0","SỰ THẬT Sấm Trạng Trình : Kinh Hoàng Vận Mệnh Việt Nam","comment",,"2"
"@thanhtungnguyen-k3o4n","Hay quá. ❤ cảm ơn chủ thớt","26","https://www.youtube.com/watch?v=ptMN-c6MKQE","0","SỰ THẬT Sấm Trạng Trình : Kinh Hoàng Vận Mệnh Việt Nam","comment",,"1"
"@igxitcitciyc","hoành sơn nhất đái khả dĩ dung thân, sau này người nhà Nguyễn sửa lại thành hoành sơn nhất đái vạn đại dung thân","26","https://www.youtube.com/watch?v=ptMN-c6MKQE","0","SỰ THẬT Sấm Trạng Trình : Kinh Hoàng Vận Mệnh Việt Nam","comment",,"6"
"@dungviet5214","Sấm trạng Trình về nhà Nguyễn và nhà Mạc toàn do nhà Nguyễn nhà Mạc bốc phét ra.😊","26","https://www.youtube.com/watch?v=ptMN-c6MKQE","3","SỰ THẬT Sấm Trạng Trình : Kinh Hoàng Vận Mệnh Việt Nam","comment",,"5"
"@ngocdac","Tác giả diễn giải sấm Trạng Trình theo ý nghĩa rất hay và minh triết, đúng với cốt cách và tầm vóc vượt thời gian của Cụ , người nghe cảm ơn vì sáng rõ hơn lời sấm chính thống của Cụ Trạng ❤❤","26","https://www.youtube.com/watch?v=ptMN-c6MKQE","0","SỰ THẬT Sấm Trạng Trình : Kinh Hoàng Vận Mệnh Việt Nam","comment",,"15"
"@HungTran-zh3pd","Vịêt Nam con cháu Ląc Höng
Muôn năm vinh hiën Tiên Röng Thiën ân
Di Ðà linh tuyën Hùynh Nhân
Di Ląc xuät thë xoay vän Nam Phương
Làm cho thë giõí an khương
Muôn loài chung hüơng thiên đüơng thë gian
Phât Tiên Thän Thánh Nhân khang
Long Hoa Ðąi Hôị Nam bang 
 trüơng tön","26","https://www.youtube.com/watch?v=ptMN-c6MKQE","0","SỰ THẬT Sấm Trạng Trình : Kinh Hoàng Vận Mệnh Việt Nam","comment",,"3"
"@Tamdalaninaha","Ad anh có thể làm lịch sử về y học dân tộc. Về trích lễ đk không anh. E làm bên đó. Thấy trị đk rất nhiều bệnh.
Bản thân bị bệnh.lễ 1 lần hết tới giơd
Tìm tài liệu về yh của dân tộc nhưng ko có tài liệu nào nói cả. Hay gọi là y học dân gian","26","https://www.youtube.com/watch?v=ptMN-c6MKQE","2","SỰ THẬT Sấm Trạng Trình : Kinh Hoàng Vận Mệnh Việt Nam","comment",,"9"
"@vantungnguyen8293","Việt Nam bây giờ đứng trước nguy cơ già trước khi giàu . Trong vòng 30 năm tới không bứt phá được thì xác định ra khỏi con đường tiến lên văn minh .Ra ngoài thế giới thì nó ghi biển bằng Tiếng Việt "" ở đây có camera giám sát đừng ăn cắp "". Nên chuyện "" Bảo Sơn thiên tử xuất , bất chiến tự nhiên thành "" không ứng vào thời đại này.","26","https://www.youtube.com/watch?v=ptMN-c6MKQE","0","SỰ THẬT Sấm Trạng Trình : Kinh Hoàng Vận Mệnh Việt Nam","comment",,"4"
"@thuancan1800","Sấm Trạng Trình tính toán ứng nghiệm bằng con số. Tiên tri Họ tên của Bác Hồ là Hồ Chí Minh, Họ tên của Đại Tướng Võ Nguyên Giáp, Họ tên của TBT-NCTN Nguyễn Phú Trọng. Thời gian và nơi mất của Bác Hồ và tiên tri cả bệnh TBT-NCTN Nguyễn Phú Trọng, năm mất,…, đã được giải luận và chờ ứng nghiệm các sự kiện quan trọng trong thời gian gần 20 năm nay. Ví dụ con số diệu kỳ Lục Thất là 67, 67+7+6=80 là dương thọ của TBT-NCTN Nguyễn Phú Trọng, … còn nhiều sự kiện 67 khác.
Còn rất nhiều. 
Cụ Trạng là tiên tri chính xác tuyệt đối các sự thật sẽ có chứ tất cả không có bất kỳ một sự mê tín dị đoan. Cụ tiên tri bằng chiêm tinh, chiêm quái, Kinh Dịch, Thái Ất, bằng những tri thức mà khoa học vật chứng nay không cùng hệ quy chiếu để hiểu.","26","https://www.youtube.com/watch?v=ptMN-c6MKQE","1","SỰ THẬT Sấm Trạng Trình : Kinh Hoàng Vận Mệnh Việt Nam","comment",,"5"
"@Tamdalaninaha","Kinh dịch rất hay.","26","https://www.youtube.com/watch?v=ptMN-c6MKQE","0","SỰ THẬT Sấm Trạng Trình : Kinh Hoàng Vận Mệnh Việt Nam","comment",,"3"
"@ThuyNgoThi-um1dg","🎉","26","https://www.youtube.com/watch?v=ptMN-c6MKQE","0","SỰ THẬT Sấm Trạng Trình : Kinh Hoàng Vận Mệnh Việt Nam","comment",,"2"
"@Andy-u1j5w","Cảm ơn vì câu chuyện ❤❤❤❤ rất hay😊","26","https://www.youtube.com/watch?v=ptMN-c6MKQE","0","SỰ THẬT Sấm Trạng Trình : Kinh Hoàng Vận Mệnh Việt Nam","comment",,"8"
"@thaonhi.trannguyen9318","rất thích nghe kênh của bạn, mở mang kiến thức và thêm yêu đất nước mình","26","https://www.youtube.com/watch?v=ptMN-c6MKQE","1","SỰ THẬT Sấm Trạng Trình : Kinh Hoàng Vận Mệnh Việt Nam","comment",,"8"
"@kienhoangtrung2836","rất hay và ý nghĩa","26","https://www.youtube.com/watch?v=ptMN-c6MKQE","1","SỰ THẬT Sấm Trạng Trình : Kinh Hoàng Vận Mệnh Việt Nam","comment",,"4"
"@gomohaygogoole","Bạn nghĩ sao về lời Anand tiên tri?
Liệu năm 2026 Việt Nam có thật sự trở thành ‘Trái Tim Châu Á’ như dự đoán? 🇻🇳

Hãy để lại suy nghĩ của bạn bên dưới 👇
👉 Đừng quên Đăng ký kênh để xem thêm nhiều tiên tri huyền bí và phân tích về Việt Nam 2026.

#AnandTiênTri #TráiTimChâuÁ #ViệtNam2026","9","https://www.youtube.com/watch?v=Dnoimkd4EIM","0","Anand tiên tri: Vì sao Việt Nam trở thành ‘Trái Tim Châu Á’ năm 2026?","comment",,"0"
"@phuocang321","Theo như lời sấm của trạng trình, thế giới trở lại thời kỳ đồ đá, còn sót lại Việt Nam 👄🇻🇳🌟🙏","9","https://www.youtube.com/watch?v=Dnoimkd4EIM","1","Anand tiên tri: Vì sao Việt Nam trở thành ‘Trái Tim Châu Á’ năm 2026?","comment",,"0"
"@ThiLienNguyen-lt4iq","I hồn thiêng sông núi vong linh các anh hùng LS đa đưa VN rang danh toa sang o Đông Nam Á thật tu hào mọi người được là công dân VN","9","https://www.youtube.com/watch?v=Dnoimkd4EIM","1","Anand tiên tri: Vì sao Việt Nam trở thành ‘Trái Tim Châu Á’ năm 2026?","comment",,"0"
"@khali7519","Mình rất ( TINH vào điều đó  )","9","https://www.youtube.com/watch?v=Dnoimkd4EIM","1","Anand tiên tri: Vì sao Việt Nam trở thành ‘Trái Tim Châu Á’ năm 2026?","comment",,"0"
"@structuresschool2144","Nói phét.
_ Đảng ta nhồi sọ toàn dân toàn quân cái nguyên lý nói dối triệt để phủ định của phủ định là vô sản hóa toàn dân tộc làm nô lệ cho bầy kền kền cộng sản, không có gì để so sánh với người ta hết. Thằng cu ad nói chuyện xàm mãi lờ, dân ta chỉ thích chuyện hài xàm, cu ráng mà diễn nha 🎉","9","https://www.youtube.com/watch?v=Dnoimkd4EIM","1","Anand tiên tri: Vì sao Việt Nam trở thành ‘Trái Tim Châu Á’ năm 2026?","comment",,"0"
"@trongnamtran8085","1. Riêng nói Võ Văn Thưởng con Võ Trọng Chí nguyên Bí thư SG là hồ đồ.
- Không có ai bí thư Sài Gòn tên là Võ Trọng Chí mà chỉ có Võ Trần Chí.
- Ông Thưởng không phải con ông Võ Trần Chí.
2. Nói ông Võ Văn Thưởng gần gũi ông Trọng hơn ông Đinh Thế Huynh cũng hồ đồ luôn","56","https://www.youtube.com/watch?v=Wmd7ipB5KcY","0","Đấu đá nội bộ trong cung đình CSVN: Thượng bất chính, hạ tất loạn!","comment",,"0"
"@linho8643","Lũ chạy té đái nầy cứ mong người V.N đói rách, xin thưa dân V.N chúng tôi chưa giàu, như ko ai đói..Hàng năm VN là xuất khẩu hàng chục triệu tấn gạo, Cafe, hạt điều..Top đầu T.G..Hải sản cũng thuộc tốp đầu..Lũ bay yên tâm đi V.N sẽ giàu ko xa đâu.","56","https://www.youtube.com/watch?v=Wmd7ipB5KcY","0","Đấu đá nội bộ trong cung đình CSVN: Thượng bất chính, hạ tất loạn!","comment",,"0"
"@tienledinh6758","The evidence shows that behind Mrs Lan, there is a boss who is very sophisticated in directing fraud and has an understanding of how to circumvent the law that is superior to the capacity of SCB bank staff.
Combined with the help of state employees taking bribes, the huge conspiracy to steal people's money over 10 years is a serious crime.  The criminal acts of the 85 defendants are immoral and need to be removed from society and the people's sweat savings recovered.
It is difficult to recover enough to return 42,000 people.
Therefore, the Court must judge the crime with the highest and most impartial sentence to answer to the people and protect the rights of 42,000 victims.","56","https://www.youtube.com/watch?v=Wmd7ipB5KcY","0","Đấu đá nội bộ trong cung đình CSVN: Thượng bất chính, hạ tất loạn!","comment",,"0"
"@ThienLe-ds6dp","Tất cả màng kịch","56","https://www.youtube.com/watch?v=Wmd7ipB5KcY","0","Đấu đá nội bộ trong cung đình CSVN: Thượng bất chính, hạ tất loạn!","comment",,"0"
"@ThienLe-ds6dp","Làm gì có chuyện bỏ phiếu để lấy ý kiến ở  bct có biết gì cq vn mà luận 18 hay 19","56","https://www.youtube.com/watch?v=Wmd7ipB5KcY","0","Đấu đá nội bộ trong cung đình CSVN: Thượng bất chính, hạ tất loạn!","comment",,"0"
"@mrdaja02021","Chán quá Nguyen Xuân Nam cứ ngủ gục hoài. !!!!!!!!","56","https://www.youtube.com/watch?v=Wmd7ipB5KcY","0","Đấu đá nội bộ trong cung đình CSVN: Thượng bất chính, hạ tất loạn!","comment",,"0"
"@mrdaja02021","Võ văn Thưởng mời Vua và Hoàng hậu Hoà Lan , ko phải Putin","56","https://www.youtube.com/watch?v=Wmd7ipB5KcY","0","Đấu đá nội bộ trong cung đình CSVN: Thượng bất chính, hạ tất loạn!","comment",,"0"
"@bachcongcong7531","🥰🥰🥰🥰😍😍😍😍","56","https://www.youtube.com/watch?v=Wmd7ipB5KcY","0","Đấu đá nội bộ trong cung đình CSVN: Thượng bất chính, hạ tất loạn!","comment",,"2"
"@trannguyenthi8327","Hay thay VIET NAM DANG CO ANH SANG CUOI DUONG HAM DUOC TOA AN MOI TRUONG QUOC TE TAI MY PHAN QUYET NGAY 14/4_2021 QUA AN LINH ENC 201215 CHU NO TAU CONG TAP CAN BINH 38 NGAN TY MY KIM BI PHAT 8/100 SAU MOI BA THANG CHUA CO TIEN TRA VA 1_NGUYEN PHU TRONG 2_TO LAM 3 PHAM MINH CHINH 4_VO VAN THUONG 5_VUONG DINH HUE VOI 1TRIEU DANG VIEN LIEN CAN MOI TEN DEU NO TONG THONG DAO MINH QUAN 20 TY MY KIM CUNG BI TANG 8/100 SAU MOI BA THANG CHUA CO TIEN TRA 
DAY LA KHOANG TIEN KHONG LO GIUP VIET NAM DEN ON NUOC MY VE TIEN TAU CONG DAU TU TREN NUOC MY GIUP MY KHOI TRA NO BANG TIEN CUA NUOC MY CON DU THI TANG CHO 100 TRIEU DAN DA THAM GIA CHINH PHU QUOC GIA  DE TAM VNCH  MOI NGUOI DAN CUA DE TAM VNCH  SE DUOC 100 NGAN MY KIM
THONG TIN NAY CO CAN THIET CHO QUOC NOI THOAT TAU THOZT CONG CO 100 NGAN D MY KIM CO MOT DOI SONG TU BAN KHI DE TAM VNCH TRO VE  KHONG DONG TIEN HOC PHI KHONG DONG TIEN BINH VIEN DUOC HOC MIEN PHI SAU 18 NAM NGUOI VIET DUOC SINH RA KE TU CO TONG THONG DAO MINH QUAN HOI HUONG MOI CHAU PHAI NANG 80 KG VA PHAI CAO 1MET8 HANH PHUC VOI THOI THUONG NGUON THANH DUC
CHI CAN KY TEN DAP MAT HO CHI MINH VA MAO TRACH DONG  THAM GIA CHINH PHU QUOC GIA DE TAM VNCH VA UNG HO TONG THONG DAO MINH QUAN DE DUOC BAO VE  VA TU DO TREN CHINH QUE HUONG MINH 
DUNG LA VUOT BIEN MIEN PHI DUOC DOI SONG TU BAN TREN CHINH QUE TA
TAT CA LA SU THAT KHONG PHAI LA UOC MO KINH MUNG CHO QUOC NOI MO PHAT
DEN NAY GAN BUOI KHOA TRANG 
MINH QUAN XUAT THE KHAP DANG THANH THOI
VIET NAM DAT THANH TROI THANH 
BAO NAM XAY DAP MOI THANH QUOC GIA 
DAN TOC NHU RUOT NHU RA 
CHE DO NHU  AO COI RA LA ROI
CONG NO CUNG PHAI TAN DOI MA THOI
VA PHAI BI PHA SAN TRUOC KHI TAN RA
QUY VUONG QUY MOP KHONG CAN XIENG GONG 
VIET NAM CHU NO TAU CONG TAP CAN BINH VA CONG SAN VIET NAM KHONG CAN DOI  NO VI BON NAY DA DUA TIEN SANG MY DU DONG LANH DE TRU NO 
LOA LOA LOA ❤❤❤❤❤ 
VIETNAM CONG HOA MUON NAM 
DA DAO CONG SAN ❤❤❤","56","https://www.youtube.com/watch?v=Wmd7ipB5KcY","0","Đấu đá nội bộ trong cung đình CSVN: Thượng bất chính, hạ tất loạn!","comment",,"1"
"@trannguyenthi8327","VIET NAM CONG KHAI VUOT BIEN CHINH THUC HOP PHAP HANG NGAY QUA NHIEU HINH THUC MA QUY VI❤❤","56","https://www.youtube.com/watch?v=Wmd7ipB5KcY","0","Đấu đá nội bộ trong cung đình CSVN: Thượng bất chính, hạ tất loạn!","comment",,"3"
"@trannguyenthi8327","Kinh mong thong tin ve su phan quyet cua TOA AN  MOI TRUONG QUOC TE TAI MY VE CSVN VA TAU CONG TAP CAN BINH  BI THIEU THONG DAO MINH QUAN DE TAM VNCH VI DAY LA DIEU MAY MAN DUY NHUT GIUP VIET NAM THOAT TAU THOAT CONG DUOC TU DO SAU GAN 80 NAM CUA MIEN BAC VA GAN 50 CUA MIEN NAM DA PHAI KHO NHUC VA LAC HAU VI CONG SAN MAN RO 
KINH CAM ON A❤❤❤❤","56","https://www.youtube.com/watch?v=Wmd7ipB5KcY","0","Đấu đá nội bộ trong cung đình CSVN: Thượng bất chính, hạ tất loạn!","comment",,"1"
"@trannguyenthi8327","Kinh mong tim hieu dum xem ngay 14/4/2021 Toa an MOI TRUONG QUOC TE TAI MY PHAN QUYET AN LINH ENC 201215 TONG THONG DAO MINH QUAN DE TAM VNCH  duoc thang kien tau cong Tap Can Binh 38 ngan ty my kim them sau moi ba thang bi tang 8/100 sau moi ba thang chua co tien tra va toa an MOI TRUONG QUOC TE TAI MY UY NHIEM TONG THONG DAO MINH QUAN DE TAM VNCH LA GIAM DOC CANH SAT MOI TRUONG QUOC TE CO QUYEN TRUY LUNG VA TICH THAU TAI SAN CUA BON PHAM PHAP NAY NGAY TREN CAC VUNG DAT CON CONG SAN 
VA 1_NGUYEN PHU TRONG 2_TO LAM 3 PHAM MINH CHINH 4_VO VAN THUONG 5_VUONG DINH HUE VA 1TRIEU DANG VIEN LIEN CAN MOI TEN DEU NO TONG THONG DAO MINH QUAN 20 NGAN TY MY KIM CUNG BI TANG 8/100 KE TU NGAY BI PHAN QUYET 
KINH CAM ON HAI THAY DIEU TRA DUM SU KIEN NAY CHO MOI NGUOI VUI MUNG A
TRAN TRONG 
NGOC NGUYEN","56","https://www.youtube.com/watch?v=Wmd7ipB5KcY","0","Đấu đá nội bộ trong cung đình CSVN: Thượng bất chính, hạ tất loạn!","comment",,"1"
"@LarryHuynh-uc5rp","Võ Văn Thưởng là  cháu ngoại Võ  
Văn Kiệt. Anh Minh xem lại.","56","https://www.youtube.com/watch?v=Wmd7ipB5KcY","1","Đấu đá nội bộ trong cung đình CSVN: Thượng bất chính, hạ tất loạn!","comment",,"0"
"@dungdinh3289","Tứ trụ tay ai cũng nhúng chàm,
Cung đình đấu đá vẫn còn đang.
Kẻ nào kém lực phải thua cuộc,
Tham nhủng bài trừ càng bất kham .","56","https://www.youtube.com/watch?v=Wmd7ipB5KcY","0","Đấu đá nội bộ trong cung đình CSVN: Thượng bất chính, hạ tất loạn!","comment",,"3"
"@bachai1553","Chào hai Vị ! Chúc mạnh khỏe 💪 
Lúc đầu thấy anh Nam vậy, tôi hơi ngại… nhưng khi biết Anh đang bị bệnh, tôi thấy phục và cảm mến Anh nhiều…","56","https://www.youtube.com/watch?v=Wmd7ipB5KcY","0","Đấu đá nội bộ trong cung đình CSVN: Thượng bất chính, hạ tất loạn!","comment",,"10"
"@danle1324","Chống tham nhũng thì ai nhúng chàm sẽ bị loại ra khỏi là đúng chư có gì mà khủng hoảng. Đổ Thông Minh bình luận mà không biết rõ mà nói càn. Võ Trần Chí thì nói võ trọng chí. Mình là người lú lẫn mà đi nói người khác không thấy xấu hỗ hả.","56","https://www.youtube.com/watch?v=Wmd7ipB5KcY","0","Đấu đá nội bộ trong cung đình CSVN: Thượng bất chính, hạ tất loạn!","comment",,"0"
"@halang88","Vượt biên bằng đường ... Đảng:face-green-smiling::face-turquoise-covering-eyes:🤑🥵
Có hai loại vượt biên, bằng đường bộ và bằng đường biển. 
Ngày nay một số người vượt biên theo cách thứ ba: bằng đường Đảng.
Người chọn vượt biên bằng đường Đảng xem ra có khác với hai loại trên mặc dù mục đích vẫn là trốn chạy chế độ. Họ là những người thừa tiền và quyền lực. Họ là những người được Đảng bồi đắp và cho hưởng nhiều đặc quyền đặc lợi.
Họ là Đại biểu quốc hội Nguyễn Thị Nguyệt Hường vượt biên sang Malta,
 là Hồ Thị Kim Thoa thứ trưởng Bộ Công thương vượt biên và biến mất tại Châu Âu,
 là Võ Kim Cự bay sang Canada sau khi tàn phá Vũng Án, 
rồi mới đây nhất là ba nhân vật được cơ quan truyền thông Al Jazeera của Qatar công khai hồ sơ vượt biên sang Cyprus và được cấp quốc tịch của đảo quốc này gồm ba người: Thứ nhất là Phạm Nhật Vũ, em ruột tỷ phú giàu nhất VN Phạm Nhật Vượng, cùng với hai vợ chồng Nguyễn Phan Diệu Phương và Phạm Phú Quốc. 
Vũ đang bị giam giữ 3 năm với mức án đưa hối lộ, 
Phạm Phú Quốc thì đang là đương kim Đại biểu quốc hội thuộc đơn vị tp HCM. Vì là thành viên của quốc hội nên Quốc bị dư luận soi từng hành vi trong quá khứ và lý do khiến y phải vượt biên sang Cyprus bị cho là đang chuẩn bị chạy trốn vì vụ Thủ Thiêm.
Báo chí nhấn mạnh tới nhân thân của Quốc là một doanh nhân và vài tờ báo không nhắc gì tới chức danh ĐBQH của ông ta. Theo tiết lộ của nhà báo Lưu Trọng Văn thì Quốc từng là tổng giám đốc các công ty nhà nước hàng đầu ở Sài Gòn như Tổng công ty Bến Thành, Tổng công ty Đầu tư Tài chính Nhà nước Tp.HCM (HFIC) nhưng bị cho ngồi chơi xơi nước nhiều năm do dính chuyện ăn chia trong các vụ bán đất nhà nước cho Vạn Thịnh Phát dẫn đến Quốc chán nản xin thôi việc. Đó chính là lý do Quốc cùng vợ con bàn tính ra đi.

Quốc được Đảng “hiệp thương” cho ra ứng cử quốc hội ở quận 5, quận 10 và 11, là những quận có đông người Hoa làm ăn sinh sống. Phó Viện trưởng Viện Nghiên cứu Phát triển của thành phố chỉ là ghế bình phong của Quốc, công việc chính là kinh doanh tài chính cho đảng, ngồi ghế Tổng Giám đốc công ty đầu tư tài chính HFIC của Thành phố. Từ tháng 12/2019, Quốc lại được bổ nhiệm giữ chức Tổng giám đốc Công ty Tân Thuận (IPC) nắm trong tay khối tài sản nhà nước khổng lồ.

Quốc có khả năng dính líu tới vụ Thủ Thiêm khi ngồi ghế TGĐ các công ty sử dụng tiền công quỹ tiêu tốn hàng chục ngàn tỷ đồng vào các dự án tái định cư của khu đô thị Thủ Thiêm.
Phạm Phú Quốc không phải là doanh nhân đơn thuần như Phạm Nhật Vũ mặc dù phía sau Vũ là Phạm Nhật Vượng, người được Đảng công khai ủng hộ bằng mọi thứ mà Đảng có. Phạm Phú Quốc được Đảng nắm tay dẫn di từng bước một cho tới khi tiến tới quyền lực nắm giữ và toàn quyền tiêu phí tiền bạc của công quỹ. Đảng đã cho phép Quốc mang đồng tiền kiếm được từ móc ngoặc để mua chiếc vé vượt biên sang Cyprus một cách hợp pháp mặc dù vẫn phải ra đi trong lén lút.👽

Vượt biên bằng đường Đảng là con đường mà hàng triệu đảng viên mơ ước. Tuy nhiên có một trở ngại nho nhỏ là con đường này không thể áp dụng cho Mỹ vì chính quyền này quá giàu có để từ chối mọi hành vi đút lót, mua chuộc vốn quen thuộc với các nước cộng sản. Vượt biên bằng đường Đảng tuy ít người tham gia nhưng mỗi lần tham gia là đất nước lại khuyết đi một số tiền rất lớn có thể dùng cho các mục đích an sinh xã hội.🤬
Hai triệu rưỡi đô la 🤑mà Đai biểu Quốc hội Phạm Phú Quốc trả cho cuốn hộ chiếu và quốc tịch Cyprus làm người dân xót xa bao nhiên thì lại là chất xúc tác không hề nhỏ cho đảng viên Đảng cộng sản Việt Nam khiến họ nặn óc nghĩ ra cách làm tiền cho nhanh để vượt biên bằng đường Đảng.🤑🤑🤑

Tác giả : Cánh Cò	Nguồn: rfavietnam	Ngày đăng: 2020-08-28https://www.youtube.com/s/gaming/emoji/7ff574f2/emoji_u1f975.png","56","https://www.youtube.com/watch?v=Wmd7ipB5KcY","0","Đấu đá nội bộ trong cung đình CSVN: Thượng bất chính, hạ tất loạn!","comment",,"3"
"@ngabui9324","Anh Nam het ngu lai an. Xin dung xuat hien nua, thay nguoi khac di","56","https://www.youtube.com/watch?v=Wmd7ipB5KcY","1","Đấu đá nội bộ trong cung đình CSVN: Thượng bất chính, hạ tất loạn!","comment",,"0"
"@ngabui9324","Anh Nam ngu say qua 😂😂","56","https://www.youtube.com/watch?v=Wmd7ipB5KcY","0","Đấu đá nội bộ trong cung đình CSVN: Thượng bất chính, hạ tất loạn!","comment",,"1"
"@DOANNguyen-x5x","Ông NAM nghĩ thế nào khi xuất hiện trên đài mà lại ngủ  ông NAM ? Xin cám ơn nhiều ông","56","https://www.youtube.com/watch?v=Wmd7ipB5KcY","0","Đấu đá nội bộ trong cung đình CSVN: Thượng bất chính, hạ tất loạn!","comment",,"2"
"@HoaHue-h9r","❤ Nam mô a Di Đà Phật cảm ơn kênh","27","https://www.youtube.com/watch?v=iN_dWfwFa_k","1","Lời Tiên Tri 500 Năm Ứng Nghiệm Vận Mệnh Việt Nam, Rồng Lửa Thức Giấc Hay Đại Họa Bắt Đầu?","comment",,"1"
"@hongphucnguyen4453","Nam Mô A Di Đà Phật 
Nam Mô A Di Đà Phật 
Nam Mô A Di Đà Phật","27","https://www.youtube.com/watch?v=iN_dWfwFa_k","0","Lời Tiên Tri 500 Năm Ứng Nghiệm Vận Mệnh Việt Nam, Rồng Lửa Thức Giấc Hay Đại Họa Bắt Đầu?","comment",,"1"
"@NguyễnVi-b2q","Tôi rất tự hào là một số VN cảm ơn chương trình đã giải mã cho đất nước","27","https://www.youtube.com/watch?v=iN_dWfwFa_k","0","Lời Tiên Tri 500 Năm Ứng Nghiệm Vận Mệnh Việt Nam, Rồng Lửa Thức Giấc Hay Đại Họa Bắt Đầu?","comment",,"0"
"@achilles-ilove","Đường lối ngoại giao của chủ tịch HCM quá vĩ đại tầm nhìn 1000 năm  ❤❤❤ làm bạn bè với 5 châu . Nhờ vậy vn mới có hòa bình để ổn định phát triển kinh tế .  Các lãnh đạo vn phải làm theo lời bác 😊 ko nghe lời kẻ thù phương Bắc để hủy hoại đất nước .","27","https://www.youtube.com/watch?v=iN_dWfwFa_k","0","Lời Tiên Tri 500 Năm Ứng Nghiệm Vận Mệnh Việt Nam, Rồng Lửa Thức Giấc Hay Đại Họa Bắt Đầu?","comment",,"0"
"@NganHoang-l6j","Sau bão giông là trời quang mây tạnh. Mong cho Nước Việt mãi thanh bình, Dân Việt được ấm no, hạnh phúc không chỉ bằng khẩu hiệu. Mong cho những người thực sự có đủ Tâm, Tầm, Tài Đức điều hành đất nước để Rồng Việt bay cao. A Di Đà Phật.","27","https://www.youtube.com/watch?v=iN_dWfwFa_k","0","Lời Tiên Tri 500 Năm Ứng Nghiệm Vận Mệnh Việt Nam, Rồng Lửa Thức Giấc Hay Đại Họa Bắt Đầu?","comment",,"1"
"@HshshshHđhh-k5k","NDC ❤❤ DUC CHUA TROI TRAI TIM ❤ YEU NGUOI CHA NHAN HAU ❤VOI NHUNG DUA CON CHA❤ ME TA❤ MINH SINH CON🎉 🎉( NHUNG )❤TROI 🎉SINH TINH ,🎉 TAM LINH ,TAM TINH, TRONG TIM ,LINH HON, MA CO 1 DANG TOA HOA TRÊN VU TRU TREN TROI TAO THANH. TROI DAT ,TRAI DAT ,VA HOA NGUC .NAY LA CUA CHUA NGON LUA ,MAT TROI HAY CUA DUC CHUA. CHA TREN TROI , LA DOI VOI DAO CONG GIAO CAC NHA THO ( ,HAY NOI GUONG CAC ONG BA CHA ME TO TIEN ) DE CON, CHAU ,CHAT  LOP NGUOI NHO , LA  DAO DUC TINH THUC VA TAM THUC, TRAI TIM CUA TRUA TROI LA NGUOI CHA YEU THUONG, KET NOI VA CAU NGUYEN ,DAT BAN TAY TRAI ,VAO TRAI TIM ,NHAM MAT LAI VA NGANG CAO DAU DE TA THO (  THAN KI )  CUA CHUA TROI  TOI LA CON NGUA LUA VA LA DUC CHUA TROI NAM VAO BAN TAY KIET NOI BAN TAY, TAY TRONG TAY CAI BAT TAY LA TINH YEU MA CHUA TROI BAN TANG VUA ,DUC CHUA LANH VUA NANG CAO TINH HUU NGHI  VOI NGUOI CO BENH VA KHONG CO BENH, VI🎉 CHUA KI TO NOI, ( CHUA GIE SU DEN VOI NGUOI BENH TAT ,🎉  DUOC BAT TAY VA DUOC CHUA LANH ,LAN CHO NHAN LOAI AI ,AI CUNG HET KHO DAU, VI DUC TRUA TROI BAN CHO TOI MOT TRI TUE SUEU NHIEN  ,CHI CO NHAM MAT LAI CAU NGUYEN THOI LA NGUOI BENH SE HET BENH ( NHUNG ) HO PHAI CO LONG TIN THAT VAO DUC GIE SU KI TO TAN DAY LONG ,🎉 VI  DUC KITO CON CUA DANG TAO HÓA TREN VU TRU LA DANG VO HINH ,VI CHUA O KHAP MOI NOI ,VI CHUA KITO CO NOI TRONG (KINH THANH,) (TIN MUNG ) DUC TIN CUA HO TIN VAO CHUA THI SE KHOI BENH ,NGUOI MU DUC SANG MAT, NGUOI DIEC DUOC NGHE 🎉 NGUOI BAI LIET VAC TRONG MA VE, 🎉 NGUOI TRET SONG LAI   VI NGAI LAM PHEP LA DOI VOI MOI NGUOI ,🎉 CHUA KITO NOI TIEP AI TIN THAT THI DUOC KHOI BENH, AI UOC AO KHAT KHAO LAM NGUOI KIEN TAO HOA BINH , TREN TRAI DAT NAY NOI CHUNG🎉 CON NOI CHUNG HO DUA CAI TOI LON HON DUC CHUA TROI 🎉 VA CON CUA NGAI LA DUC KITO  , THI NGAI PHAI NOI GIAN CHU SAO🎉 VI TROI ,🎉DAT 🎉 VA CON NGUOI TAO DUNG 🎉 VA CAC VI SAO 🎉 VA MAT TRANG SOI CHO TA BAN DEM ,🎉MAT TROI THI SOI CHO TA BAN NGAY THI MOI CO ANH SANG CUA NGAI 🎉 DE SUOI AM CHO TA 🎉(KHI TROI DAT🎉 GIAO HOA ,AM DUONG  THI CON NGUOI O TRAI DAT NAY MOI THO DUOC (THAN THANH) *( KHIETKHI CUA DAT TROI VA VU TRU LOAI NGUOI MOI SONG DUOC,🎉 VAN VAT MOI CO (O SI) MA THO DUOC ,🎉 TRAI TIN CUA MOI NGUOI MOI DAP NHIP NHANG DUOC 🎉CO NUOC ,🎉 CO LUA  MOI SUOI AM TAM HON TA MOI NGAY🎉 DUC CHUA TROI BIEN DOI (AM LA LANH 🎉 MA DUONG LA NONG, GIAO HOA THIEN CHUA GOI LA THAN KHI  CUA THIEN CHUA TAO HOA🎉 HAY CON GOI LA (THANH THAN) HOAC LA THANH LINH LINH HON THIENG LIENG ) (TOI TU HAO NHUNG NGUOI  DUOC CHUA TRON TREN TOAN THE GIOI NAY DE LAM THEO Y CHUA THI DUOC ON CUU DO)( MA LAM  VIEC LANH PHUC DUC THI CA VU TRU NAY SE DUOC HOA BINH ,) ( MA LAM KHONG DUNG Y CHUA LA DANG TAO HOA THI SE BI HUY DIET HET VA LAM TRAI MAT NGAI VI NHUNG LINH HON BI CHET AON THI HO KEU THAU DEN TROI SANH THI DUC CHUA TROI TREN VU TRU SOT THUONG HO)( VI CHUA GIE SU CON CUA CHA TREN TROI  VO TOI  MA LAY CHET TAT TUOI NHU VAY AI MA CHANG DONG LONG SOT THUONG 🎉CO CHU CAC BAN TREN TOAN THE GIOI OI 🎉 (TU CON NGUOI O TRAN GIAN NAY HUY DIET NHAU) 🎉( CHU THIEN CHUA LA DANG  TAO DUNG VA HAY THUONG SOT LOAI NGUOI ❤) VI DU :( DUA CON CUA MINH MA LAM NHIEU DIEU CHAI MAT TRA ,ME MINH THI MINH TINH SAO DAY ?????SAO DAY KO DUOC THI CO( KI  LUAT) ( NEU NHU NGOAI DOI KHONG CO DAO THI PHAI DUNG BIEN PHAP NHU PHAP LUAT CHUNG CHI NO.🎉).(❤ TRAI TIM KHIEM NHUONG VA YEU THUONG NGU CHA YEU🎉 🎉( NHU LUAT DAO CONG GIAO KITO GIAO CHUA GIESU KITO DAY RANG HAY YEU KE THU NHU CHINH MINH .DU HO NGO NGUOC DEN DAU DE DUC CHUA TROI SE DAY NO BANG NGAY PS LA NGAY TAN THE DUC CHUA TROI SE PHAN SET CA KE SONG VA KE CHET ,🎉 THEO MOI VIEC HO LAM ) ❤( LAM LANH THI DUOC ON KUU DO VA CUU DO CA MOT GIA TOC DA  CHET TRUOC MINH 🎉).VA LAM DU THI SE BI DUC CHUA TROI PS THEO NHUNG VIEC HO LAM SAI VOI DAO  (TROI) VI CHUA LA DANG VO HINH VA HUU  HINH GHI CHEP HET KO SAI SOT MOT GAY , NEU HO BIET, AN NAN HOI CAI CHO VE VOI CHUA THAT LONG KO TAI PHAM CHON DOI HUA CHO DEN KHI CHET  KO TAI PHAM LUAT TROI VA DAT..(NHUNG) VAN PHAI DUC CHUA TROI PS CONG MỊNH.TUNG NGUOI MOT.🎉)( CON KINH SO NGAI AMEN..CAC THANH LINH DANG SONG TRONG TRAI TIM LINH HON CON🎉.CON TIN TIN THAC THAT VAO NGAI ❤ LA DANG VO HINH LA CHUA KITO ❤ DA SAI CON DI PHUC VU MOI NGUOI TREN TRAI DAT NAY❤ AI TIN HAY TIN VAO TIN MUNG VI NUOC TROI DANG O GIUA CHUNG TA AlleluiRA A men🙏.❤❤❤❤❤❤❤.🎉🎉🎉😊).❤❤❤❤.","27","https://www.youtube.com/watch?v=iN_dWfwFa_k","0","Lời Tiên Tri 500 Năm Ứng Nghiệm Vận Mệnh Việt Nam, Rồng Lửa Thức Giấc Hay Đại Họa Bắt Đầu?","comment",,"0"
"@HienPhanNgoc-k6i","Tôi rât tin ngày xóa sập tà thuyết cộng sản của satan trên mấy Nước còn lại đang tới rất gần rồi...","27","https://www.youtube.com/watch?v=iN_dWfwFa_k","0","Lời Tiên Tri 500 Năm Ứng Nghiệm Vận Mệnh Việt Nam, Rồng Lửa Thức Giấc Hay Đại Họa Bắt Đầu?","comment",,"1"
"@Jack97fandomdom","❤❤❤❤❤❤❤❤❤❤❤❤❤❤❤❤❤❤
NAM MÔ A DI ĐÀ.PHẬT 
NAM MÔ CỨU KHỔ.CỨU NẠN.CHO TẤT CẢ.CHÚNG SINH TRÊN TOÀN THẾ GIỚI ME QUÁN.THẾ.ÂM BỒ TÁT MA HA TÁT 
NAM MÔ BỔN SƯ.THÍCH CA MÂU NI PHẬT 
NAM MÔ NGUYỆN ĐỊA TẠNG VƯƠNG BỒ TÁT MA HA TÁT 
❤❤❤❤❤❤❤❤❤❤❤❤❤❤❤❤❤❤","27","https://www.youtube.com/watch?v=iN_dWfwFa_k","0","Lời Tiên Tri 500 Năm Ứng Nghiệm Vận Mệnh Việt Nam, Rồng Lửa Thức Giấc Hay Đại Họa Bắt Đầu?","comment",,"0"
"@UyPham-q8c7u","Đất  nước  này  còn  những  người  lãnh đạo  đinh  cao trí  Tuệ  duoc gọi  la nhóm  tính  hoa như  bây  giờ  với  những  nghị  quyết  nghị  định  lam dân  thất  nghiệp  sạt  nghiệp  vì  những  thuế  va mức  phạt..dân  không  đủ  gạo  để  ăn  thì  lấy  đâu  mà cất  cánh..vuon mình  lên mấy  hay vươn  chúi  xuống  đáy...chỉ  khi nào  những  kẻ  ngu xuan rời  bỏ  vị  trí  lãnh  đạo  để  người  khác  tài  giỏi  lên  thì  mới  có  co hôi","27","https://www.youtube.com/watch?v=iN_dWfwFa_k","0","Lời Tiên Tri 500 Năm Ứng Nghiệm Vận Mệnh Việt Nam, Rồng Lửa Thức Giấc Hay Đại Họa Bắt Đầu?","comment",,"0"
"@BinhPham-iu9eb","Nam Mô A Di Đà Phật cảm Ơn Kênh","27","https://www.youtube.com/watch?v=iN_dWfwFa_k","0","Lời Tiên Tri 500 Năm Ứng Nghiệm Vận Mệnh Việt Nam, Rồng Lửa Thức Giấc Hay Đại Họa Bắt Đầu?","comment",,"1"
"@thixuyenmai4843","Chỉ mong cho tất cả mọi người đều được khoẻ mạnh bình an","27","https://www.youtube.com/watch?v=iN_dWfwFa_k","0","Lời Tiên Tri 500 Năm Ứng Nghiệm Vận Mệnh Việt Nam, Rồng Lửa Thức Giấc Hay Đại Họa Bắt Đầu?","comment",,"3"
"@roycennguyen5371","Toi tu hao là  nguoi VN","27","https://www.youtube.com/watch?v=iN_dWfwFa_k","0","Lời Tiên Tri 500 Năm Ứng Nghiệm Vận Mệnh Việt Nam, Rồng Lửa Thức Giấc Hay Đại Họa Bắt Đầu?","comment",,"1"
"@camdoanthi9804","❤❤❤cầu chúc cho việt nam và cả thế giới bình an","27","https://www.youtube.com/watch?v=iN_dWfwFa_k","0","Lời Tiên Tri 500 Năm Ứng Nghiệm Vận Mệnh Việt Nam, Rồng Lửa Thức Giấc Hay Đại Họa Bắt Đầu?","comment",,"2"
"@DonPhan-x7q","Nam mô đại việt địa tạng vương bồ tát","27","https://www.youtube.com/watch?v=iN_dWfwFa_k","0","Lời Tiên Tri 500 Năm Ứng Nghiệm Vận Mệnh Việt Nam, Rồng Lửa Thức Giấc Hay Đại Họa Bắt Đầu?","comment",,"2"
"@TrieuBich-zp2lp","Nam mo a di da phat","27","https://www.youtube.com/watch?v=iN_dWfwFa_k","0","Lời Tiên Tri 500 Năm Ứng Nghiệm Vận Mệnh Việt Nam, Rồng Lửa Thức Giấc Hay Đại Họa Bắt Đầu?","comment",,"0"
"@TamLeThi-b8o","Nam mô a di đà phật cầu cho quốc thái dân an thế giới hòa bình chúng sinh an lạc","27","https://www.youtube.com/watch?v=iN_dWfwFa_k","0","Lời Tiên Tri 500 Năm Ứng Nghiệm Vận Mệnh Việt Nam, Rồng Lửa Thức Giấc Hay Đại Họa Bắt Đầu?","comment",,"5"
"@binhtrinh368","A Di Đà Phật","27","https://www.youtube.com/watch?v=iN_dWfwFa_k","0","Lời Tiên Tri 500 Năm Ứng Nghiệm Vận Mệnh Việt Nam, Rồng Lửa Thức Giấc Hay Đại Họa Bắt Đầu?","comment",,"1"
"@DfgjkRggjhcc","Mau của dân đang bị hút từng giọt máu mà bọn CSVN không tha cho ai nha","27","https://www.youtube.com/watch?v=iN_dWfwFa_k","0","Lời Tiên Tri 500 Năm Ứng Nghiệm Vận Mệnh Việt Nam, Rồng Lửa Thức Giấc Hay Đại Họa Bắt Đầu?","comment",,"1"
"@oanhle2899","Đại bàng bay vào VN không phải để làm tổ, mà để kiếm mồi, bởi vì ở VN có nguồn mối giá cực rẻ.","27","https://www.youtube.com/watch?v=iN_dWfwFa_k","0","Lời Tiên Tri 500 Năm Ứng Nghiệm Vận Mệnh Việt Nam, Rồng Lửa Thức Giấc Hay Đại Họa Bắt Đầu?","comment",,"3"
"@toanvantran9372","Cố gắng lên các em","27","https://www.youtube.com/watch?v=iN_dWfwFa_k","0","Lời Tiên Tri 500 Năm Ứng Nghiệm Vận Mệnh Việt Nam, Rồng Lửa Thức Giấc Hay Đại Họa Bắt Đầu?","comment",,"1"
"@hongkim2323","Đức chúa trời ông di lặc phật chào con  ta tên  hiền  vua minh vương  tận thế đến  .ta hạ  sanh năm 1995","126","https://www.youtube.com/watch?v=O3O88QkoxPI","0","2025-2026 -Cánh cửa cuối cùng trước khi VẬN MỆNH niêm lại- theo Cửu Vận Tam Nguyên -Phong thủy","comment",,"0"
"@hoanguyen5488","Con biết ơn vũ Trụ gửi thông điệp ngay lúc con rất cần. Biết ơn TiNA chia sẽ thông điệp rất quí 💝🌏💝","126","https://www.youtube.com/watch?v=O3O88QkoxPI","0","2025-2026 -Cánh cửa cuối cùng trước khi VẬN MỆNH niêm lại- theo Cửu Vận Tam Nguyên -Phong thủy","comment",,"0"
"@Quangdz99","Bị hack thì sẽ đăng cái khác đây chắc là chị tina nhờ người khác giúp vài tháng chị bận gì đó","126","https://www.youtube.com/watch?v=O3O88QkoxPI","0","2025-2026 -Cánh cửa cuối cùng trước khi VẬN MỆNH niêm lại- theo Cửu Vận Tam Nguyên -Phong thủy","comment",,"0"
"@phuongseoul1177","Kênh này của chị Tina có bị hack k ta? Mình thấy cách làm video và hướng nội dung khác quá","126","https://www.youtube.com/watch?v=O3O88QkoxPI","0","2025-2026 -Cánh cửa cuối cùng trước khi VẬN MỆNH niêm lại- theo Cửu Vận Tam Nguyên -Phong thủy","comment",,"0"
"@HuongNguyen-bh4br","Biết ơn vì sáng ra mình mở yt lên và nghe được video này 
Mới suy nghĩ hôm qua là phải thay đồi cs và cv thì hữu duyên được nghe video này ..
Đúng là Tâm Linh tin sẽ có
Biết ơn TiNa đã gieo duyên cho mình ❤️❤️❤️","126","https://www.youtube.com/watch?v=O3O88QkoxPI","0","2025-2026 -Cánh cửa cuối cùng trước khi VẬN MỆNH niêm lại- theo Cửu Vận Tam Nguyên -Phong thủy","comment",,"0"
"@Phamhuynhtunguyen","Các bạn tập trung vào nội dung truyền tải, đừng bị dính vào dòng nói","126","https://www.youtube.com/watch?v=O3O88QkoxPI","0","2025-2026 -Cánh cửa cuối cùng trước khi VẬN MỆNH niêm lại- theo Cửu Vận Tam Nguyên -Phong thủy","comment",,"0"
"@Gemile","Em đã thôi việc phán xét. Chỉ lang thang youtube và tìm đâu đó thông điệp dành cho mình. Dù ở kênh nào hay video nào, nếu có cảm giác dành cho em thì là cho em. Vậy thôi. Em cảm ơn chị Tina nhiều ạ.

7:24 dám đi một bước, hành một việc, tỉnh một niệm.
9:50 đối diện trung thực với chính mình, can đảm bước một bước về hướng đạo.","126","https://www.youtube.com/watch?v=O3O88QkoxPI","0","2025-2026 -Cánh cửa cuối cùng trước khi VẬN MỆNH niêm lại- theo Cửu Vận Tam Nguyên -Phong thủy","comment",,"0"
"@tdjuno8229","mình tưởng kênh bị hark","126","https://www.youtube.com/watch?v=O3O88QkoxPI","0","2025-2026 -Cánh cửa cuối cùng trước khi VẬN MỆNH niêm lại- theo Cửu Vận Tam Nguyên -Phong thủy","comment",,"0"
"@TrungNguyen-f3j","E biết ơn chị tina rất nhiều những video của chị giúp ích cho rất nhiều người","126","https://www.youtube.com/watch?v=O3O88QkoxPI","0","2025-2026 -Cánh cửa cuối cùng trước khi VẬN MỆNH niêm lại- theo Cửu Vận Tam Nguyên -Phong thủy","comment",,"0"
"@HuyềnPhạm-b5z","Nghe giọng Tina quen, giờ nghe giọng này giật mình tưởng nhầm kênh . Hihi","126","https://www.youtube.com/watch?v=O3O88QkoxPI","0","2025-2026 -Cánh cửa cuối cùng trước khi VẬN MỆNH niêm lại- theo Cửu Vận Tam Nguyên -Phong thủy","comment",,"1"
"@Qbqbqb-i8e","Chùa to phật lớn hết thời","126","https://www.youtube.com/watch?v=O3O88QkoxPI","0","2025-2026 -Cánh cửa cuối cùng trước khi VẬN MỆNH niêm lại- theo Cửu Vận Tam Nguyên -Phong thủy","comment",,"0"
"@Flynnkavuu","Sao e có cảm giác ko phải c Tinna làm video dù video nói rất đúng ạ","126","https://www.youtube.com/watch?v=O3O88QkoxPI","0","2025-2026 -Cánh cửa cuối cùng trước khi VẬN MỆNH niêm lại- theo Cửu Vận Tam Nguyên -Phong thủy","comment",,"0"
"@giainhnhakiet9902","Cảm ơn chị ❤","126","https://www.youtube.com/watch?v=O3O88QkoxPI","0","2025-2026 -Cánh cửa cuối cùng trước khi VẬN MỆNH niêm lại- theo Cửu Vận Tam Nguyên -Phong thủy","comment",,"1"
"@duycofishing","😍","126","https://www.youtube.com/watch?v=O3O88QkoxPI","0","2025-2026 -Cánh cửa cuối cùng trước khi VẬN MỆNH niêm lại- theo Cửu Vận Tam Nguyên -Phong thủy","comment",,"1"
"@trangtruong955","Mình cảm thấy năm 2025 bắt đầu thanh lọc, những lời nói , hành động đều có nhân quả đến . Một bài học cho bản thân ❤️🪷","126","https://www.youtube.com/watch?v=O3O88QkoxPI","0","2025-2026 -Cánh cửa cuối cùng trước khi VẬN MỆNH niêm lại- theo Cửu Vận Tam Nguyên -Phong thủy","comment",,"5"
"@trangtruong955","Công nghệ AI. Muốn được học hỏi. Muốn được tu tập tinh tấn, sống lương thiện , hiền lành, nhẫn nhục, nhẹ nhàng, chịu thiệt về bản thân không sân si oán trách","126","https://www.youtube.com/watch?v=O3O88QkoxPI","0","2025-2026 -Cánh cửa cuối cùng trước khi VẬN MỆNH niêm lại- theo Cửu Vận Tam Nguyên -Phong thủy","comment",,"1"
"@KiềuDungPhạm-d3r","Nay chị Na làm giọng AI rồi. Hay là trợ lý chị Na làm","126","https://www.youtube.com/watch?v=O3O88QkoxPI","0","2025-2026 -Cánh cửa cuối cùng trước khi VẬN MỆNH niêm lại- theo Cửu Vận Tam Nguyên -Phong thủy","comment",,"1"
"@linhlan969","❤❤❤","126","https://www.youtube.com/watch?v=O3O88QkoxPI","0","2025-2026 -Cánh cửa cuối cùng trước khi VẬN MỆNH niêm lại- theo Cửu Vận Tam Nguyên -Phong thủy","comment",,"0"
"@NgocNguyen-uc4nh","Adidaphat Adidaphat Adidaphat","126","https://www.youtube.com/watch?v=O3O88QkoxPI","0","2025-2026 -Cánh cửa cuối cùng trước khi VẬN MỆNH niêm lại- theo Cửu Vận Tam Nguyên -Phong thủy","comment",,"1"
"@thanhhoa5792","Nếu theo dõi Tina đủ lâu (cỡ 4-5 năm gì đó có lẽ cũng gọi là đủ nhỉ) và thực hành tu dưỡng như cách Tina chia sẻ là thực hành trong chính đời sống mình vậy, thì sẽ hiểu dù Tina đăng bài dưới hình thức nào đi nữa cũng là vì cô ấy đang muốn chia sẻ, điều cốt lõi nhất vẫn luôn khởi từ tâm, và mình tin Tina chia sẻ điều gì tới mọi người cũng từ tâm. Với cá nhân mình thì đây là một video ý nghĩa. Biết ơn và cảm ơn Tina thật nhiều!❤ 
Chúc Tina và mọi người theo dõi kênh một ngày an lành!💓","126","https://www.youtube.com/watch?v=O3O88QkoxPI","2","2025-2026 -Cánh cửa cuối cùng trước khi VẬN MỆNH niêm lại- theo Cửu Vận Tam Nguyên -Phong thủy","comment",,"14"
"@ToánHoàng-s3u","Đung qua đung","91","https://www.youtube.com/watch?v=FKQwgT5d5Uc","0","Đấu đá quyền lực lãnh đạo cấp cao để triệt hạ lẫn nhau, chứ không vì lợi ích quốc gia?","comment",,"2"
"@TuyenPham-pk5go","Thương quá Tuấn-Nhung (Trà Vinh)ơi! Nếu cụ Ngô TT còn chắc chị Dậu lại xuất hiện! Hãy tha cho vợ chồng Tuấn-Nhung về nuôi các con!!! Cảm ơn Thời báo.De.","91","https://www.youtube.com/watch?v=FKQwgT5d5Uc","0","Đấu đá quyền lực lãnh đạo cấp cao để triệt hạ lẫn nhau, chứ không vì lợi ích quốc gia?","comment",,"2"
"@tl5162","Xu nang quá ad hon thoi phong kien😂😂😂chí phèo..","91","https://www.youtube.com/watch?v=FKQwgT5d5Uc","0","Đấu đá quyền lực lãnh đạo cấp cao để triệt hạ lẫn nhau, chứ không vì lợi ích quốc gia?","comment",,"2"
"@ucthien-ws6hs","""Bên nào thắng thì nhân dân đều bại"" Nghe mà đau xót","91","https://www.youtube.com/watch?v=FKQwgT5d5Uc","1","Đấu đá quyền lực lãnh đạo cấp cao để triệt hạ lẫn nhau, chứ không vì lợi ích quốc gia?","comment",,"7"
"@anta1522","b0opj cong an cua trân dsai quang chings lung ch   vủ nhom    ten cong khé nây còn đong trời hơn 100 phần ten vủ nhom","91","https://www.youtube.com/watch?v=FKQwgT5d5Uc","0","Đấu đá quyền lực lãnh đạo cấp cao để triệt hạ lẫn nhau, chứ không vì lợi ích quốc gia?","comment",,"1"
"@saigontoiyeu4600","Bài viêt hay lam , CUOI  ;","91","https://www.youtube.com/watch?v=FKQwgT5d5Uc","0","Đấu đá quyền lực lãnh đạo cấp cao để triệt hạ lẫn nhau, chứ không vì lợi ích quốc gia?","comment",,"4"
"@vinhtran-fv3uw","Thang nao cung vay, lu Hai dan","91","https://www.youtube.com/watch?v=FKQwgT5d5Uc","0","Đấu đá quyền lực lãnh đạo cấp cao để triệt hạ lẫn nhau, chứ không vì lợi ích quốc gia?","comment",,"0"
"@TANSONHACO","Có thể là sao???","91","https://www.youtube.com/watch?v=FKQwgT5d5Uc","0","Đấu đá quyền lực lãnh đạo cấp cao để triệt hạ lẫn nhau, chứ không vì lợi ích quốc gia?","comment",,"0"
"@TANSONHACO","Nói trúng","91","https://www.youtube.com/watch?v=FKQwgT5d5Uc","0","Đấu đá quyền lực lãnh đạo cấp cao để triệt hạ lẫn nhau, chứ không vì lợi ích quốc gia?","comment",,"3"
"@normanabbott2655","Từ nói đến làm có một khoảng cách là một thế kỷ. Họ là ai? Xin thưa họ là lãnh đạo, trí thức của chế độ.","91","https://www.youtube.com/watch?v=FKQwgT5d5Uc","0","Đấu đá quyền lực lãnh đạo cấp cao để triệt hạ lẫn nhau, chứ không vì lợi ích quốc gia?","comment",,"2"
"@gomohaygogoole","Bạn nghĩ Việt Nam năm 2026 sẽ đối diện thử thách lớn nhất từ thiên tai hay bất ổn khu vực?

Hãy để lại góc nhìn của bạn bên dưới 👇
Và đừng quên đăng ký kênh để theo dõi những phân tích tiếp theo về các lời tiên tri và biến động sắp tới.","7","https://www.youtube.com/watch?v=q9lGzB837r8","0","Lời Tiên Tri Mới Nhất Của Anand Về Vận Mệnh VIỆT NAM Năm 2026","comment",,"1"
"@HoangDangNguyen-y9f","Con người tàn phá thiên nhiên bây giờ thiên nhiên đáp trả gieo nhân gặp quả mà a di đà phật","7","https://www.youtube.com/watch?v=q9lGzB837r8","1","Lời Tiên Tri Mới Nhất Của Anand Về Vận Mệnh VIỆT NAM Năm 2026","comment",,"0"
"@TrangTiep-rm8tt","Không chờ cứu trợ, mà mn cần phải chuẩn bị trước biến cố có thể xảy ra, ít , nhiều mn cần phải chủ động cho gia đình mình!","7","https://www.youtube.com/watch?v=q9lGzB837r8","1","Lời Tiên Tri Mới Nhất Của Anand Về Vận Mệnh VIỆT NAM Năm 2026","comment",,"1"
"@Quynh-ti5kx","Có thật chăng😅😅","7","https://www.youtube.com/watch?v=q9lGzB837r8","1","Lời Tiên Tri Mới Nhất Của Anand Về Vận Mệnh VIỆT NAM Năm 2026","comment",,"0"
"@phanpham9341","No corruption,no ViệtNamese communists!So,corruption is the traditional culture of VCs!","22","https://www.youtube.com/watch?v=s5RJ_Hl8cuc","0","Việt Nam đang trở nên bất ổn vì đấu đá quyền lực chưa từng có","comment",,"0"
"@vanhoang3850","Chống tham nhũng là chống đảng CSVN 💵👈😂 hahaha","22","https://www.youtube.com/watch?v=s5RJ_Hl8cuc","1","Việt Nam đang trở nên bất ổn vì đấu đá quyền lực chưa từng có","comment",,"4"
"@francisfrank8325","đút lò thằng khủng bố dép lốp nào là mừng tới đó … more please 😁👍","22","https://www.youtube.com/watch?v=s5RJ_Hl8cuc","0","Việt Nam đang trở nên bất ổn vì đấu đá quyền lực chưa từng có","comment",,"0"
"@tracynguyen7865","Chúc bà con Việt Nam có một cái tết thật ấm no sung túc.","22","https://www.youtube.com/watch?v=s5RJ_Hl8cuc","0","Việt Nam đang trở nên bất ổn vì đấu đá quyền lực chưa từng có","comment",,"5"
"@sonthanh40","👍👍👍👍👍👍","22","https://www.youtube.com/watch?v=s5RJ_Hl8cuc","0","Việt Nam đang trở nên bất ổn vì đấu đá quyền lực chưa từng có","comment",,"4"
"@anxuyencamau.5592","Rất Cám ơn Anh Chị trên CDM cho em biết Bác hồ là tên BỊP BỢM nghiện rượu và GÁI GÚ ....","22","https://www.youtube.com/watch?v=s5RJ_Hl8cuc","0","Việt Nam đang trở nên bất ổn vì đấu đá quyền lực chưa từng có","comment",,"0"
"@ningnnong6440","Ăn xong đầy bụng tuồn qua Mỹ Đế thằng khác lên ăn tiếp 🤮🤮🤮","22","https://www.youtube.com/watch?v=s5RJ_Hl8cuc","0","Việt Nam đang trở nên bất ổn vì đấu đá quyền lực chưa từng có","comment",,"0"
"@myhung8899","Chiến trường quê tui không thua gì chiến trường Ukraine đánh quân xâm lược nga","22","https://www.youtube.com/watch?v=s5RJ_Hl8cuc","0","Việt Nam đang trở nên bất ổn vì đấu đá quyền lực chưa từng có","comment",,"5"
"@tamphan9546","Thằng trọng lú nó bắt chước thằng anh trung quốc đó mà. Y chang bên Trung quốc luôn.khác gì đâu. Mẹ thằng trọng lú bú cu trung quốc.","22","https://www.youtube.com/watch?v=s5RJ_Hl8cuc","0","Việt Nam đang trở nên bất ổn vì đấu đá quyền lực chưa từng có","comment",,"0"
"@ningnnong6440","Thằng nào lên dân VN đều khốn đốn cả 😫😫😫","22","https://www.youtube.com/watch?v=s5RJ_Hl8cuc","0","Việt Nam đang trở nên bất ổn vì đấu đá quyền lực chưa từng có","comment",,"0"
"@lapthanh1047","Đường xá và lưu lượng xe cô tham gia giao thông nước ngoài thấy mà mê. Còn ở VN đường thì xấu mà xe cô tham gia giao thông đông hơn kiến.","22","https://www.youtube.com/watch?v=s5RJ_Hl8cuc","0","Việt Nam đang trở nên bất ổn vì đấu đá quyền lực chưa từng có","comment",,"6"
"@thaonguyen-sp7xf","Hon loan la dung. Chu Tich ma con bi cach chuc. Nguoi dan VN chac chan nan cho che do cua may Ong nay.","22","https://www.youtube.com/watch?v=s5RJ_Hl8cuc","0","Việt Nam đang trở nên bất ổn vì đấu đá quyền lực chưa từng có","comment",,"0"
"@johnsonpham6424","guess thang dau bac song them may nam nua truoc khi no giao cho thang trung cong quan ly dat nuoc VN  cai ngu cua thang dau bac khi no chet no dem alls ky uoc ma no ky voi cha cua no la tapcanbinh chon voi theo thoi gian khong ai biet no ky hiep uoc gi","22","https://www.youtube.com/watch?v=s5RJ_Hl8cuc","0","Việt Nam đang trở nên bất ổn vì đấu đá quyền lực chưa từng có","comment",,"1"
"@ngoccucang5961","Cám ơn PĐ .chúc sức khỏe.","22","https://www.youtube.com/watch?v=s5RJ_Hl8cuc","0","Việt Nam đang trở nên bất ổn vì đấu đá quyền lực chưa từng có","comment",,"4"
"@PhuongNguyen-pe7pb","Ở Việt Nam ko có thằng nào có đạo duc và kiến thức cả, nếu có đạo duc và có chất xám thì ko được vào đang, cho nên khi vào đang ko tham nhung cũng chết và tham nhung cũng chết","22","https://www.youtube.com/watch?v=s5RJ_Hl8cuc","0","Việt Nam đang trở nên bất ổn vì đấu đá quyền lực chưa từng có","comment",,"1"
"@nghieptran8915","👍❤","22","https://www.youtube.com/watch?v=s5RJ_Hl8cuc","0","Việt Nam đang trở nên bất ổn vì đấu đá quyền lực chưa từng có","comment",,"6"
"@nam91-solomon","bao giờ ông tập lãnh đạo vn thì hết đấu đá.kk","22","https://www.youtube.com/watch?v=s5RJ_Hl8cuc","0","Việt Nam đang trở nên bất ổn vì đấu đá quyền lực chưa từng có","comment",,"9"
"@kevinnguyen8708","👍👍👍❤️💙💚","22","https://www.youtube.com/watch?v=s5RJ_Hl8cuc","0","Việt Nam đang trở nên bất ổn vì đấu đá quyền lực chưa từng có","comment",,"7"
"@toanhuy8678","Hiii anh phildong,,, chúc anh nhiều sk để đưa những phân tích chuẩn xác và ko kém phần hài hước đến khán giả nghen anh","22","https://www.youtube.com/watch?v=s5RJ_Hl8cuc","0","Việt Nam đang trở nên bất ổn vì đấu đá quyền lực chưa từng có","comment",,"13"
"@Heo-Cho-Meo","VÃIII LỒN VỊT CỘNG ĐỘC TÀI CẠY CHỨC CẠY QUYỀN","22","https://www.youtube.com/watch?v=s5RJ_Hl8cuc","0","Việt Nam đang trở nên bất ổn vì đấu đá quyền lực chưa từng có","comment",,"1"
"@gomohaygogoole","❤❤❤","7","https://www.youtube.com/watch?v=q9lGzB837r8","0","Lời Tiên Tri Mới Nhất Của Anand Về Vận Mệnh VIỆT NAM Năm 2026","reply",,"0"
"@HarryTranJensen","BK 75 ....cut..cut...cut nhu fuc nieng.","22","https://www.youtube.com/watch?v=s5RJ_Hl8cuc","0","Việt Nam đang trở nên bất ổn vì đấu đá quyền lực chưa từng có","comment",,"1"
"@liengbichngoc","Còn vc lâm ly khi nào mất?","26","https://www.youtube.com/watch?v=ptMN-c6MKQE","0","SỰ THẬT Sấm Trạng Trình : Kinh Hoàng Vận Mệnh Việt Nam","reply",,"2"
"@minhtueaudio9","adidaphat","27","https://www.youtube.com/watch?v=iN_dWfwFa_k","0","Lời Tiên Tri 500 Năm Ứng Nghiệm Vận Mệnh Việt Nam, Rồng Lửa Thức Giấc Hay Đại Họa Bắt Đầu?","reply",,"0"
"@gomohaygogoole","cảm ơn bạn đã chia sẻ ❤","7","https://www.youtube.com/watch?v=q9lGzB837r8","0","Lời Tiên Tri Mới Nhất Của Anand Về Vận Mệnh VIỆT NAM Năm 2026","reply",,"0"
"@gomohaygogoole","❤❤❤","7","https://www.youtube.com/watch?v=q9lGzB837r8","0","Lời Tiên Tri Mới Nhất Của Anand Về Vận Mệnh VIỆT NAM Năm 2026","reply",,"0"
"@vietsukysu.daiviet","Cảm ơn lời khen của anh, ủng hộ kênh 1 lượt đăng ký nhé ạ","26","https://www.youtube.com/watch?v=ptMN-c6MKQE","0","SỰ THẬT Sấm Trạng Trình : Kinh Hoàng Vận Mệnh Việt Nam","reply",,"1"
"@thaonhi.trannguyen9318","Bảo Sơn có thể ý nói đến bảo vệ tròn vẹn non sơn đất nước chứ không phải địa danh","26","https://www.youtube.com/watch?v=ptMN-c6MKQE","0","SỰ THẬT Sấm Trạng Trình : Kinh Hoàng Vận Mệnh Việt Nam","reply",,"1"
"@vodanh6131","Đừng đề.nghị ác ôn như thế làm ổng sẽ mất ăn mất ngũ đó :face-pink-tears:","56","https://www.youtube.com/watch?v=Wmd7ipB5KcY","0","Đấu đá nội bộ trong cung đình CSVN: Thượng bất chính, hạ tất loạn!","reply",,"0"
"@anho4168","Họ báo mộng cho bạn biết phải k? 😂","26","https://www.youtube.com/watch?v=ptMN-c6MKQE","0","SỰ THẬT Sấm Trạng Trình : Kinh Hoàng Vận Mệnh Việt Nam","reply",,"0"
"@igxitcitciyc","có mà họ Trịnh bốc phét ra","26","https://www.youtube.com/watch?v=ptMN-c6MKQE","0","SỰ THẬT Sấm Trạng Trình : Kinh Hoàng Vận Mệnh Việt Nam","reply",,"0"
"@NguyenMinhDinh34","kkkkk đúng rồi nhà Nguyễn sửa hết thời thực dân đế quốc Pháp 🇫🇷 😮😅😊🎉❤😂😢","26","https://www.youtube.com/watch?v=ptMN-c6MKQE","0","SỰ THẬT Sấm Trạng Trình : Kinh Hoàng Vận Mệnh Việt Nam","reply",,"0"
"@giangtran8281"," @thanhhoa5792  yes đúng ạ 🙏
Fan cứng đây rồi. Hihi","126","https://www.youtube.com/watch?v=O3O88QkoxPI","0","2025-2026 -Cánh cửa cuối cùng trước khi VẬN MỆNH niêm lại- theo Cửu Vận Tam Nguyên -Phong thủy","reply",,"2"
"@thanhhoa5792","@giangtran8281  🥰🥰🥰","126","https://www.youtube.com/watch?v=O3O88QkoxPI","0","2025-2026 -Cánh cửa cuối cùng trước khi VẬN MỆNH niêm lại- theo Cửu Vận Tam Nguyên -Phong thủy","reply",,"1"
"@mrdaja02021","Mẹ VVT là ai ? Phan Hiếu Dân ?  VVT sanh năm 1970, Phan Hiếu Dân sanh năm 1955.  15 t Phan Hiếu Dân sanh VVT ?","56","https://www.youtube.com/watch?v=Wmd7ipB5KcY","0","Đấu đá nội bộ trong cung đình CSVN: Thượng bất chính, hạ tất loạn!","reply",,"0"
"@luavan-rw4bp","Nam mo a di da phat","27","https://www.youtube.com/watch?v=iN_dWfwFa_k","0","Lời Tiên Tri 500 Năm Ứng Nghiệm Vận Mệnh Việt Nam, Rồng Lửa Thức Giấc Hay Đại Họa Bắt Đầu?","comment",,"1"
"@HungVan-zs4qj","Nam mô a Di Đà Phật","27","https://www.youtube.com/watch?v=iN_dWfwFa_k","0","Lời Tiên Tri 500 Năm Ứng Nghiệm Vận Mệnh Việt Nam, Rồng Lửa Thức Giấc Hay Đại Họa Bắt Đầu?","comment",,"1"
"@bongtra9665","❤nam❤mô❤a❤di❤đa❤phât❤❤❤","27","https://www.youtube.com/watch?v=iN_dWfwFa_k","0","Lời Tiên Tri 500 Năm Ứng Nghiệm Vận Mệnh Việt Nam, Rồng Lửa Thức Giấc Hay Đại Họa Bắt Đầu?","comment",,"1"
"@tuantran3904","🙏🙏🙏Nam Mô Bỗn Sư Thích Ca Mâu Ni Phật,
Nam Mô A Di Đà Phật 
Nam Mô A Di Đà Phật 
Nam Mô A Di Đà Phật 
Nam Mô A Di Đà Phật 
Nam Mô A Di Đà Phật 🙏🙏🙏","27","https://www.youtube.com/watch?v=iN_dWfwFa_k","0","Lời Tiên Tri 500 Năm Ứng Nghiệm Vận Mệnh Việt Nam, Rồng Lửa Thức Giấc Hay Đại Họa Bắt Đầu?","comment",,"0"
"@hongnhuan5541","Tự hào là ng VN  nhưng chỉ dành cho nhg ng hiền lành lương thiện  còn nhgx kẻ tham lam ích kỷ thì ko xứng đáng đc sống trên đn VN","27","https://www.youtube.com/watch?v=iN_dWfwFa_k","1","Lời Tiên Tri 500 Năm Ứng Nghiệm Vận Mệnh Việt Nam, Rồng Lửa Thức Giấc Hay Đại Họa Bắt Đầu?","comment",,"2"
"@Pmg-i5l","Dạ cho em xin chia sẻ riêng, video nội dung vẫn hay, nhưng nghe Ai đọc lại thấy ko vô bằng nghe chính chị Tina chia sẻ. Chắc là cảm giác được nghe một người chị chia sẻ nó gần gũi hơn nghe robot đọc giọng đều đều. Tuy nhiên em vẫn cảm ơn chị Tina vì đã ra nội dung! ❤❤❤","126","https://www.youtube.com/watch?v=O3O88QkoxPI","0","2025-2026 -Cánh cửa cuối cùng trước khi VẬN MỆNH niêm lại- theo Cửu Vận Tam Nguyên -Phong thủy","comment",,"5"
"@hoangha3307","Thông tin nói về chu kỳ của con người trong năm 2025 _ 2026. Mình nghĩ bài post của Tina đưa lên để mọi người nghe thấu hiểu","126","https://www.youtube.com/watch?v=O3O88QkoxPI","0","2025-2026 -Cánh cửa cuối cùng trước khi VẬN MỆNH niêm lại- theo Cửu Vận Tam Nguyên -Phong thủy","comment",,"3"
"@Sachtantutap","Nghe xong thấy rùng mình! Thật sự cảm nhận được đây là lúc phải thay đổi, không thể trì hoãn thêm nữa.","126","https://www.youtube.com/watch?v=O3O88QkoxPI","0","2025-2026 -Cánh cửa cuối cùng trước khi VẬN MỆNH niêm lại- theo Cửu Vận Tam Nguyên -Phong thủy","comment",,"4"
"@phamtrinh910","Cám ơn chị Tina rất nhiều ạ.","126","https://www.youtube.com/watch?v=O3O88QkoxPI","0","2025-2026 -Cánh cửa cuối cùng trước khi VẬN MỆNH niêm lại- theo Cửu Vận Tam Nguyên -Phong thủy","comment",,"1"
"@hoahuongduong3881","Quan trọng là trong 2 năm tới còn sống hay không? 😂","126","https://www.youtube.com/watch?v=O3O88QkoxPI","0","2025-2026 -Cánh cửa cuối cùng trước khi VẬN MỆNH niêm lại- theo Cửu Vận Tam Nguyên -Phong thủy","comment",,"0"
"@xuanson2910","Cảm ơn chị Na 💖💖","126","https://www.youtube.com/watch?v=O3O88QkoxPI","0","2025-2026 -Cánh cửa cuối cùng trước khi VẬN MỆNH niêm lại- theo Cửu Vận Tam Nguyên -Phong thủy","comment",,"1"
"@quocloi9590","Cảm ơn video kênh","126","https://www.youtube.com/watch?v=O3O88QkoxPI","0","2025-2026 -Cánh cửa cuối cùng trước khi VẬN MỆNH niêm lại- theo Cửu Vận Tam Nguyên -Phong thủy","comment",,"1"
"@Diemjourney","Phải kênh chị Tina nữa ko ta","126","https://www.youtube.com/watch?v=O3O88QkoxPI","0","2025-2026 -Cánh cửa cuối cùng trước khi VẬN MỆNH niêm lại- theo Cửu Vận Tam Nguyên -Phong thủy","comment",,"0"
"@marienguyen8649","Cåm ön Thâ`y !","5","https://www.youtube.com/watch?v=90XuFr4Yg5g","0","Tuổi Thân 2026: Sự Thật Gây Sốc Về Vận Mệnh Năm Nay! Bạn Sẽ Không Tin! | HT. Thích Pháp Hòa","comment",,"0"
"@huonglethi266","Nam Mô A Di Đà Phật","5","https://www.youtube.com/watch?v=90XuFr4Yg5g","0","Tuổi Thân 2026: Sự Thật Gây Sốc Về Vận Mệnh Năm Nay! Bạn Sẽ Không Tin! | HT. Thích Pháp Hòa","comment",,"0"
"@NguyênToản-m7j","con cảm ơn THẦY đả nhiều năm giúp đở con.Không có THẦY con chẳng làm được điều gì. con cảm ơn THẦY chúc THẦY sống thật lâu để giúp đở con và mọi người. con thương THẦY nhiều. NAM MÔ A DI ĐÀ PHẬT.","5","https://www.youtube.com/watch?v=90XuFr4Yg5g","0","Tuổi Thân 2026: Sự Thật Gây Sốc Về Vận Mệnh Năm Nay! Bạn Sẽ Không Tin! | HT. Thích Pháp Hòa","comment",,"1"
"@NguyênToản-m7j","NAM MÔ A DI ĐÀ PHẬT.","5","https://www.youtube.com/watch?v=90XuFr4Yg5g","0","Tuổi Thân 2026: Sự Thật Gây Sốc Về Vận Mệnh Năm Nay! Bạn Sẽ Không Tin! | HT. Thích Pháp Hòa","comment",,"0"
"@Cuc-w1x","Nammoadidaphat
Thầy ơi những lời thầy nói 
Vừa nói vừa mở 
Thong thả thầy nha 
Đừng mà lóng ruột 
Cũng đừng khổ   đau 
Ở sau có mẹ 
Sẽ giúp thầy nha","5","https://www.youtube.com/watch?v=90XuFr4Yg5g","0","Tuổi Thân 2026: Sự Thật Gây Sốc Về Vận Mệnh Năm Nay! Bạn Sẽ Không Tin! | HT. Thích Pháp Hòa","comment",,"0"
"@vietsukysu.daiviet","Để AD nghiên cứu nha","26","https://www.youtube.com/watch?v=ptMN-c6MKQE","0","SỰ THẬT Sấm Trạng Trình : Kinh Hoàng Vận Mệnh Việt Nam","reply",,"3"
"@Tamdalaninaha","​@vietsukysu.daiviet cam ơn kênh nhé","26","https://www.youtube.com/watch?v=ptMN-c6MKQE","0","SỰ THẬT Sấm Trạng Trình : Kinh Hoàng Vận Mệnh Việt Nam","reply",,"2"
"@tanbach6912","Anh Minh nói chuyện với anh Xuân Nam phải cúc hà,(cúc cúc hà)để cho xuân Nam tỉnh dậy. Đừng ngủ gục nữa.","56","https://www.youtube.com/watch?v=Wmd7ipB5KcY","0","Đấu đá nội bộ trong cung đình CSVN: Thượng bất chính, hạ tất loạn!","comment",,"5"
"@saule8764","🌹🌹","56","https://www.youtube.com/watch?v=Wmd7ipB5KcY","0","Đấu đá nội bộ trong cung đình CSVN: Thượng bất chính, hạ tất loạn!","comment",,"2"
"@hoalevanhoa9023","DÂN TỘC NÀY SẼ ĐI VỀ ĐÂU...!!!... KHI CÒN CS CAI TRỊ...!!!...???...","56","https://www.youtube.com/watch?v=Wmd7ipB5KcY","0","Đấu đá nội bộ trong cung đình CSVN: Thượng bất chính, hạ tất loạn!","comment",,"0"
"@TamThu-og8si","Chào chú Nam và chú Minh chúc sức khỏe  cả gia đình quý ông bình an hạnh phúc vui ve ❤❤❤❤❤❤❤🎉🎉🎉🎉🎉🎉🎉","56","https://www.youtube.com/watch?v=Wmd7ipB5KcY","0","Đấu đá nội bộ trong cung đình CSVN: Thượng bất chính, hạ tất loạn!","comment",,"6"
"@TamNguyen-fn1be","Nói vvt là con Võ Trần Chí là tào lao 
Biết thì nói không biết thì thôi","56","https://www.youtube.com/watch?v=Wmd7ipB5KcY","0","Đấu đá nội bộ trong cung đình CSVN: Thượng bất chính, hạ tất loạn!","comment",,"0"
"@HienNguyen-vu3qz","Điều dễ hiểu tình trạng cướp bóc ở VN không có gì ngạc nhiên vì dân nghèo đói quá, bần cùng sinh đạo tặc thôi.","56","https://www.youtube.com/watch?v=Wmd7ipB5KcY","0","Đấu đá nội bộ trong cung đình CSVN: Thượng bất chính, hạ tất loạn!","comment",,"7"
"@HienNguyen-vu3qz","Về VN mà diện bóp đầm  hiệu, đeo nữ trang , xài điện thoại đời mới thì chính là làm mồi cho cướp và chết oan mạng và bị chửi là ngu","56","https://www.youtube.com/watch?v=Wmd7ipB5KcY","0","Đấu đá nội bộ trong cung đình CSVN: Thượng bất chính, hạ tất loạn!","comment",,"0"
"@HienNguyen-vu3qz","Cám ơn bản tin của hai anh Nguyễn Xuân Nam và Đỗ Thông Minh rất thú vị .","56","https://www.youtube.com/watch?v=Wmd7ipB5KcY","0","Đấu đá nội bộ trong cung đình CSVN: Thượng bất chính, hạ tất loạn!","comment",,"6"
"@harrynguyen0720","Nam Mô A Di Đà Phật 
Nam Mô A Di Đà Phật 
Nam Mô A Di Đà Phật 
Nam Mô Bổn Sư Thích Ca Mô Ni Phật
Nam Mô Đại Bi Quan Thế Âm Bồ Tát 
Nam Mô Đại Thế Chí Bồ Tát 
Nam Mô Đại Nguyện Địa Tạng Vương Bồ Tát
Con cầu xin cho Đất Nước Việt Nam và gia đình con vượt qua được đại nạn năm 2026 
Nam Mô A Di Đà Phật 
Nam Mô A Di Đà Phật 
Nam Mô A Di Đà Phật","47","https://www.youtube.com/watch?v=blNE6qFIQ7w","0","Lời Tiên Tri 1959 Đã Ứng Nghiệm! Đại Hạn 2026 Định Đoạt Sinh Tử Vận Mệnh Người Việt!","comment",,"1"
"@hoalethi5335","Nam mo a di da phat","47","https://www.youtube.com/watch?v=blNE6qFIQ7w","0","Lời Tiên Tri 1959 Đã Ứng Nghiệm! Đại Hạn 2026 Định Đoạt Sinh Tử Vận Mệnh Người Việt!","comment",,"1"
"@hoalethi5335","Binh an","47","https://www.youtube.com/watch?v=blNE6qFIQ7w","0","Lời Tiên Tri 1959 Đã Ứng Nghiệm! Đại Hạn 2026 Định Đoạt Sinh Tử Vận Mệnh Người Việt!","comment",,"1"
"@LêThanhPhong-e4d","Có thấy có biết gì đâu mà không vô tư","47","https://www.youtube.com/watch?v=blNE6qFIQ7w","0","Lời Tiên Tri 1959 Đã Ứng Nghiệm! Đại Hạn 2026 Định Đoạt Sinh Tử Vận Mệnh Người Việt!","comment",,"1"
"@HoàiVĩnhAnMã","Tào lao....","47","https://www.youtube.com/watch?v=blNE6qFIQ7w","0","Lời Tiên Tri 1959 Đã Ứng Nghiệm! Đại Hạn 2026 Định Đoạt Sinh Tử Vận Mệnh Người Việt!","comment",,"1"
"@toanlequang1474","Nguyện cầu ai cũng tin ĐỨC NĂNG THẮNG SỐ để bản thân mình cũng như đất nước được an bình, thịnh vượng!","47","https://www.youtube.com/watch?v=blNE6qFIQ7w","0","Lời Tiên Tri 1959 Đã Ứng Nghiệm! Đại Hạn 2026 Định Đoạt Sinh Tử Vận Mệnh Người Việt!","comment",,"1"
"@HoaHue-h9r","Nam mô a Di Đà Phật nam mô a Di Đà Phật nam mô a Di Đà Phật ❤❤❤❤❤❤❤❤❤❤❤❤","47","https://www.youtube.com/watch?v=blNE6qFIQ7w","0","Lời Tiên Tri 1959 Đã Ứng Nghiệm! Đại Hạn 2026 Định Đoạt Sinh Tử Vận Mệnh Người Việt!","comment",,"1"
"@giangle5117","Nam mô a di đà Phật ❤","47","https://www.youtube.com/watch?v=blNE6qFIQ7w","0","Lời Tiên Tri 1959 Đã Ứng Nghiệm! Đại Hạn 2026 Định Đoạt Sinh Tử Vận Mệnh Người Việt!","comment",,"0"
"@NhãNgô-y4e","Tôi nghĩ là sấm trạng Trình .","47","https://www.youtube.com/watch?v=blNE6qFIQ7w","0","Lời Tiên Tri 1959 Đã Ứng Nghiệm! Đại Hạn 2026 Định Đoạt Sinh Tử Vận Mệnh Người Việt!","comment",,"0"
"@HanhHong-bo8fi","Bình An","47","https://www.youtube.com/watch?v=blNE6qFIQ7w","0","Lời Tiên Tri 1959 Đã Ứng Nghiệm! Đại Hạn 2026 Định Đoạt Sinh Tử Vận Mệnh Người Việt!","comment",,"1"
"@myhanhlethi9992","Nam mô A Di Đà Phật","47","https://www.youtube.com/watch?v=blNE6qFIQ7w","0","Lời Tiên Tri 1959 Đã Ứng Nghiệm! Đại Hạn 2026 Định Đoạt Sinh Tử Vận Mệnh Người Việt!","comment",,"1"
"@giangle5117","Nam mô a di đà Phật ❤","47","https://www.youtube.com/watch?v=blNE6qFIQ7w","0","Lời Tiên Tri 1959 Đã Ứng Nghiệm! Đại Hạn 2026 Định Đoạt Sinh Tử Vận Mệnh Người Việt!","comment",,"0"
"@BáuLê-k6z2k","Bữa giờ ông nói có gì đúng không? Nhảm nhí","47","https://www.youtube.com/watch?v=blNE6qFIQ7w","0","Lời Tiên Tri 1959 Đã Ứng Nghiệm! Đại Hạn 2026 Định Đoạt Sinh Tử Vận Mệnh Người Việt!","comment",,"0"
"@HiềnTrần-v7l2t","Xin ông trời bà đất mẹ thiên nhiên che chở cho con dân VN","47","https://www.youtube.com/watch?v=blNE6qFIQ7w","0","Lời Tiên Tri 1959 Đã Ứng Nghiệm! Đại Hạn 2026 Định Đoạt Sinh Tử Vận Mệnh Người Việt!","comment",,"2"
"@ThịYếnPhan-m6w","Nam Mô A Di Đà Phật","47","https://www.youtube.com/watch?v=blNE6qFIQ7w","0","Lời Tiên Tri 1959 Đã Ứng Nghiệm! Đại Hạn 2026 Định Đoạt Sinh Tử Vận Mệnh Người Việt!","comment",,"1"
"@BaLe-k6b","Cảm ơn kênh chia sẻ năng lượng tích cực lan tỏa chân thực  đến nhiều người ạ ;","47","https://www.youtube.com/watch?v=blNE6qFIQ7w","1","Lời Tiên Tri 1959 Đã Ứng Nghiệm! Đại Hạn 2026 Định Đoạt Sinh Tử Vận Mệnh Người Việt!","comment",,"1"
"@HùngNguyễnQuốc-y8u","Năm mô a đi đà phật ❤❤❤❤❤❤❤❤❤❤❤❤❤❤❤❤❤❤❤❤❤❤","47","https://www.youtube.com/watch?v=blNE6qFIQ7w","0","Lời Tiên Tri 1959 Đã Ứng Nghiệm! Đại Hạn 2026 Định Đoạt Sinh Tử Vận Mệnh Người Việt!","comment",,"2"
"@BaLe-k6b","Đất nước và con người việt nam sống thuận theo tự nhiên thuận theo quy luật vũ trụ không đi xâm chiếm ai cả mà các nước lớn mạnh lại đến xâm chiếm giết hại con người việt nam thiện lành nay trời đất tạo hóa vạn vật  trả quả tốt đẹp cho con người việt nam được bình an hạnh phúc ấm no và ngày càng bình đẳng trong xã hội ❤❤❤❤❤❤❤❤❤❤","47","https://www.youtube.com/watch?v=blNE6qFIQ7w","1","Lời Tiên Tri 1959 Đã Ứng Nghiệm! Đại Hạn 2026 Định Đoạt Sinh Tử Vận Mệnh Người Việt!","comment",,"0"
"@minhquan4571","Nam mô A Di Đà Phật","47","https://www.youtube.com/watch?v=blNE6qFIQ7w","0","Lời Tiên Tri 1959 Đã Ứng Nghiệm! Đại Hạn 2026 Định Đoạt Sinh Tử Vận Mệnh Người Việt!","comment",,"1"
"@hangthipham4058","VN tốt như vậy sao vẫn còn người Việt  con ông cháu cha  tìm mọi cách bỏ xứ đến các nước tạo sự nghiệp ?  Sống không hợp pháp và làm giấy giả mạo ?  .","47","https://www.youtube.com/watch?v=blNE6qFIQ7w","0","Lời Tiên Tri 1959 Đã Ứng Nghiệm! Đại Hạn 2026 Định Đoạt Sinh Tử Vận Mệnh Người Việt!","comment",,"0"
"@gomohaygogoole","Tuyệt vời ạ ❤️❤️❤️","9","https://www.youtube.com/watch?v=Dnoimkd4EIM","0","Anand tiên tri: Vì sao Việt Nam trở thành ‘Trái Tim Châu Á’ năm 2026?","reply",,"0"
"@minhtueaudio9","dạ, cảm ơn b","47","https://www.youtube.com/watch?v=blNE6qFIQ7w","0","Lời Tiên Tri 1959 Đã Ứng Nghiệm! Đại Hạn 2026 Định Đoạt Sinh Tử Vận Mệnh Người Việt!","reply",,"0"
"@tiêntrivậnmệnhviệtnam","thấy hay mà bác như không biết có thật không nhỉ😀","3","https://www.youtube.com/watch?v=dv5v0GJdwdk","0","Sấm Trạng Trình Năm 2026: Lửa Cháy Nam Quốc, Nước Ngập Bắc Thành Có Thật Sự Ứng Nghiệm? | LỐI XƯA","reply",,"0"
"@HienPhanNgoc-k6i","Bản chất Dân Tộc Việt Nam xưa nay rất tôn trọng Đạo Đức nhất là Yêu Thương nhau, giúp đỡ nhau tùy theo hoàn cảnh của mình trong những lúc ai đó gặp nguy khốn. Nhưng từ ngày bị lão Hồ dâm tặc gốc Chệt du nhập cái tà thuyết cộng sản từ bên Tầu về đã lôi Dân Tộc Việt Nam xuống tận cùng về mọi mặt, nhất là phần Đạo Đức con Người...!!! Nhưng tôi rất tin ngày xóa sập cái tà thuyết CS đang tới rất gần rồi.","27","https://www.youtube.com/watch?v=iN_dWfwFa_k","0","Lời Tiên Tri 500 Năm Ứng Nghiệm Vận Mệnh Việt Nam, Rồng Lửa Thức Giấc Hay Đại Họa Bắt Đầu?","reply",,"0"
"@gomohaygogoole","Vậy thì cô đơn lắm bạn 😆","9","https://www.youtube.com/watch?v=Dnoimkd4EIM","0","Anand tiên tri: Vì sao Việt Nam trở thành ‘Trái Tim Châu Á’ năm 2026?","reply",,"0"
"@gomohaygogoole","CẢM ƠN BẠN RẤT NHIỀU","9","https://www.youtube.com/watch?v=Dnoimkd4EIM","0","Anand tiên tri: Vì sao Việt Nam trở thành ‘Trái Tim Châu Á’ năm 2026?","reply",,"0"
"@gomohaygogoole","hello 3 que đu càng 😁","9","https://www.youtube.com/watch?v=Dnoimkd4EIM","0","Anand tiên tri: Vì sao Việt Nam trở thành ‘Trái Tim Châu Á’ năm 2026?","reply",,"0"
"@NhànNhàn-y1n","1 Việt Nam   Bình an thịnh vượng phát triển bền vững.","47","https://www.youtube.com/watch?v=blNE6qFIQ7w","0","Lời Tiên Tri 1959 Đã Ứng Nghiệm! Đại Hạn 2026 Định Đoạt Sinh Tử Vận Mệnh Người Việt!","comment",,"3"
"@HoaPhạm-y4f","Vâng con biết biết biết ơn ngài và vũ trụ con rất tôn trọng và chân thành biết biết biết ơn sâu sắc nam mô a Di Đà Phật nam mô a Di Đà Phật nam mô a Di Đà Phật nam mô a Di Đà Phật nam mô a Di Đà Phật nam mô a Di Đà Phật","47","https://www.youtube.com/watch?v=blNE6qFIQ7w","0","Lời Tiên Tri 1959 Đã Ứng Nghiệm! Đại Hạn 2026 Định Đoạt Sinh Tử Vận Mệnh Người Việt!","comment",,"0"
"@lieule6056","Bài Bình luận hay❤❤❤","47","https://www.youtube.com/watch?v=blNE6qFIQ7w","1","Lời Tiên Tri 1959 Đã Ứng Nghiệm! Đại Hạn 2026 Định Đoạt Sinh Tử Vận Mệnh Người Việt!","comment",,"3"
"@TuuPham-e4r","nước viêt nam tôi là một nước bé nhỏ ỡ ven bờ biễn cã có núi lớn làm thành có sông sâu làm luỷ có những danh lam thắng cảnh trang hoàng Dân tôi là một giống dân giàu cãm tình và nhân đạo tôi yêu nước tôi tôi mến dân tộc tôi lòng yêu mến của tôi vô lượng vô bờ thiêng liêng cao cả vì nước tôi là nơi chôn nhau cắt rốn của tôi vì dân tôi biết giử gìn đất nước của tôi |tôi sống trên mảnh đất của tổ tiên tôi đả sống tôi thở không khí của tổ tiên tôi đả thở nên một cành cây một tất đất của non sông hoa gấm nầy không ai được quyền xâm phạm đến❤❤❤❤❤❤","47","https://www.youtube.com/watch?v=blNE6qFIQ7w","0","Lời Tiên Tri 1959 Đã Ứng Nghiệm! Đại Hạn 2026 Định Đoạt Sinh Tử Vận Mệnh Người Việt!","comment",,"4"
"@Hacker-ij9xl","Nam mô a di đà phật🙏🙏🙏❤️❤️❤️🥲","47","https://www.youtube.com/watch?v=blNE6qFIQ7w","0","Lời Tiên Tri 1959 Đã Ứng Nghiệm! Đại Hạn 2026 Định Đoạt Sinh Tử Vận Mệnh Người Việt!","comment",,"4"
"@Hiền-264","Nam mô  Đại  Từ Đại Bi Quan  Thế Âm Bo Tat  Nam mô A Di Đà Phật Nam mô A Di Đà Phật Nam mô A Di Đà Phật","47","https://www.youtube.com/watch?v=blNE6qFIQ7w","1","Lời Tiên Tri 1959 Đã Ứng Nghiệm! Đại Hạn 2026 Định Đoạt Sinh Tử Vận Mệnh Người Việt!","comment",,"1"
"@LoanNguyen-y7n3z","Nam mô a Di Đà Phật ❤❤❤❤❤❤ nam mô bổn sư thích ca mâu Ni Phật ❤❤❤❤❤❤","47","https://www.youtube.com/watch?v=blNE6qFIQ7w","0","Lời Tiên Tri 1959 Đã Ứng Nghiệm! Đại Hạn 2026 Định Đoạt Sinh Tử Vận Mệnh Người Việt!","comment",,"3"
"@HungTran-zh3pd","Vịêt Nam con cháu Ląc Höng
Muôn năm vinh hīên Tiên Ròng Thiên ân
Di Ðà linh tuyën Hùynh Nhân
Di Ląc xuät thë xaoy vän Nam Phüơng
Phât Tiên Thän Thánh Nhân dương Long Hoa Ðąi Hôị Thương  Ngươn làm nën
Năm châu bõn bīên auy nguyên
Vąn loài chung hüơng an nhiên thái bình","47","https://www.youtube.com/watch?v=blNE6qFIQ7w","3","Lời Tiên Tri 1959 Đã Ứng Nghiệm! Đại Hạn 2026 Định Đoạt Sinh Tử Vận Mệnh Người Việt!","comment",,"1"
"@Kim3Thien-j9k","A Di Đà Phật","47","https://www.youtube.com/watch?v=blNE6qFIQ7w","0","Lời Tiên Tri 1959 Đã Ứng Nghiệm! Đại Hạn 2026 Định Đoạt Sinh Tử Vận Mệnh Người Việt!","comment",,"4"
"@CúcNguyễn-x5s4w","Ông Bùi tiến lợi tố cáo ông lương cường về vụ gì đó mọi người?","16","https://www.youtube.com/watch?v=1az716GSTsc","0","Cuộc chiến quyền lực trong Đảng Cộng sản đang nóng lên!","comment",,"0"
"@CúcNguyễn-x5s4w","🥰🥰🥰🥰🥰🥰🥰🥰🥰🥰🥰🥰🥰🥰❤❤❤❤❤❤❤❤❤❤❤❤❤❤em rất thông minh","16","https://www.youtube.com/watch?v=1az716GSTsc","0","Cuộc chiến quyền lực trong Đảng Cộng sản đang nóng lên!","comment",,"0"
"@ĐăngThưởngHuỳnh","Quân đội Việt Cộng có 2 bộ hihi 😂😂😂","16","https://www.youtube.com/watch?v=1az716GSTsc","0","Cuộc chiến quyền lực trong Đảng Cộng sản đang nóng lên!","comment",,"0"
"@PhoneCell-f3s","Bộ tên lửa phải thuộc bộ quốc phòng chứ. Chị nói rất hay. Tin gọn sao sinh ra nhiều phú quá","16","https://www.youtube.com/watch?v=1az716GSTsc","0","Cuộc chiến quyền lực trong Đảng Cộng sản đang nóng lên!","comment",,"0"
"@phongtruongquang7448","Btl pháo binh tên lửa chỉ là một đơn vị của quân đội.","16","https://www.youtube.com/watch?v=1az716GSTsc","0","Cuộc chiến quyền lực trong Đảng Cộng sản đang nóng lên!","comment",,"0"
"@Trươnghoangphuoc-g4c","❤❤❤❤❤❤🎉🎉🎉🎉","16","https://www.youtube.com/watch?v=1az716GSTsc","0","Cuộc chiến quyền lực trong Đảng Cộng sản đang nóng lên!","comment",,"0"
"@loinguyentan7980","Đúng vậy gọi là bộ phận chuyên trách tên lửa pháo binh trực thuộc bộ quốc phòng hợp lý hơn","16","https://www.youtube.com/watch?v=1az716GSTsc","0","Cuộc chiến quyền lực trong Đảng Cộng sản đang nóng lên!","comment",,"0"
"@HshshsHshg-g2f","Trước kia là quân chủng phòng không không quân,xong rồi tách ra thành Quân chủng Phòng không, trong quân chủng nó có tư lệnh Quân chủng em ạ","16","https://www.youtube.com/watch?v=1az716GSTsc","0","Cuộc chiến quyền lực trong Đảng Cộng sản đang nóng lên!","comment",,"0"
"@NhânVlogVT","TL LÀ PHE 3X XƯA ĐẾN NAY 👍","16","https://www.youtube.com/watch?v=1az716GSTsc","0","Cuộc chiến quyền lực trong Đảng Cộng sản đang nóng lên!","comment",,"1"
"@lanhhoangthi2073","Chào mẹ Nấm!","16","https://www.youtube.com/watch?v=1az716GSTsc","0","Cuộc chiến quyền lực trong Đảng Cộng sản đang nóng lên!","comment",,"2"
"@UyenTran-nf4gu","Quỳnh đẹp nhé","16","https://www.youtube.com/watch?v=1az716GSTsc","0","Cuộc chiến quyền lực trong Đảng Cộng sản đang nóng lên!","comment",,"1"
"@hienta4265","Hai thằng này nó quýnh nhau thì chao ôi! Hay đây.","16","https://www.youtube.com/watch?v=1az716GSTsc","0","Cuộc chiến quyền lực trong Đảng Cộng sản đang nóng lên!","comment",,"1"
"@BôngHà-y8c","Chào Mẹ Nấm csk ❤❤","16","https://www.youtube.com/watch?v=1az716GSTsc","0","Cuộc chiến quyền lực trong Đảng Cộng sản đang nóng lên!","comment",,"2"
"@kimlinh67","🥰🌹👋","16","https://www.youtube.com/watch?v=1az716GSTsc","0","Cuộc chiến quyền lực trong Đảng Cộng sản đang nóng lên!","comment",,"1"
"@tiktiktran751","Chào NQ Mẹ Nấm csk an lành ❤️","16","https://www.youtube.com/watch?v=1az716GSTsc","0","Cuộc chiến quyền lực trong Đảng Cộng sản đang nóng lên!","comment",,"1"
"@chicodoita91","👍🌹","16","https://www.youtube.com/watch?v=1az716GSTsc","0","Cuộc chiến quyền lực trong Đảng Cộng sản đang nóng lên!","comment",,"1"
,,"0",,,"Cổ tích 3D tết Việt Nam 2026 - PHÙ THỦY DỤ DỖ - Bài học cuộc sống - Cổ tích sự tích Việt 2026","video",,
,,"0",,,"Tử vi tuổi Mão 2026: Một năm nhiều biến động","video",,
"@VuTran-w2d5o","Ong Trum ong noi vay thoi nhung cham toi long tu trong cua nuoc My di roi se thay cai ket","166","https://www.youtube.com/watch?v=n59FWQsDtRc","0","Live 24-03 (Sáng): Kế Ly Gián Của TT Trump Khiến Nội Bộ Iran Chia Rẽ, Thanh Trừng Lẫn Nhau?","comment",,"0"
"@DucPham-qv8mn","Trump ? kg the biet ngai nghi gi !!! Chuyen ngai lam deu bat ngo va kg bat ngo ??? Ket qua phai doi ( 3 mui . Thuy quan luc chien va Du 82 ) kho vu khi thi dang can dan ? Dat hang them cho quan su la vo tan ? nhieu tien cho cuoc chien la kg hop ly voi Trump ...  Xang , dau va moi thu nhat dinh phai tang cao trong nhieu va nhieu thang . Cong them muoi hut mau trong thoi diem nay la kg tranh khoi ... Ung ho Ngai Trump vo dieu kien","166","https://www.youtube.com/watch?v=n59FWQsDtRc","0","Live 24-03 (Sáng): Kế Ly Gián Của TT Trump Khiến Nội Bộ Iran Chia Rẽ, Thanh Trừng Lẫn Nhau?","comment",,"0"
"@nancydo5239","❤️❤️❤️❤️❤️❤️❤️❤️❤️","166","https://www.youtube.com/watch?v=n59FWQsDtRc","0","Live 24-03 (Sáng): Kế Ly Gián Của TT Trump Khiến Nội Bộ Iran Chia Rẽ, Thanh Trừng Lẫn Nhau?","comment",,"0"
"@margueritepham3797","Chuc  DAM  QUAN SU     cùng gia  dinh    van su an lành  may  man    suc  khoe   nhé   BONNE CHANCE","166","https://www.youtube.com/watch?v=n59FWQsDtRc","0","Live 24-03 (Sáng): Kế Ly Gián Của TT Trump Khiến Nội Bộ Iran Chia Rẽ, Thanh Trừng Lẫn Nhau?","comment",,"1"
"@qkleditz","❤❤","166","https://www.youtube.com/watch?v=n59FWQsDtRc","0","Live 24-03 (Sáng): Kế Ly Gián Của TT Trump Khiến Nội Bộ Iran Chia Rẽ, Thanh Trừng Lẫn Nhau?","comment",,"0"
"@thi-hanhtran3953","Cảm ơn Danny❤tt Trump là người mang lại hòa bình cho thế giới 🙏","166","https://www.youtube.com/watch?v=n59FWQsDtRc","0","Live 24-03 (Sáng): Kế Ly Gián Của TT Trump Khiến Nội Bộ Iran Chia Rẽ, Thanh Trừng Lẫn Nhau?","comment",,"0"
"@TaiLe-rq4cy","Hay","166","https://www.youtube.com/watch?v=n59FWQsDtRc","0","Live 24-03 (Sáng): Kế Ly Gián Của TT Trump Khiến Nội Bộ Iran Chia Rẽ, Thanh Trừng Lẫn Nhau?","comment",,"0"
"@ucinh9755","Trump là bậc thầy đàm phán lại được chúa cất nhắc giao trọng trách gìn giữ hoà bình cho thế giới  mong ngài luôn vững tin vào chúa","166","https://www.youtube.com/watch?v=n59FWQsDtRc","0","Live 24-03 (Sáng): Kế Ly Gián Của TT Trump Khiến Nội Bộ Iran Chia Rẽ, Thanh Trừng Lẫn Nhau?","comment",,"0"
"@BaBinhNguyen-xj4ii","Bon hôi giao nay cung đâu thi cho chung đi gap thanh a la cua chung hêt đi TT trăm va L quân ko cân noi nhiêu,cho chung câm cai Loa ze nay đi","166","https://www.youtube.com/watch?v=n59FWQsDtRc","0","Live 24-03 (Sáng): Kế Ly Gián Của TT Trump Khiến Nội Bộ Iran Chia Rẽ, Thanh Trừng Lẫn Nhau?","comment",,"0"
"@chupahchicucthongke5651","Bạn bình luận rất hay, mình thường xuyên theo dõi. Tổng thống mỹ rất giỏi, trong vòng mấy tháng đã giải quyết xong chế độ 3 nước, dân đỡ khổ","166","https://www.youtube.com/watch?v=n59FWQsDtRc","0","Live 24-03 (Sáng): Kế Ly Gián Của TT Trump Khiến Nội Bộ Iran Chia Rẽ, Thanh Trừng Lẫn Nhau?","comment",,"0"
"@KaTram-h8h","TT Trumr chơi trò +s đánh +s, tung hỏa mù, nhưng vẫn dám sát chặt chẽ","166","https://www.youtube.com/watch?v=n59FWQsDtRc","0","Live 24-03 (Sáng): Kế Ly Gián Của TT Trump Khiến Nội Bộ Iran Chia Rẽ, Thanh Trừng Lẫn Nhau?","comment",,"0"
"@noregret1599","Trump thật vĩ đại.","166","https://www.youtube.com/watch?v=n59FWQsDtRc","0","Live 24-03 (Sáng): Kế Ly Gián Của TT Trump Khiến Nội Bộ Iran Chia Rẽ, Thanh Trừng Lẫn Nhau?","comment",,"0"
"@DUYAN73","Tt trump chọn marco làm ngoại trưởng cũng là kẻ chống trump","166","https://www.youtube.com/watch?v=n59FWQsDtRc","0","Live 24-03 (Sáng): Kế Ly Gián Của TT Trump Khiến Nội Bộ Iran Chia Rẽ, Thanh Trừng Lẫn Nhau?","comment",,"0"
"@tayhanhky__bafnguumuoi8065","Nam mô a Di Đà phat ❤❤❤❤❤❤❤❤❤","166","https://www.youtube.com/watch?v=n59FWQsDtRc","0","Live 24-03 (Sáng): Kế Ly Gián Của TT Trump Khiến Nội Bộ Iran Chia Rẽ, Thanh Trừng Lẫn Nhau?","comment",,"0"
"@vickyoung1125","Tôi thấy Tổng thống Trump rất thông minh, và có Chúa đang giúp đỡ ông. Chúng ta đã chứng kiến ​​chính quyền Biden nỗ lực để hủy hoại ông Trump, nhưng đã thất bại. Thay vào đó, ông ta quay lại để hủy diệt Biden và đảng của ông ấy. Trước khi tấn công Iran, ông Trump đã duy trì cuộc xung đột giữa Nga và Ukraine, đồng thời thúc giục các công ty Mỹ rút khỏi Trung Quốc và leo thang các mức thuế quan. Sau đó, ông chuyển sang tìm cách nắm quyền kiểm soát trữ lượng dầu mỏ của Venezuela—một nguồn cung mà Trung Quốc từ lâu đã phụ thuộc. Sau khi gây sức ép lên cả Nga lẫn Trung Quốc, ông Trump tiến hành phát động các đợt không kích nhằm vào Iran, ngay trước ánh mắt bất lực của hai cường quốc này.","166","https://www.youtube.com/watch?v=n59FWQsDtRc","0","Live 24-03 (Sáng): Kế Ly Gián Của TT Trump Khiến Nội Bộ Iran Chia Rẽ, Thanh Trừng Lẫn Nhau?","comment",,"0"
"@vinhl1","Quá hây, cám ơn em trai rất nhiều.......#1..","166","https://www.youtube.com/watch?v=n59FWQsDtRc","0","Live 24-03 (Sáng): Kế Ly Gián Của TT Trump Khiến Nội Bộ Iran Chia Rẽ, Thanh Trừng Lẫn Nhau?","comment",,"2"
"@thithutamtran2462","🙋‍♀️👌🫶🇨🇭","166","https://www.youtube.com/watch?v=n59FWQsDtRc","0","Live 24-03 (Sáng): Kế Ly Gián Của TT Trump Khiến Nội Bộ Iran Chia Rẽ, Thanh Trừng Lẫn Nhau?","comment",,"0"
"@DuongDinh-h7w4n","Kênh hay ủng hộ kênh pt mạnh mẽ hơn ❤️ TT trum và thế giới đang tiêu diệt cu WC I ran bọn khủng bố phải bi thế giới tiêu diệt ❤","166","https://www.youtube.com/watch?v=n59FWQsDtRc","0","Live 24-03 (Sáng): Kế Ly Gián Của TT Trump Khiến Nội Bộ Iran Chia Rẽ, Thanh Trừng Lẫn Nhau?","comment",,"1"
"@ykienmorong","Ông Trump nói dóc phản gián thôi chứ chẳng có thằng tà giáo nào đi sân sau gọi  ổng đàm phán cả đâu !","166","https://www.youtube.com/watch?v=n59FWQsDtRc","0","Live 24-03 (Sáng): Kế Ly Gián Của TT Trump Khiến Nội Bộ Iran Chia Rẽ, Thanh Trừng Lẫn Nhau?","comment",,"0"
"@TruongTran-jk2rg","🤪🪴🌻🍉😛👍☝️🤪🪴🌻🍉","166","https://www.youtube.com/watch?v=n59FWQsDtRc","0","Live 24-03 (Sáng): Kế Ly Gián Của TT Trump Khiến Nội Bộ Iran Chia Rẽ, Thanh Trừng Lẫn Nhau?","comment",,"0"
"@phuoclannguyen3923","Lê Minh Hưng, không thể bởi quản lý tiền tệ dính vụ Trương Mỹ Lan, không thể nói là giỏi được","3","https://www.youtube.com/watch?v=F2J3Ab_-otc","2","Lê Minh Hưng hay Trần Lưu Quang: Ai sẽ là Tân Thủ tướng Chính phủ khóa 16?","comment",,"0"
"@lanthitrang4336","Đất nước Việt Nam là một dân tộc Việt Nam là một. Tôi yêu Đất nước tôi tổ Quốc tôi","411","https://www.youtube.com/watch?v=ZBc0lIn_fPk","0","Cảnh Báo 2026: Thế Chiến 3 Lan Rộng? Vanga Tiên Tri Việt Nam Là Phao Cứu Sinh Của Nhân Loại","comment",,"0"
"@lanthitrang4336","Tôi tự hào là người Việt Nam","411","https://www.youtube.com/watch?v=ZBc0lIn_fPk","0","Cảnh Báo 2026: Thế Chiến 3 Lan Rộng? Vanga Tiên Tri Việt Nam Là Phao Cứu Sinh Của Nhân Loại","comment",,"0"
"@yenluu2039","Tôi tự hào là người vn","411","https://www.youtube.com/watch?v=ZBc0lIn_fPk","0","Cảnh Báo 2026: Thế Chiến 3 Lan Rộng? Vanga Tiên Tri Việt Nam Là Phao Cứu Sinh Của Nhân Loại","comment",,"0"
"@hanhtran1202","Nam mô a Di Đà Phật","411","https://www.youtube.com/watch?v=ZBc0lIn_fPk","0","Cảnh Báo 2026: Thế Chiến 3 Lan Rộng? Vanga Tiên Tri Việt Nam Là Phao Cứu Sinh Của Nhân Loại","comment",,"0"
"@luyenho90","Nam mô a di đà phật","411","https://www.youtube.com/watch?v=ZBc0lIn_fPk","0","Cảnh Báo 2026: Thế Chiến 3 Lan Rộng? Vanga Tiên Tri Việt Nam Là Phao Cứu Sinh Của Nhân Loại","comment",,"0"
"@VxnsjdgdiueRwueodjdb","Nam Mô A Di Đà Phật","411","https://www.youtube.com/watch?v=ZBc0lIn_fPk","0","Cảnh Báo 2026: Thế Chiến 3 Lan Rộng? Vanga Tiên Tri Việt Nam Là Phao Cứu Sinh Của Nhân Loại","comment",,"0"
"@LươngNguyễn-c9l","Con cảm ơn các cụ củi Huyền that to da de phuc duc cho con cháu Việt Nam hưởng phuc nam mô a di da phat","411","https://www.youtube.com/watch?v=ZBc0lIn_fPk","0","Cảnh Báo 2026: Thế Chiến 3 Lan Rộng? Vanga Tiên Tri Việt Nam Là Phao Cứu Sinh Của Nhân Loại","comment",,"0"
"@shopfpt7495","Nam mô a di da phat cau cho vn binh an","411","https://www.youtube.com/watch?v=ZBc0lIn_fPk","0","Cảnh Báo 2026: Thế Chiến 3 Lan Rộng? Vanga Tiên Tri Việt Nam Là Phao Cứu Sinh Của Nhân Loại","comment",,"0"
"@TamTran-hr1qd","Cầu cho thế giới Hòa Bình chúng sinh an lạc bệnh tật tiêu trừ căn lành tăng trưởng nhà nhà an vui người người khỏe mạnh khỏe bình an phát đạt","411","https://www.youtube.com/watch?v=ZBc0lIn_fPk","0","Cảnh Báo 2026: Thế Chiến 3 Lan Rộng? Vanga Tiên Tri Việt Nam Là Phao Cứu Sinh Của Nhân Loại","comment",,"0"
"@phuonghuyennguyen92","Tôi tự hào là nguôi Việt Nam","411","https://www.youtube.com/watch?v=ZBc0lIn_fPk","0","Cảnh Báo 2026: Thế Chiến 3 Lan Rộng? Vanga Tiên Tri Việt Nam Là Phao Cứu Sinh Của Nhân Loại","comment",,"0"
"@HoaTran-tw7zs","cầu cho mn mọi nhà đều bình an","411","https://www.youtube.com/watch?v=ZBc0lIn_fPk","0","Cảnh Báo 2026: Thế Chiến 3 Lan Rộng? Vanga Tiên Tri Việt Nam Là Phao Cứu Sinh Của Nhân Loại","comment",,"1"
"@KhoaVũĐăng-w1e","Nam mô a đi đà Phật","411","https://www.youtube.com/watch?v=ZBc0lIn_fPk","0","Cảnh Báo 2026: Thế Chiến 3 Lan Rộng? Vanga Tiên Tri Việt Nam Là Phao Cứu Sinh Của Nhân Loại","comment",,"0"
"@BáuĐoan-w6y","Cam on dang va bac da lanh dao dat nuoc viet nam","411","https://www.youtube.com/watch?v=ZBc0lIn_fPk","0","Cảnh Báo 2026: Thế Chiến 3 Lan Rộng? Vanga Tiên Tri Việt Nam Là Phao Cứu Sinh Của Nhân Loại","comment",,"1"
"@LinhLê-i2n","Tôi tự hào là người VIỆT NAM","411","https://www.youtube.com/watch?v=ZBc0lIn_fPk","0","Cảnh Báo 2026: Thế Chiến 3 Lan Rộng? Vanga Tiên Tri Việt Nam Là Phao Cứu Sinh Của Nhân Loại","comment",,"1"
"@langnguyen6485","Nam mô bổn sư thích ca mâu Ni Phật, Nam mô a Di Đà Phật","411","https://www.youtube.com/watch?v=ZBc0lIn_fPk","0","Cảnh Báo 2026: Thế Chiến 3 Lan Rộng? Vanga Tiên Tri Việt Nam Là Phao Cứu Sinh Của Nhân Loại","comment",,"1"
"@lecamhong7242","Nam mô a Di Đà Phật 🙏🙏🙏❤❤❤🙏🙏🙏!","411","https://www.youtube.com/watch?v=ZBc0lIn_fPk","0","Cảnh Báo 2026: Thế Chiến 3 Lan Rộng? Vanga Tiên Tri Việt Nam Là Phao Cứu Sinh Của Nhân Loại","comment",,"1"
"@thithuybui5320","Các Cụ bảo Con ngựa bất kham, Của đạo Lừa đảo, Nó đang Bào Mòn Túi tiền Của Người Làm Công,, Các Cụ bảo Vì Lời Nói Cạn bã thâm độc, Với Người thiện, Các Cụ bảo Đúng Là Con Ngựa bất kham, Nó Chỉ đi đục khoét Như Sâu bọ, Câu Nói Rất Chuẩn Và Chính Sác,Đạo Lừa đảo, Nó Làm,","411","https://www.youtube.com/watch?v=ZBc0lIn_fPk","0","Cảnh Báo 2026: Thế Chiến 3 Lan Rộng? Vanga Tiên Tri Việt Nam Là Phao Cứu Sinh Của Nhân Loại","comment",,"0"
"@lequocminh5481","Tôi tự hào là người Việt Nam!
Tôi hãnh diện là người Việt Nam
Tôi yêu đất nước và con người Việt Nam","411","https://www.youtube.com/watch?v=ZBc0lIn_fPk","0","Cảnh Báo 2026: Thế Chiến 3 Lan Rộng? Vanga Tiên Tri Việt Nam Là Phao Cứu Sinh Của Nhân Loại","comment",,"1"
"@VânNguyễn-f2f9g","Nam mô a di dad phật","411","https://www.youtube.com/watch?v=ZBc0lIn_fPk","0","Cảnh Báo 2026: Thế Chiến 3 Lan Rộng? Vanga Tiên Tri Việt Nam Là Phao Cứu Sinh Của Nhân Loại","comment",,"1"
"@PhươngTăng-v7n","Tôi tự hào là người Việt Nam","411","https://www.youtube.com/watch?v=ZBc0lIn_fPk","0","Cảnh Báo 2026: Thế Chiến 3 Lan Rộng? Vanga Tiên Tri Việt Nam Là Phao Cứu Sinh Của Nhân Loại","comment",,"1"
"@vandehomnay","Điểm nóng thế giới 8/7: Ông Macron bị giáng đòn chí tử, Pháp dễ bế tắc chính trị quốc hội treo
https://youtu.be/JfoaOvl7d3I","1","https://www.youtube.com/watch?v=HHdj4x7RF3s","0","Tin thế giới: Ông Attal từ chức, Pháp ‘đấu súng’ nghẹt thở giữa loạt ứng cử viên ‘nặng ký’","comment",,"2"
"@PhươngHoàngTrọng-h3p","Vớ vẫn","3","https://www.youtube.com/watch?v=F2J3Ab_-otc","0","Lê Minh Hưng hay Trần Lưu Quang: Ai sẽ là Tân Thủ tướng Chính phủ khóa 16?","reply",,"0"
"@MuhmmadSarwer-k1m","​ @PhươngHoàngTrọng-h3p ل","3","https://www.youtube.com/watch?v=F2J3Ab_-otc","0","Lê Minh Hưng hay Trần Lưu Quang: Ai sẽ là Tân Thủ tướng Chính phủ khóa 16?","reply",,"0"
"@hanngoc5835","Trên ván cờ Ngài Trump đầy đủ quân số
Đối thủ thì ""chẳng còn gì cả""
Ngài Trump thật tuyệt vời
❤❤❤","166","https://www.youtube.com/watch?v=n59FWQsDtRc","0","Live 24-03 (Sáng): Kế Ly Gián Của TT Trump Khiến Nội Bộ Iran Chia Rẽ, Thanh Trừng Lẫn Nhau?","comment",,"0"
"@mainguyenthi6838","Trump thiên tài","166","https://www.youtube.com/watch?v=n59FWQsDtRc","0","Live 24-03 (Sáng): Kế Ly Gián Của TT Trump Khiến Nội Bộ Iran Chia Rẽ, Thanh Trừng Lẫn Nhau?","comment",,"0"
"@canhle4255","Bản tin rất tuyệt vời , cảm ơn Đam Ny rất nhiều ,","166","https://www.youtube.com/watch?v=n59FWQsDtRc","0","Live 24-03 (Sáng): Kế Ly Gián Của TT Trump Khiến Nội Bộ Iran Chia Rẽ, Thanh Trừng Lẫn Nhau?","comment",,"2"
"@LongTran-w3h","❤","166","https://www.youtube.com/watch?v=n59FWQsDtRc","0","Live 24-03 (Sáng): Kế Ly Gián Của TT Trump Khiến Nội Bộ Iran Chia Rẽ, Thanh Trừng Lẫn Nhau?","comment",,"0"
"@nguyendong2682","Hư hư thực thực trong binh pháp là vậy 
Trâm quá giỏi","166","https://www.youtube.com/watch?v=n59FWQsDtRc","0","Live 24-03 (Sáng): Kế Ly Gián Của TT Trump Khiến Nội Bộ Iran Chia Rẽ, Thanh Trừng Lẫn Nhau?","comment",,"5"
"@HienNguyen-et1su","TTTRUMP đang dụ rắn ra khỏi hang để đập đầu rắn tiếp","166","https://www.youtube.com/watch?v=n59FWQsDtRc","0","Live 24-03 (Sáng): Kế Ly Gián Của TT Trump Khiến Nội Bộ Iran Chia Rẽ, Thanh Trừng Lẫn Nhau?","comment",,"0"
"@kietpham-lf2bo","Bình luận rất hay","166","https://www.youtube.com/watch?v=n59FWQsDtRc","0","Live 24-03 (Sáng): Kế Ly Gián Của TT Trump Khiến Nội Bộ Iran Chia Rẽ, Thanh Trừng Lẫn Nhau?","comment",,"1"
"@khanhdoan9005","Tin rất hay","166","https://www.youtube.com/watch?v=n59FWQsDtRc","0","Live 24-03 (Sáng): Kế Ly Gián Của TT Trump Khiến Nội Bộ Iran Chia Rẽ, Thanh Trừng Lẫn Nhau?","comment",,"1"
"@PassionInZen","TT Trump nói đàm phán với Iran đang thuận lợi, và nhấn mạnh rằng việc này đã diễn ra từ 2 ngày trước.
Với người ngoài, đó chỉ là thông tin bình thường. Nhưng với nội bộ, chi tiết “2 ngày trước” lại cực kỳ nhạy cảm: Ai đã tham gia, kênh nào được dùng, và vì sao mình không biết? 
Những ai có động thái đáng ngờ nhất trong thời gian đó? Chưa kể thêm sức mạnh truyền thông của báo chí và đặc biệt là từ các truyền thông ủng hộ Iran ở Pakistan.

=> Chỉ một mốc thời gian cũng đủ tạo nghi ngờ, khiến các bên tự suy đoán lẫn nhau. Khi niềm tin bắt đầu rạn nứt, hệ thống sẽ tự yếu đi, lãnh đạo chia rẻ, binh linh như rắn mất đầu. 
Để xem Iran có còn đủ tỉnh táo để nhìn ra kế giả giả thật thật của ngài TT Trump ""Cao tay"" không?","166","https://www.youtube.com/watch?v=n59FWQsDtRc","0","Live 24-03 (Sáng): Kế Ly Gián Của TT Trump Khiến Nội Bộ Iran Chia Rẽ, Thanh Trừng Lẫn Nhau?","comment",,"0"
"@bangvupham6410","Trục ma qủy gồm có : Trung Quốc, Cộng Sản Việt Nam, Bác Hàn, Nga Sô, trong trục ma Qủy này csvn là hạng bét.","166","https://www.youtube.com/watch?v=n59FWQsDtRc","0","Live 24-03 (Sáng): Kế Ly Gián Của TT Trump Khiến Nội Bộ Iran Chia Rẽ, Thanh Trừng Lẫn Nhau?","comment",,"0"
"@VânNguyễn-f2f9g","Nam mô a di đà phật","411","https://www.youtube.com/watch?v=ZBc0lIn_fPk","0","Cảnh Báo 2026: Thế Chiến 3 Lan Rộng? Vanga Tiên Tri Việt Nam Là Phao Cứu Sinh Của Nhân Loại","comment",,"0"
"@MaiNguyen-mf4nf","Nam Mô A Di Đà Phật","411","https://www.youtube.com/watch?v=ZBc0lIn_fPk","0","Cảnh Báo 2026: Thế Chiến 3 Lan Rộng? Vanga Tiên Tri Việt Nam Là Phao Cứu Sinh Của Nhân Loại","comment",,"0"
"@vietle3457","NAM MÔ A DI ĐÀ PHẬT","411","https://www.youtube.com/watch?v=ZBc0lIn_fPk","0","Cảnh Báo 2026: Thế Chiến 3 Lan Rộng? Vanga Tiên Tri Việt Nam Là Phao Cứu Sinh Của Nhân Loại","comment",,"0"
"@NamLê-j5j","Canh tuất 1970 tự hào","411","https://www.youtube.com/watch?v=ZBc0lIn_fPk","0","Cảnh Báo 2026: Thế Chiến 3 Lan Rộng? Vanga Tiên Tri Việt Nam Là Phao Cứu Sinh Của Nhân Loại","comment",,"0"
"@NamLê-j5j","🎉😂🎉😂Nam mô a di đà phật cầu gia đình bình an khỏe mạnh","411","https://www.youtube.com/watch?v=ZBc0lIn_fPk","0","Cảnh Báo 2026: Thế Chiến 3 Lan Rộng? Vanga Tiên Tri Việt Nam Là Phao Cứu Sinh Của Nhân Loại","comment",,"0"
"@DungLe-us2gn","Tư hào là người dân VN.Nam mô a Di Đà Phật, cầu mong cho Gia đình và Đất nước VN luôn bình an và may mắn.","411","https://www.youtube.com/watch?v=ZBc0lIn_fPk","0","Cảnh Báo 2026: Thế Chiến 3 Lan Rộng? Vanga Tiên Tri Việt Nam Là Phao Cứu Sinh Của Nhân Loại","comment",,"0"
"@Quyphiang","Tôi tưi hào là người vn","411","https://www.youtube.com/watch?v=ZBc0lIn_fPk","0","Cảnh Báo 2026: Thế Chiến 3 Lan Rộng? Vanga Tiên Tri Việt Nam Là Phao Cứu Sinh Của Nhân Loại","comment",,"1"
"@canizaha3413","Tôi luôn tự hào mình được sinh ra ở Việt Nam ,là ngườI dân Việt Nam .","411","https://www.youtube.com/watch?v=ZBc0lIn_fPk","0","Cảnh Báo 2026: Thế Chiến 3 Lan Rộng? Vanga Tiên Tri Việt Nam Là Phao Cứu Sinh Của Nhân Loại","comment",,"0"
"@luunguyenky-tl4by","Kíu thế chỉ mình tôi. 
Mà anh đi giãi xoay vần ở đâu.","411","https://www.youtube.com/watch?v=ZBc0lIn_fPk","0","Cảnh Báo 2026: Thế Chiến 3 Lan Rộng? Vanga Tiên Tri Việt Nam Là Phao Cứu Sinh Của Nhân Loại","comment",,"0"
"@trucmai180","Nam mô a Di Đà Phật , con xin ơn trên trời phật hộ độ tất cả trúng sinh , trên trái đất mội người được cơm no áo ấm ,","411","https://www.youtube.com/watch?v=ZBc0lIn_fPk","0","Cảnh Báo 2026: Thế Chiến 3 Lan Rộng? Vanga Tiên Tri Việt Nam Là Phao Cứu Sinh Của Nhân Loại","comment",,"0"
,,"0",,,"BUỔI 2 : KHÓA HỌC THIẾT LẬP MỤC TIÊU 2026","video",,
"@TrầnHuệ-s1j","Vậy cuối cùng vẫn là bao năm đi làm tôi mọi cho xã hội 😂😂😂😂😂😂","4","https://www.youtube.com/watch?v=QjulJJsXyvk","0","Thị trường lao động 2026: Cuộc đại thanh trừng lao động phổ thông bắt đầu?","comment",,"1"
"@giangduong7730","Chua chát: thưởng để chia tay !","4","https://www.youtube.com/watch?v=QjulJJsXyvk","0","Thị trường lao động 2026: Cuộc đại thanh trừng lao động phổ thông bắt đầu?","comment",,"0"
"@quangmanh6248","Còn ở chỗ tôi làm việc mấy bạn trẻ 2k toàn dán mắt vào nghịch điện thoại, lúc ăn lúc nghỉ cũng Game Tiktok nhảm nhí suốt, thời gian dc ngủ nghỉ thì toàn dán mắt vào điện thoại nên suốt ngày kêu mệt nên giờ lớp trẻ hiện nay mới bị đột quỵ nhiều như vậy đó

Làm thì lười vừa vào học việc cũng đòi lương 18-20 triệu như người có kinh nghiệm 10-20 năm thì chủ nào người ta nuôi nổi. Chưa làm đã chê lương thấp thì còn thất nghiệp đói khổ dài dài 😊😅

Thật đó 😊Vì mình thấy lớp trẻ bây giờ rất nghiện chơi game tik tok video nhảm nhí loạn luân bạo lực... trên mạng nên rất vô ơn không có hiếu với ông bà bố mẹ như lứa 9x trở về trước ,và lứa 2x trở lại đây lúc nào cũng đòi hỏi bố mẹ gđ, nhà nước phải thế nọ thế kia nhưng rất lười làm ham ăn ham chơi vô ơn bất hiếu bất nghĩa bất nhân thật đó😊

Vậy nên tôi mong nhà nước ta cấm trẻ từ lớp 12 trở xuống không dc dùng điện thoại nữa cho các con trẻ sau này được thành người tử tế, không là các cháu tương lai sẽ  bị thần kinh phân liệt để đó. Chỉ c🪡 s Nhà Nước vào cuộc thì các cháu mới trở thành người có ích cho ông bà bố mẹ không tủi nhục vì thời đại công nghệ rác biến các con thành con vật tự kỷ đó. Thật,thank","4","https://www.youtube.com/watch?v=QjulJJsXyvk","0","Thị trường lao động 2026: Cuộc đại thanh trừng lao động phổ thông bắt đầu?","comment",,"1"
"@NgocTran-l3u","Người lao động phổ thông là ngườì tiêu dùng chính cho xã hội.","4","https://www.youtube.com/watch?v=QjulJJsXyvk","0","Thị trường lao động 2026: Cuộc đại thanh trừng lao động phổ thông bắt đầu?","comment",,"2"
"@BlogDTA_DangTuanAnh","Cảm Bóng Đá sai lầm rồi nhé.","270","https://www.youtube.com/watch?v=-fZ7HYCcCoo","0","BẦU ĐỨC CHỈ TRÍCH TROUSSIER BẢO THỦ | PHÙ THỦY TRẮNG CÓ XỨNG ĐÁNG DẪN ĐT VIỆT NAM?","comment",,"0"
"@ThiNgocanhNguyen-fl5sg","Làm ơn có ai tìm hlv giỏi hơn ông trou để sa thải nào haha 😌","270","https://www.youtube.com/watch?v=-fZ7HYCcCoo","1","BẦU ĐỨC CHỈ TRÍCH TROUSSIER BẢO THỦ | PHÙ THỦY TRẮNG CÓ XỨNG ĐÁNG DẪN ĐT VIỆT NAM?","comment",,"0"
"@NgọcLê-g6l","Cam bd noi thay mau thuan qua ..cug vien vog qua do chu ...qh  chia phi noi cho ban roi phai ko ..ao tuog  ..tao lao .","270","https://www.youtube.com/watch?v=-fZ7HYCcCoo","1","BẦU ĐỨC CHỈ TRÍCH TROUSSIER BẢO THỦ | PHÙ THỦY TRẮNG CÓ XỨNG ĐÁNG DẪN ĐT VIỆT NAM?","comment",,"0"
"@nqviinh_4248","Những gì kiêu hãnh nhất của VN thì k sử dụng đc voi đi tìm 2 bà trưng :))) đúng loại thực dân Pháp","270","https://www.youtube.com/watch?v=-fZ7HYCcCoo","0","BẦU ĐỨC CHỈ TRÍCH TROUSSIER BẢO THỦ | PHÙ THỦY TRẮNG CÓ XỨNG ĐÁNG DẪN ĐT VIỆT NAM?","comment",,"0"
"@thachnguyenngoc8597","Xàm","270","https://www.youtube.com/watch?v=-fZ7HYCcCoo","0","BẦU ĐỨC CHỈ TRÍCH TROUSSIER BẢO THỦ | PHÙ THỦY TRẮNG CÓ XỨNG ĐÁNG DẪN ĐT VIỆT NAM?","comment",,"0"
"@tamchi1159","Các tân binh này ko bao giờ bằng lứa 2019 lứa quang hải.","270","https://www.youtube.com/watch?v=-fZ7HYCcCoo","0","BẦU ĐỨC CHỈ TRÍCH TROUSSIER BẢO THỦ | PHÙ THỦY TRẮNG CÓ XỨNG ĐÁNG DẪN ĐT VIỆT NAM?","comment",,"0"
"@nghiatr2246","Tui thấy bầu đức tức do cầu thủ lò của ổng ko đc gọi nhiều nên ổng mới nói v, đúng là ổng có sai nhưng rõ ràng bầu đức đag cay cú","270","https://www.youtube.com/watch?v=-fZ7HYCcCoo","0","BẦU ĐỨC CHỈ TRÍCH TROUSSIER BẢO THỦ | PHÙ THỦY TRẮNG CÓ XỨNG ĐÁNG DẪN ĐT VIỆT NAM?","comment",,"0"
"@MINHTRẦN-i8i","I tôi xin ông khi đội tuyển quốc gia về nước chúng tôi trải thảm đỏ đón các cầu thủ Việt nam về nước còn ông xin ông từ chức đi đội tuyển quốc gia xuống dốc quá rồi","270","https://www.youtube.com/watch?v=-fZ7HYCcCoo","0","BẦU ĐỨC CHỈ TRÍCH TROUSSIER BẢO THỦ | PHÙ THỦY TRẮNG CÓ XỨNG ĐÁNG DẪN ĐT VIỆT NAM?","comment",,"0"
"@HoaNguyen-no5ob","Ở đó mà chê ngta. Hướng đi và cách làm bđ của ông đúng thì HAGL đã ko trụ hạng","270","https://www.youtube.com/watch?v=-fZ7HYCcCoo","0","BẦU ĐỨC CHỈ TRÍCH TROUSSIER BẢO THỦ | PHÙ THỦY TRẮNG CÓ XỨNG ĐÁNG DẪN ĐT VIỆT NAM?","comment",,"0"
"@TrinhNguyen-m4h","Nhin vao thanh tich vua qua can loai ong huan luyen ngay neu con nghi tuonglai bong da viet nam","270","https://www.youtube.com/watch?v=-fZ7HYCcCoo","0","BẦU ĐỨC CHỈ TRÍCH TROUSSIER BẢO THỦ | PHÙ THỦY TRẮNG CÓ XỨNG ĐÁNG DẪN ĐT VIỆT NAM?","comment",,"0"
"@anhtuanvu184","Ít người nghiên cứu kỹ chiến lược oing Park và tại sao ông thành công. Toàn Cổ động viên Phong trào có hiểu biết j về chiến thuật chiến lược đâu. 
Báo chí BLV thì cũng thuộc loại kém hiểu biết về chiến thuật lại hay ảo tưởng, chuyển hướng dư luận, khen Trâu lắm vào giờ ko dám chê. Tin vào mấy lời Nổ của ông Trâu. 
Ngay khi ký với ông Trâu tôi đã ko tin rồi, Sau 3 tháng ông Trâu về tôi đã thấy ""Toang rồi bu nó ơi"" y như rằng 1 chuỗi bết bát. 
Sau trận nhật thua 4-2 báo chí tung hô 1 cách ngu xuẩn (đá kém chỉ ban sân nhà, bí phất bóng dài lại mất bóng, chả hiểu lối đá kiểm soát bóng hay là bóng ma sân nhà, ăn 2 bàn hên ở tình huống cố định) sau trận tôi đã đoán là rất khó ăn đc indonesia thậm chí thua. Và đúng thật.
Đừng đổ tại cầu thủ hãy để họ đặt niềm tin tuyệt đối vào Chiến Thuật của HLV và vào chiến thắng thì mới có thể đá 120p chứ ko fai 60p như ông trâu nói.","270","https://www.youtube.com/watch?v=-fZ7HYCcCoo","0","BẦU ĐỨC CHỈ TRÍCH TROUSSIER BẢO THỦ | PHÙ THỦY TRẮNG CÓ XỨNG ĐÁNG DẪN ĐT VIỆT NAM?","comment",,"0"
"@ngocdinh1197","Hlv này đề  ra lối đi đường dài có thể ko sai ,nhưng đánh giá đối thủ để tìm đấu pháp và chọn cầu thủ ko tốt thì ko phải huấn luyện viên giỏi đâu, mổi quả ném biên mà phải dùng cả đội hình đứng trước cầu môn thì chết rồi","270","https://www.youtube.com/watch?v=-fZ7HYCcCoo","0","BẦU ĐỨC CHỈ TRÍCH TROUSSIER BẢO THỦ | PHÙ THỦY TRẮNG CÓ XỨNG ĐÁNG DẪN ĐT VIỆT NAM?","comment",,"0"
"@nguyentrungchien2678","Rất hay❤","270","https://www.youtube.com/watch?v=-fZ7HYCcCoo","0","BẦU ĐỨC CHỈ TRÍCH TROUSSIER BẢO THỦ | PHÙ THỦY TRẮNG CÓ XỨNG ĐÁNG DẪN ĐT VIỆT NAM?","comment",,"0"
"@Dpongchaututhuongnguonvebien..","Tay HLV này  là tay tâm thần.","270","https://www.youtube.com/watch?v=-fZ7HYCcCoo","0","BẦU ĐỨC CHỈ TRÍCH TROUSSIER BẢO THỦ | PHÙ THỦY TRẮNG CÓ XỨNG ĐÁNG DẪN ĐT VIỆT NAM?","comment",,"0"
"@RealDLFGames","sa thai pillipe trouser di","270","https://www.youtube.com/watch?v=-fZ7HYCcCoo","0","BẦU ĐỨC CHỈ TRÍCH TROUSSIER BẢO THỦ | PHÙ THỦY TRẮNG CÓ XỨNG ĐÁNG DẪN ĐT VIỆT NAM?","comment",,"0"
"@vanbien8334","Ai cũng nghĩ được như cảm thì thật tốt","270","https://www.youtube.com/watch?v=-fZ7HYCcCoo","0","BẦU ĐỨC CHỈ TRÍCH TROUSSIER BẢO THỦ | PHÙ THỦY TRẮNG CÓ XỨNG ĐÁNG DẪN ĐT VIỆT NAM?","comment",,"0"
"@NamgaNguyen","nói chung đem đội hình 2 đá giải châu lục, bóng đá kết quả là quan trọng, lối chơi chỉ là phong cách, camphuchia  cũng sử dụng đội hình trẻ tự tin cầm bóng hơn 10năm nay..!","270","https://www.youtube.com/watch?v=-fZ7HYCcCoo","0","BẦU ĐỨC CHỈ TRÍCH TROUSSIER BẢO THỦ | PHÙ THỦY TRẮNG CÓ XỨNG ĐÁNG DẪN ĐT VIỆT NAM?","comment",,"0"
"@Namlu2206","Chúc ĐTVN gặp nhiều may mắn 🍀❤","270","https://www.youtube.com/watch?v=-fZ7HYCcCoo","0","BẦU ĐỨC CHỈ TRÍCH TROUSSIER BẢO THỦ | PHÙ THỦY TRẮNG CÓ XỨNG ĐÁNG DẪN ĐT VIỆT NAM?","comment",,"0"
"@Namlu2206","⚽⚽⚽","270","https://www.youtube.com/watch?v=-fZ7HYCcCoo","0","BẦU ĐỨC CHỈ TRÍCH TROUSSIER BẢO THỦ | PHÙ THỦY TRẮNG CÓ XỨNG ĐÁNG DẪN ĐT VIỆT NAM?","comment",,"0"
"@Vinhdtdd-pb5uq","Cac.cau.thu.viet.nam.yeu.ma.do.huan.luyen.khong.biet.dung.nguoi.lai.khong.co.chien.thuat.gi.bong.da.viet.nam.co.xuong.khong.thay.huan..luyen.khac","270","https://www.youtube.com/watch?v=-fZ7HYCcCoo","0","BẦU ĐỨC CHỈ TRÍCH TROUSSIER BẢO THỦ | PHÙ THỦY TRẮNG CÓ XỨNG ĐÁNG DẪN ĐT VIỆT NAM?","comment",,"0"
"@ManhTran-lm5ez","RFI đã thừa nhận rằng : Tư bản đang giãy đành đạch rùi","2","https://www.youtube.com/watch?v=xxlS3KfHkS4","0","Trong bóng tối của quyền lực : Thanh trừng, hồ sơ đen và nỗi lo CIA","comment",,"0"
"@VânBùithị-k1r","Những cơn ky pháp nói mà không biết nhục nhã dị hầu cho mỹ","2","https://www.youtube.com/watch?v=xxlS3KfHkS4","0","Trong bóng tối của quyền lực : Thanh trừng, hồ sơ đen và nỗi lo CIA","comment",,"0"
"@tam65-u3f","Vote for TRINH HẢ .
Giáo Hoàng  LEO  14 là người đăng ký theo Đảng Cộng Hòa  ( A Registered  Republican ) từ Chicago , Illinois . Trong bốn lần liên tiếp, Public information cho biết Giáo Hoàng LEO đã bỏ phiếu bầu  cho Tổng Thống thuộc Đảng Cộng Hòa.

Việt Tị Nạn vùng Orange County ủng hộ Đảng Cộng Hòa vì họ có quá nhiều kinh nghiệm đau thương với Đảng Dân Chủ Thiên Tả, Thiên Cộng trong chiến tranh Việt Nam .","355","https://www.youtube.com/watch?v=jygPAhjl_Kk","0","Phỏng Vấn Ứng Viên Quốc Hội Hoa Kỳ 2026 Trinh Hà_Cập Nhật Hành Trình Vận Động Bầu Cử Tại Washington","comment",,"0"
"@quocquyen1394","Tôi thấy hình bìa “Somali có Omar, người việt có Trinh Hà” làm tôi hiểu lầm có một dân biểu người việt theo đường lối như Omar gian lận tài chính với chồng và luôn luôn chống chính sách Mỹ 🇺🇸( Trump) làm mình nóng lòng tìm hiểu thêm. Sao khi biết được cô Trinh Hà tư tưởng yêu nước và dân biểu cho Đảng Cộng Hòa làm mình thở phào nhẹ nhõm và vui mừng hết lớn 😅😅😅. Chúc cô Trinh Hà nhiều may mắn 🇺🇸🇺🇸🇺🇸😃🖐
PS. ( Omar thật không đáng so sánh kề với Trung Hà)","355","https://www.youtube.com/watch?v=jygPAhjl_Kk","0","Phỏng Vấn Ứng Viên Quốc Hội Hoa Kỳ 2026 Trinh Hà_Cập Nhật Hành Trình Vận Động Bầu Cử Tại Washington","comment",,"0"
"@tmtambau","Xin cảm ơn người Việt hải ngoại, những người thành công như Trinh đây, và anh Hùng Cao...đã làm rạng danh người Việt khắp nơi, và sẽ/đã làm cho ""ai đó.."" khiếp sợ.! Xin cảm ơn","355","https://www.youtube.com/watch?v=jygPAhjl_Kk","0","Phỏng Vấn Ứng Viên Quốc Hội Hoa Kỳ 2026 Trinh Hà_Cập Nhật Hành Trình Vận Động Bầu Cử Tại Washington","comment",,"1"
"@Daisy-f4j","Co   Nay   Noi   Duo.c    Thi   Phai 
Lam   Duo.c  .  Dung   Co   Giong   Nhu   Omar   Cu.c   Ta  .  Dang   Co.ng   Hoa   Co   2   Loa.i   RINO
&   Bao   Thu .  Hy   Vo.ng   Co   Nay    Dung   Di   2   Hang ,   Nhu  The   Se   Phu.   Long   Dat   Nuoc  Da   Cuu   Mang   Da.i   Gia   Dinh 
Of   Minh.","355","https://www.youtube.com/watch?v=jygPAhjl_Kk","0","Phỏng Vấn Ứng Viên Quốc Hội Hoa Kỳ 2026 Trinh Hà_Cập Nhật Hành Trình Vận Động Bầu Cử Tại Washington","comment",,"0"
"@tanluong7321","Beat Omar! Be with God.","355","https://www.youtube.com/watch?v=jygPAhjl_Kk","0","Phỏng Vấn Ứng Viên Quốc Hội Hoa Kỳ 2026 Trinh Hà_Cập Nhật Hành Trình Vận Động Bầu Cử Tại Washington","comment",,"0"
"@tanluong7321","Hails toTrinh Ha.","355","https://www.youtube.com/watch?v=jygPAhjl_Kk","1","Phỏng Vấn Ứng Viên Quốc Hội Hoa Kỳ 2026 Trinh Hà_Cập Nhật Hành Trình Vận Động Bầu Cử Tại Washington","comment",,"0"
"@MeThi-k7m","Ủng hộ Chị Tr nhé 💐💕👍","355","https://www.youtube.com/watch?v=jygPAhjl_Kk","0","Phỏng Vấn Ứng Viên Quốc Hội Hoa Kỳ 2026 Trinh Hà_Cập Nhật Hành Trình Vận Động Bầu Cử Tại Washington","comment",,"0"
"@danhphan7698","Tôi không đồng ý so sánh như vậy. Mất niềm tự hào của dân tộc VN. So sánh với Bà Trưng Bà Triệu là hảnh diện.","355","https://www.youtube.com/watch?v=jygPAhjl_Kk","0","Phỏng Vấn Ứng Viên Quốc Hội Hoa Kỳ 2026 Trinh Hà_Cập Nhật Hành Trình Vận Động Bầu Cử Tại Washington","comment",,"0"
"@danhphan7698","Tôi không đồng ý so sánh như vậy. Như vậy là hạ thấp người Việt, hạ thấp Trinh Hà.","355","https://www.youtube.com/watch?v=jygPAhjl_Kk","0","Phỏng Vấn Ứng Viên Quốc Hội Hoa Kỳ 2026 Trinh Hà_Cập Nhật Hành Trình Vận Động Bầu Cử Tại Washington","comment",,"0"
"@kbc123ification","Good luck, em gái! ❤️","355","https://www.youtube.com/watch?v=jygPAhjl_Kk","0","Phỏng Vấn Ứng Viên Quốc Hội Hoa Kỳ 2026 Trinh Hà_Cập Nhật Hành Trình Vận Động Bầu Cử Tại Washington","comment",,"1"
"@DangLeV","Sao lại so sánh Ilhan Omar với cô Trịnh Hà?","355","https://www.youtube.com/watch?v=jygPAhjl_Kk","0","Phỏng Vấn Ứng Viên Quốc Hội Hoa Kỳ 2026 Trinh Hà_Cập Nhật Hành Trình Vận Động Bầu Cử Tại Washington","comment",,"0"
"@kyvungtau","Quá hay quá hay!! Xin chúc mừng  cho sự thành công của Tiến sỹ! Tôi rất lấy làm vui khi người Việt Nam thuộc các thế hệ con cháu của VN Cộng Hoà trên đất Mỹ! Và rất lấy làm vui khi Bạn nói thế hệ trẻ mới biết được về tình hình VN. Rất cảm ơn Anh Sean Le vì một Video rất hay!!.","355","https://www.youtube.com/watch?v=jygPAhjl_Kk","0","Phỏng Vấn Ứng Viên Quốc Hội Hoa Kỳ 2026 Trinh Hà_Cập Nhật Hành Trình Vận Động Bầu Cử Tại Washington","comment",,"1"
"@HanhTran-tl8dm","Chúc cháu thắng cử trong kỳ bầu cử tới. Thank you Sean Le.","355","https://www.youtube.com/watch?v=jygPAhjl_Kk","0","Phỏng Vấn Ứng Viên Quốc Hội Hoa Kỳ 2026 Trinh Hà_Cập Nhật Hành Trình Vận Động Bầu Cử Tại Washington","comment",,"0"
"@TrungNguyen-fu1hf","SAO ANH LẠI SO SÁNH VẬY ĐƯỢC","355","https://www.youtube.com/watch?v=jygPAhjl_Kk","0","Phỏng Vấn Ứng Viên Quốc Hội Hoa Kỳ 2026 Trinh Hà_Cập Nhật Hành Trình Vận Động Bầu Cử Tại Washington","comment",,"0"
"@quangbui6387","tôi ủng hộ Trinh lắm lắm, tôi cũng là người Huế, tôi cũng ủng hộ Đảng Dân chủ. Nước Mỹ- Tự do. vùng đất tự do. Lý do mà Trinh đã nêu ra thật sự đúng đắn. chống lại tư tưởng cộng sản trong lòng nước Mỹ, chống lại sự làm xói mòn đạo đức và tự do hoặc bóp méo sự tự do.","355","https://www.youtube.com/watch?v=jygPAhjl_Kk","0","Phỏng Vấn Ứng Viên Quốc Hội Hoa Kỳ 2026 Trinh Hà_Cập Nhật Hành Trình Vận Động Bầu Cử Tại Washington","comment",,"0"
"@klamcpa","Hopefully not be like 0mar many fraud allegations...","355","https://www.youtube.com/watch?v=jygPAhjl_Kk","0","Phỏng Vấn Ứng Viên Quốc Hội Hoa Kỳ 2026 Trinh Hà_Cập Nhật Hành Trình Vận Động Bầu Cử Tại Washington","comment",,"0"
"@Larrynkhai3619","Thần thái tốt qúa , cầu chúc cho cô trúng cử vào QH Hoa Kỳ","355","https://www.youtube.com/watch?v=jygPAhjl_Kk","0","Phỏng Vấn Ứng Viên Quốc Hội Hoa Kỳ 2026 Trinh Hà_Cập Nhật Hành Trình Vận Động Bầu Cử Tại Washington","comment",,"1"
"@vuducanh81","No tax to fund fraudes, and what are fraudes?","355","https://www.youtube.com/watch?v=jygPAhjl_Kk","0","Phỏng Vấn Ứng Viên Quốc Hội Hoa Kỳ 2026 Trinh Hà_Cập Nhật Hành Trình Vận Động Bầu Cử Tại Washington","comment",,"0"
"@josephtran3688","Tôi có con cháu cũng sinh năm Dần, cũng là tiến sĩ (medical research) và cũng rất là hiền và dễ thương, và cũng có 2 con trai. Thật là trùng hợp.","355","https://www.youtube.com/watch?v=jygPAhjl_Kk","0","Phỏng Vấn Ứng Viên Quốc Hội Hoa Kỳ 2026 Trinh Hà_Cập Nhật Hành Trình Vận Động Bầu Cử Tại Washington","comment",,"0"
"@greadpaoer","Cô vui vẻ và thông minh quá. Chúc cô thành công ❤
Cảm ơn Sean cho CT hay","355","https://www.youtube.com/watch?v=jygPAhjl_Kk","0","Phỏng Vấn Ứng Viên Quốc Hội Hoa Kỳ 2026 Trinh Hà_Cập Nhật Hành Trình Vận Động Bầu Cử Tại Washington","comment",,"2"
"@JimmieLee-t3z","👍👍👍👍👍👍👍👍👍👍👍👍👍👍👍👍👍👍👍👍👍👍👍👍👍👍👍👍","16","https://www.youtube.com/watch?v=GQ3bQ-tGC7I","0","TIN CẬP NHẬT 23/3/2026: TT Trump: Iran muốn có thỏa thuận để chấm dứt cuộc tấn công của Hoa Kỳ","comment",,"0"
"@duyvouc2148","Hi TNP","16","https://www.youtube.com/watch?v=GQ3bQ-tGC7I","0","TIN CẬP NHẬT 23/3/2026: TT Trump: Iran muốn có thỏa thuận để chấm dứt cuộc tấn công của Hoa Kỳ","comment",,"0"
"@Tommy-oo828","Có khi đám thần quyền Iran chơi chiêu đối thoại chấm dứt rồi gom đủ đồ chơi quậy phá tiếp...ai chứ những tên CS và thần quyền nó hay điếm thúi lắm","16","https://www.youtube.com/watch?v=GQ3bQ-tGC7I","0","TIN CẬP NHẬT 23/3/2026: TT Trump: Iran muốn có thỏa thuận để chấm dứt cuộc tấn công của Hoa Kỳ","comment",,"0"
"@soniango-p1h","🇺🇸🇺🇸💪👍💪🇺🇸❤️","16","https://www.youtube.com/watch?v=GQ3bQ-tGC7I","0","TIN CẬP NHẬT 23/3/2026: TT Trump: Iran muốn có thỏa thuận để chấm dứt cuộc tấn công của Hoa Kỳ","comment",,"0"
"@minhtrio4175","Chào chú phong","16","https://www.youtube.com/watch?v=GQ3bQ-tGC7I","0","TIN CẬP NHẬT 23/3/2026: TT Trump: Iran muốn có thỏa thuận để chấm dứt cuộc tấn công của Hoa Kỳ","comment",,"0"
"@Haiang-uc5km","Good thing to day thanks?🎉🎉🎉🎉🎉🎉🎉❤❤❤❤❤❤❤😊😊😊😊😊😊😊","16","https://www.youtube.com/watch?v=GQ3bQ-tGC7I","0","TIN CẬP NHẬT 23/3/2026: TT Trump: Iran muốn có thỏa thuận để chấm dứt cuộc tấn công của Hoa Kỳ","comment",,"0"
"@yennguyen-de9xm","1.number one ❤❤❤❤❤❤❤❤❤❤❤❤❤❤❤❤❤❤❤❤❤❤❤❤❤❤❤❤❤❤❤❤❤❤❤❤❤❤❤❤❤❤❤❤❤❤❤❤❤❤❤❤","16","https://www.youtube.com/watch?v=GQ3bQ-tGC7I","0","TIN CẬP NHẬT 23/3/2026: TT Trump: Iran muốn có thỏa thuận để chấm dứt cuộc tấn công của Hoa Kỳ","comment",,"0"
"@leduong7521","Thời chiến tranh VN có câu hàng thì sống, chống thì chết, cần phải áp dụng câu này cho CQ IRAN","16","https://www.youtube.com/watch?v=GQ3bQ-tGC7I","0","TIN CẬP NHẬT 23/3/2026: TT Trump: Iran muốn có thỏa thuận để chấm dứt cuộc tấn công của Hoa Kỳ","comment",,"4"
"@PhuocMaiVan-e1c","Chao anh Phong🎉🎉🎉🎉🎉","16","https://www.youtube.com/watch?v=GQ3bQ-tGC7I","0","TIN CẬP NHẬT 23/3/2026: TT Trump: Iran muốn có thỏa thuận để chấm dứt cuộc tấn công của Hoa Kỳ","comment",,"1"
"@thanhbeckham9408","Chao em Phong.","16","https://www.youtube.com/watch?v=GQ3bQ-tGC7I","0","TIN CẬP NHẬT 23/3/2026: TT Trump: Iran muốn có thỏa thuận để chấm dứt cuộc tấn công của Hoa Kỳ","comment",,"1"
"@DungNguyen-e8r8h","Ok TNP","16","https://www.youtube.com/watch?v=GQ3bQ-tGC7I","0","TIN CẬP NHẬT 23/3/2026: TT Trump: Iran muốn có thỏa thuận để chấm dứt cuộc tấn công của Hoa Kỳ","comment",,"1"
"@TuanNguyen-yc4wz","👍👍👍🇺🇸🇺🇸🇺🇸🙏🙏🙏✝️✝️✝️","16","https://www.youtube.com/watch?v=GQ3bQ-tGC7I","0","TIN CẬP NHẬT 23/3/2026: TT Trump: Iran muốn có thỏa thuận để chấm dứt cuộc tấn công của Hoa Kỳ","comment",,"0"
"@nguoisaigon-channel2766","Quân độc tài hèn với giặc nhưng ác độc với dân này muốn được thỏa thuận phải từ bỏ hết quyền lực . Giao  lại hết tài sản mà chứng cướp - tham nhũng của nhân dân","16","https://www.youtube.com/watch?v=GQ3bQ-tGC7I","2","TIN CẬP NHẬT 23/3/2026: TT Trump: Iran muốn có thỏa thuận để chấm dứt cuộc tấn công của Hoa Kỳ","comment",,"13"
"@Nhanphan-vx6qs","Chào Phong. ❤❤❤❤❤","16","https://www.youtube.com/watch?v=GQ3bQ-tGC7I","0","TIN CẬP NHẬT 23/3/2026: TT Trump: Iran muốn có thỏa thuận để chấm dứt cuộc tấn công của Hoa Kỳ","comment",,"2"
"@BlogDTA_DangTuanAnh","Cảm Bóng Đá sai quá sai rồi. Cứ ảo tưởng.","270","https://www.youtube.com/watch?v=-fZ7HYCcCoo","0","BẦU ĐỨC CHỈ TRÍCH TROUSSIER BẢO THỦ | PHÙ THỦY TRẮNG CÓ XỨNG ĐÁNG DẪN ĐT VIỆT NAM?","reply",,"0"
"@tanluong7321","Wish Trinh Ha to win and keep spirits following god.","355","https://www.youtube.com/watch?v=jygPAhjl_Kk","0","Phỏng Vấn Ứng Viên Quốc Hội Hoa Kỳ 2026 Trinh Hà_Cập Nhật Hành Trình Vận Động Bầu Cử Tại Washington","reply",,"0"
"@BlogDTA_DangTuanAnh","Kim Sang Sik","270","https://www.youtube.com/watch?v=-fZ7HYCcCoo","0","BẦU ĐỨC CHỈ TRÍCH TROUSSIER BẢO THỦ | PHÙ THỦY TRẮNG CÓ XỨNG ĐÁNG DẪN ĐT VIỆT NAM?","reply",,"0"
"@MinhgiacTV","Cảm ơn Cảm nội dung vô cùng bổ ích","270","https://www.youtube.com/watch?v=-fZ7HYCcCoo","0","BẦU ĐỨC CHỈ TRÍCH TROUSSIER BẢO THỦ | PHÙ THỦY TRẮNG CÓ XỨNG ĐÁNG DẪN ĐT VIỆT NAM?","comment",,"0"
"@duongphamvan43","Cần phải thanh tra VFF","270","https://www.youtube.com/watch?v=-fZ7HYCcCoo","0","BẦU ĐỨC CHỈ TRÍCH TROUSSIER BẢO THỦ | PHÙ THỦY TRẮNG CÓ XỨNG ĐÁNG DẪN ĐT VIỆT NAM?","comment",,"0"
"@KNG689","Nếu mà đã nhìn tới phát triển thì đừng nhìn vào thành tích, còn nếu mà cứ nhìn vào thành tích. Thì sau Tiger98 AFF08 U23Asian18 chúng ta có bao nhiêu cái thành tích mà đặt lên bàn cân được hay là những thành tích đạt được là không chính quy ? Nhiều khi tròn thêm cái 10 năm nữa người dân việt mới được đi bão 😅. Cũng vì sỹ diện thành tích mà bao nhiêu thần đồng phải bỏ đi rồi. Mấy bạn coi đá banh, mình coi dài hơi mà chứ phải coi cho vui, chứ phải đi ngắm cầu thủ đâu. Mà kiểu gì cũng nói được. Chúng ta phải chấp nhận nghe những lời nói mà chỉ ra vấn đề.","270","https://www.youtube.com/watch?v=-fZ7HYCcCoo","0","BẦU ĐỨC CHỈ TRÍCH TROUSSIER BẢO THỦ | PHÙ THỦY TRẮNG CÓ XỨNG ĐÁNG DẪN ĐT VIỆT NAM?","comment",,"0"
"@HoanNguyen-hn6nb","Cảm bình luận Viên Hài ghê nhỉ!","270","https://www.youtube.com/watch?v=-fZ7HYCcCoo","0","BẦU ĐỨC CHỈ TRÍCH TROUSSIER BẢO THỦ | PHÙ THỦY TRẮNG CÓ XỨNG ĐÁNG DẪN ĐT VIỆT NAM?","comment",,"0"
"@quendi9381","Ai cũng có cảm giác rất rõ là báo chí truyền thông về bóng đá đang bị thế lực ngấm ngầm thao túng. Mong công an vào cuộc điều tra...","270","https://www.youtube.com/watch?v=-fZ7HYCcCoo","0","BẦU ĐỨC CHỈ TRÍCH TROUSSIER BẢO THỦ | PHÙ THỦY TRẮNG CÓ XỨNG ĐÁNG DẪN ĐT VIỆT NAM?","comment",,"0"
"@DinhQueDinh","Có vẻ bảo thủ","270","https://www.youtube.com/watch?v=-fZ7HYCcCoo","0","BẦU ĐỨC CHỈ TRÍCH TROUSSIER BẢO THỦ | PHÙ THỦY TRẮNG CÓ XỨNG ĐÁNG DẪN ĐT VIỆT NAM?","comment",,"0"
"@DinhQueDinh","Dad ko có hồn ai mà xem cho mấy thời gian","270","https://www.youtube.com/watch?v=-fZ7HYCcCoo","0","BẦU ĐỨC CHỈ TRÍCH TROUSSIER BẢO THỦ | PHÙ THỦY TRẮNG CÓ XỨNG ĐÁNG DẪN ĐT VIỆT NAM?","comment",,"0"
"@sinothai-b8m","VFF van ung ho ong CHU SE ,vi niem tin niem tin se tham gia WC ,niem tin se nang tam viet nam ,truyen thong thi van ung ho ,cu tin va niem tin di ,1 nam nua thoi se biet ket qua nhu the nao ,hlv gioi thi hay chung minh di ,dung co tuyen bo xong roi that bai xach vali ve.","270","https://www.youtube.com/watch?v=-fZ7HYCcCoo","0","BẦU ĐỨC CHỈ TRÍCH TROUSSIER BẢO THỦ | PHÙ THỦY TRẮNG CÓ XỨNG ĐÁNG DẪN ĐT VIỆT NAM?","comment",,"0"
"@nguyenkha9070","Hay kg cần chỉnh sửa…","16","https://www.youtube.com/watch?v=GQ3bQ-tGC7I","0","TIN CẬP NHẬT 23/3/2026: TT Trump: Iran muốn có thỏa thuận để chấm dứt cuộc tấn công của Hoa Kỳ","reply",,"3"
"@duongvo2049","Thấy quen quen,gặp thường ngày","16","https://www.youtube.com/watch?v=GQ3bQ-tGC7I","0","TIN CẬP NHẬT 23/3/2026: TT Trump: Iran muốn có thỏa thuận để chấm dứt cuộc tấn công của Hoa Kỳ","reply",,"3"
"@AnnieNguyen-q2o","Nói rất nghe thiên hạ mà ủng hộ trinh bác anh chị ❤️❤️❤️🇺🇸��🇸🇺🇸","355","https://www.youtube.com/watch?v=jygPAhjl_Kk","0","Phỏng Vấn Ứng Viên Quốc Hội Hoa Kỳ 2026 Trinh Hà_Cập Nhật Hành Trình Vận Động Bầu Cử Tại Washington","comment",,"0"
"@AnnieNguyen-q2o","Hi hai anh chi ❤❤❤🇺🇸🇺🇸🇺🇸","355","https://www.youtube.com/watch?v=jygPAhjl_Kk","0","Phỏng Vấn Ứng Viên Quốc Hội Hoa Kỳ 2026 Trinh Hà_Cập Nhật Hành Trình Vận Động Bầu Cử Tại Washington","comment",,"0"
"@thanhnguyen-og2gb","Hy vọng cộngđồng Việt Nam bầu cho cô gái này❤👍","355","https://www.youtube.com/watch?v=jygPAhjl_Kk","0","Phỏng Vấn Ứng Viên Quốc Hội Hoa Kỳ 2026 Trinh Hà_Cập Nhật Hành Trình Vận Động Bầu Cử Tại Washington","comment",,"1"
"@lgtradernguyen1237","Trinh Ha nói đúng trong nước My có làng sóng xhcn như đám bưng bô cho csvn","355","https://www.youtube.com/watch?v=jygPAhjl_Kk","0","Phỏng Vấn Ứng Viên Quốc Hội Hoa Kỳ 2026 Trinh Hà_Cập Nhật Hành Trình Vận Động Bầu Cử Tại Washington","comment",,"0"
"@kiet4891","Cong dong vn la ko co dong long voi nhau chi de cong dong kha thong tri vn vo la tan pha nuoc my mhung mgupu ko co giay to nuoi bon no dan vn dong thue nuoi bon do an ko ngoi ngoi con dan my thue cho bon nay ko ko ngoi roi","355","https://www.youtube.com/watch?v=jygPAhjl_Kk","0","Phỏng Vấn Ứng Viên Quốc Hội Hoa Kỳ 2026 Trinh Hà_Cập Nhật Hành Trình Vận Động Bầu Cử Tại Washington","comment",,"0"
"@HaiTranHQVN","So sánh VietnameseTrinh Ha va Somalian Ilan Omar như tiêu đề ẩn là thiếu chín chắn.","355","https://www.youtube.com/watch?v=jygPAhjl_Kk","0","Phỏng Vấn Ứng Viên Quốc Hội Hoa Kỳ 2026 Trinh Hà_Cập Nhật Hành Trình Vận Động Bầu Cử Tại Washington","comment",,"0"
"@VananhNguyen-h6k","Chao em , ❤️❤️❤️❤️❤️","355","https://www.youtube.com/watch?v=jygPAhjl_Kk","0","Phỏng Vấn Ứng Viên Quốc Hội Hoa Kỳ 2026 Trinh Hà_Cập Nhật Hành Trình Vận Động Bầu Cử Tại Washington","comment",,"0"
"@lemd9173","Đọc cái Title Cộng đồng Somali có Ilhan Omar , cộng đồng người Việt có Trinh Hà làm tôi thấy có cái gì lấn cấn. Hay ý câu nầy có nghĩa là Cộng đồng người Somali có con Quỷ Omar thì cộng đồng người Việt ta có "" con quỷ "" Trinh Hà .","355","https://www.youtube.com/watch?v=jygPAhjl_Kk","0","Phỏng Vấn Ứng Viên Quốc Hội Hoa Kỳ 2026 Trinh Hà_Cập Nhật Hành Trình Vận Động Bầu Cử Tại Washington","comment",,"0"
"@MimosaTran-x7n","De lay phieu cua cong dong VN thi nhung nguoi VN ra ung cu deu loi ten tuoi la con , la hau due cua nhung nguoi chien si VNCH , the nhung khi dac cu thi da so nhung nguoi nay quay lung voi cong dong mot cach tan nhan va nhung nguoi nay thi ngam ngam di bat tay voi bon cong san VN de phan lai cong dong VN , va tham chi tim moi cach de dua bon cong san VN vao dat nuoc Hoa Ky de chong lai cong dong ty nan VN, va luon mo mieng  "" xoa bo han thu , chuyen xay ra lau roi ma "" Rat dau long ve nhung tro choi chinh tri nay, vi nhung viec lam nay cua nhung ke vo luong tam nen anh huong nhung nguoi tot .","355","https://www.youtube.com/watch?v=jygPAhjl_Kk","0","Phỏng Vấn Ứng Viên Quốc Hội Hoa Kỳ 2026 Trinh Hà_Cập Nhật Hành Trình Vận Động Bầu Cử Tại Washington","comment",,"0"
"@VietnamSportsChannel","HLV Troussier: 'Tôi đến Việt Nam vì mục tiêu dự World Cup 2026' => https://youtu.be/luVlODRZYgE","28","https://www.youtube.com/watch?v=iUkpj4mY9RM","0","Tân HLV Troussier dẫn dắt Việt Nam vì mục tiêu dự WC 2026 - Chương mới của BĐVN với 'phù thủy trắng'","comment",,"4"
"@TuấnAnh_vsbet150chấmcom","1 Mới vào chơi, nap 150k tặng 300k săn kèo liền tay","28","https://www.youtube.com/watch?v=iUkpj4mY9RM","0","Tân HLV Troussier dẫn dắt Việt Nam vì mục tiêu dự WC 2026 - Chương mới của BĐVN với 'phù thủy trắng'","comment",,"0"
"@lan_vsbetchấmcom","Nap 290k thể thao được thưởng 580k à nghe","28","https://www.youtube.com/watch?v=iUkpj4mY9RM","0","Tân HLV Troussier dẫn dắt Việt Nam vì mục tiêu dự WC 2026 - Chương mới của BĐVN với 'phù thủy trắng'","comment",,"0"
"@Alessio_vsbet103chấmcom","Sân chơi uy tín, nạp 8,8 triệu nhận 13,6 triệu cực hấp dẫn.","28","https://www.youtube.com/watch?v=iUkpj4mY9RM","0","Tân HLV Troussier dẫn dắt Việt Nam vì mục tiêu dự WC 2026 - Chương mới của BĐVN với 'phù thủy trắng'","comment",,"0"
"@phuclam_vsbet106chấmcom","Clip sâu sắc, nắm bắt tình hình cực nhanh.","28","https://www.youtube.com/watch?v=iUkpj4mY9RM","0","Tân HLV Troussier dẫn dắt Việt Nam vì mục tiêu dự WC 2026 - Chương mới của BĐVN với 'phù thủy trắng'","comment",,"0"
"@nguyengia_vsbet142chấmcom","Clip cực kỳ chi tiết, phân tích rất chuyên sâu.","28","https://www.youtube.com/watch?v=iUkpj4mY9RM","0","Tân HLV Troussier dẫn dắt Việt Nam vì mục tiêu dự WC 2026 - Chương mới của BĐVN với 'phù thủy trắng'","comment",,"0"
"@thanhat3239","Hãy coi cách Thầy Gong dẫn U23 Châu á hồi đợt mới có vài tháng thôi lối đá nhiệt huyết tấn công mãn nhãn coi đợt này như ru ngủ đừng nên tâng bốc quá gạch đá xin nhận","28","https://www.youtube.com/watch?v=iUkpj4mY9RM","0","Tân HLV Troussier dẫn dắt Việt Nam vì mục tiêu dự WC 2026 - Chương mới của BĐVN với 'phù thủy trắng'","comment",,"0"
"@giadinhlaso2","Hiểu biết chưa hẳn đã làm đc điều mình cần ông Pắc đâu hiểu bóng đá Việt Nam dau mà ông Pắc làm vẫn tốt đấy thôi mấy a nhà báo nói to quá cứ bình thường thôi thì mọi chuyển sẽ nhẹ nhàng hơn","28","https://www.youtube.com/watch?v=iUkpj4mY9RM","0","Tân HLV Troussier dẫn dắt Việt Nam vì mục tiêu dự WC 2026 - Chương mới của BĐVN với 'phù thủy trắng'","comment",,"0"
"@duongthoidao8803","Chưa vui được đã có gì mà vui","28","https://www.youtube.com/watch?v=iUkpj4mY9RM","0","Tân HLV Troussier dẫn dắt Việt Nam vì mục tiêu dự WC 2026 - Chương mới của BĐVN với 'phù thủy trắng'","comment",,"0"
"@lunguyen1967","Xin nói thẳng 1 chút cơ sở hạ tầng quá tệ đào tạo trẻ kém xa thái lan ở đna có 10 nước mà chưa tạo ra khác biệt đó chỉ là ước mơ mà cam pu chia họ mơ vậy nếu nói sai xin các tiền bối chỉ giáo thêm","28","https://www.youtube.com/watch?v=iUkpj4mY9RM","0","Tân HLV Troussier dẫn dắt Việt Nam vì mục tiêu dự WC 2026 - Chương mới của BĐVN với 'phù thủy trắng'","comment",,"0"
"@tridinh8082","Sáng có viet nam sorts ko","28","https://www.youtube.com/watch?v=iUkpj4mY9RM","0","Tân HLV Troussier dẫn dắt Việt Nam vì mục tiêu dự WC 2026 - Chương mới của BĐVN với 'phù thủy trắng'","comment",,"0"
"@N-gw9mi","Ngán nhất là mấy ông nhà báo thôi. Khi chưa thấy gì thì tâng bốc người ta lên mây mai mốt không đúng như kì vọng thì lại dìm người ta xuống thôi.  Cho nên cứ để người ta cho đc rồi nói. Chứ nói mà không làm đc thì ối giời ơi. Bốc phét ít thôi","28","https://www.youtube.com/watch?v=iUkpj4mY9RM","0","Tân HLV Troussier dẫn dắt Việt Nam vì mục tiêu dự WC 2026 - Chương mới của BĐVN với 'phù thủy trắng'","comment",,"0"
"@youforev","Nói trước bước không qua","28","https://www.youtube.com/watch?v=iUkpj4mY9RM","0","Tân HLV Troussier dẫn dắt Việt Nam vì mục tiêu dự WC 2026 - Chương mới của BĐVN với 'phù thủy trắng'","comment",,"0"
"@minhthanh1411","HLV giỏi nhưng cầu thủ có đáp ứng được chuyên môn hay không lại là chuyện khác..","28","https://www.youtube.com/watch?v=iUkpj4mY9RM","0","Tân HLV Troussier dẫn dắt Việt Nam vì mục tiêu dự WC 2026 - Chương mới của BĐVN với 'phù thủy trắng'","comment",,"0"
"@TuanTran-mx4vx","HLV Troussier phù thuỷ biến rồng vàng thành thiên long ,mạnh mẽ hơn lì lợm bản lĩnh và không buông xuôi.tin vào wc 2026","28","https://www.youtube.com/watch?v=iUkpj4mY9RM","0","Tân HLV Troussier dẫn dắt Việt Nam vì mục tiêu dự WC 2026 - Chương mới của BĐVN với 'phù thủy trắng'","comment",,"0"
"@sallythanh2890","Thôi kỳ vọng nhiều làm gì.giỏi bằng giời mà cầu thủ yếu kém kĩ thuật chuyên môn thì còn lâu","28","https://www.youtube.com/watch?v=iUkpj4mY9RM","0","Tân HLV Troussier dẫn dắt Việt Nam vì mục tiêu dự WC 2026 - Chương mới của BĐVN với 'phù thủy trắng'","comment",,"0"
"@hyphenheartofficial5001","Sẵn sàng gọi ông là ""thầy Tru""","28","https://www.youtube.com/watch?v=iUkpj4mY9RM","0","Tân HLV Troussier dẫn dắt Việt Nam vì mục tiêu dự WC 2026 - Chương mới của BĐVN với 'phù thủy trắng'","comment",,"1"
"@thuu2883","hlv chưa chắc chắn","28","https://www.youtube.com/watch?v=iUkpj4mY9RM","0","Tân HLV Troussier dẫn dắt Việt Nam vì mục tiêu dự WC 2026 - Chương mới của BĐVN với 'phù thủy trắng'","comment",,"1"
"@khangvo9773","HLV Philip trouser 💯💯 con tin tưởng ông 🤔🤔🤔","28","https://www.youtube.com/watch?v=iUkpj4mY9RM","0","Tân HLV Troussier dẫn dắt Việt Nam vì mục tiêu dự WC 2026 - Chương mới của BĐVN với 'phù thủy trắng'","comment",,"1"
"@浙江故乡","🍀🍀","28","https://www.youtube.com/watch?v=iUkpj4mY9RM","0","Tân HLV Troussier dẫn dắt Việt Nam vì mục tiêu dự WC 2026 - Chương mới của BĐVN với 'phù thủy trắng'","comment",,"1"
"@danhtuyennguyen9252","cảm ơn kênh","12","https://www.youtube.com/watch?v=SlZSxV9LNh0","0","Tập Điên Cuồng Trả Thù: Bãi Miễn 9 Tướng Lĩnh Cấp Cao - Đại Thanh Trừng Trong Quân Đội Sắp Đến...","comment",,"0"
"@vanhongocthanh8237","Ca một lu tuong bi sa thải vi một tên doc tai ,thi chung to quan doi Trung cong nay chi la loai giẻ rách 😂Quan doi ma khong nam duoc quyen luc de lo cho mang song cua ban than ,thi con gì ma noi la bao ve nhan dan .Mot quan doc nhuc hon con trùn truc😂😂😂","12","https://www.youtube.com/watch?v=SlZSxV9LNh0","0","Tập Điên Cuồng Trả Thù: Bãi Miễn 9 Tướng Lĩnh Cấp Cao - Đại Thanh Trừng Trong Quân Đội Sắp Đến...","comment",,"0"
"@Tình-người","-  tập- cận- bình nói :  bị lật đổ là tự sát, tao phải dành cho được quyền lực !  hà hà. !","12","https://www.youtube.com/watch?v=SlZSxV9LNh0","1","Tập Điên Cuồng Trả Thù: Bãi Miễn 9 Tướng Lĩnh Cấp Cao - Đại Thanh Trừng Trong Quân Đội Sắp Đến...","comment",,"1"
"@tudo8412","Không ÁC không phải cộng sản, VN cũng có kẻ đã từng đem Cha Mẹ ruột mình ra đấu tố 🤔. Cảm ơn Thúy Trang / KTQ 🍀❤️❤️❤️","12","https://www.youtube.com/watch?v=SlZSxV9LNh0","1","Tập Điên Cuồng Trả Thù: Bãi Miễn 9 Tướng Lĩnh Cấp Cao - Đại Thanh Trừng Trong Quân Đội Sắp Đến...","comment",,"1"
"@tudo8412","Chào Thúy Trang / KTQ 💛💛💛","12","https://www.youtube.com/watch?v=SlZSxV9LNh0","0","Tập Điên Cuồng Trả Thù: Bãi Miễn 9 Tướng Lĩnh Cấp Cao - Đại Thanh Trừng Trong Quân Đội Sắp Đến...","comment",,"0"
"@bôngbi-iw","Cái lũ đảng cộng sản Trung Quốc này nó không bao giờ từ bỏ cái Rã tâm đi chiếm đất của các nước nhỏ hơn, từ ngàn năm nay rồi mà, sẽ có lúc cả đất nước nó sẽ bị diệt vong 😡😡😡😡😡","12","https://www.youtube.com/watch?v=SlZSxV9LNh0","0","Tập Điên Cuồng Trả Thù: Bãi Miễn 9 Tướng Lĩnh Cấp Cao - Đại Thanh Trừng Trong Quân Đội Sắp Đến...","comment",,"1"
"@TrungDo-u7g","🎉👍💯,,, tập cặn bã chiến thắng ( quân ta chiến thắng quân mình)","12","https://www.youtube.com/watch?v=SlZSxV9LNh0","0","Tập Điên Cuồng Trả Thù: Bãi Miễn 9 Tướng Lĩnh Cấp Cao - Đại Thanh Trừng Trong Quân Đội Sắp Đến...","comment",,"0"
"@lypham4788","Mỹ không cần  ta tay...anh tập  ra tay giỏi hơn...kk","12","https://www.youtube.com/watch?v=SlZSxV9LNh0","0","Tập Điên Cuồng Trả Thù: Bãi Miễn 9 Tướng Lĩnh Cấp Cao - Đại Thanh Trừng Trong Quân Đội Sắp Đến...","comment",,"0"
"@Minhantrinh254","Thú zị, số Tập chưa tận kaka","12","https://www.youtube.com/watch?v=SlZSxV9LNh0","0","Tập Điên Cuồng Trả Thù: Bãi Miễn 9 Tướng Lĩnh Cấp Cao - Đại Thanh Trừng Trong Quân Đội Sắp Đến...","comment",,"0"
"@NgọcMinh-b7k","Vậy ông lãnh đạo này đang mắn gì trong lòng bàn tay mà có quyền sinh sát các tướng lĩnh?! ... Trong cuộc sống muốn mọi người sợ mình thì có lẽ chính mình muốn họ chết lúc nào, họ cũng không bao giờ từ chối, chỉ có cái chết họ mới sợ.","12","https://www.youtube.com/watch?v=SlZSxV9LNh0","0","Tập Điên Cuồng Trả Thù: Bãi Miễn 9 Tướng Lĩnh Cấp Cao - Đại Thanh Trừng Trong Quân Đội Sắp Đến...","comment",,"0"
"@NguyenDotri-z3k","Con Tạ Ơn Chúa và con xin cảm ơn quý Cha quý Thầy và quý Sơ Đài Vatican News tiếng Việt ạ Amen","6","https://www.youtube.com/watch?v=yEPJark1BNA","0","Radio thứ Ba 24/03/2026 - Vatican News Tiếng Việt","comment",,"1"
"@PhúcNguyễnhồng-j4o","Con tạ ơn chúa, lạy chúa xin chúa chúc lành cho những dự tính chuyến tông du của Đức thánh cha luôn được sự quan phòng hướng dẫn của chúa luôn được bình an trong lòng thương xót chúa, lạy chúa Giê-su con tín thác vào chúa a men.","6","https://www.youtube.com/watch?v=yEPJark1BNA","0","Radio thứ Ba 24/03/2026 - Vatican News Tiếng Việt","comment",,"0"
"@PhúcNguyễnhồng-j4o","Lạy chúa con xin tạ ơn chúa đã gìn giữ gia đình con qua 1 đêm được bình an, con cảm ơn đài Vatican đem đến cho chúng con những tin tức về sự hoạt động của giáo hội thật ý nghĩa, con cảm ơn những lời chia sẽ của Đức thánh cha đem đến thật tuyệt vời gần gũi như lời khích lệ tất cả mọi người, lạy chúa xin giúp con để mỗi ngày con biết bám chặt mỏ neo vào chúa vì chỉ trong chúa con mới có được sự bình an, xin giúp con để mỗi ngày con biết nhìn lại mình nhìn thấy sự bất toàn và yếu đuối của bản thân, xin giúp con để mỗi ngày con được yêu mến chúa nhiều hơn lạy chúa Giê-su con tín thác vào chúa a men.","6","https://www.youtube.com/watch?v=yEPJark1BNA","0","Radio thứ Ba 24/03/2026 - Vatican News Tiếng Việt","comment",,"0"
"@namthong1963","✌️❤️","6","https://www.youtube.com/watch?v=yEPJark1BNA","0","Radio thứ Ba 24/03/2026 - Vatican News Tiếng Việt","comment",,"0"
"@VânNguyễnTrầnThanh","✝️🙏","6","https://www.youtube.com/watch?v=yEPJark1BNA","0","Radio thứ Ba 24/03/2026 - Vatican News Tiếng Việt","comment",,"0"
"@inhphungnguyen6332","Tạ ơn Chúa ,cảm ơn Cha và cộng đoàn","6","https://www.youtube.com/watch?v=yEPJark1BNA","0","Radio thứ Ba 24/03/2026 - Vatican News Tiếng Việt","comment",,"0"
"@g79gfv25bsguj","thằng khác lên cũng vậy thôi. CCP còn đó","12","https://www.youtube.com/watch?v=SlZSxV9LNh0","0","Tập Điên Cuồng Trả Thù: Bãi Miễn 9 Tướng Lĩnh Cấp Cao - Đại Thanh Trừng Trong Quân Đội Sắp Đến...","reply",,"0"
"@Efooballsr","Nếu VN vào được wcup 2026 thì liệu có bị bón hành như iran gặp anh ở wcup vừa rồi không","28","https://www.youtube.com/watch?v=iUkpj4mY9RM","1","Tân HLV Troussier dẫn dắt Việt Nam vì mục tiêu dự WC 2026 - Chương mới của BĐVN với 'phù thủy trắng'","comment",,"0"
"@hungdo1867","Chưa cầm quân ngày nào dám nói vn dư vc 2026 toàn hlv sạo ko 2126 Chưa có biết  được ko","28","https://www.youtube.com/watch?v=iUkpj4mY9RM","0","Tân HLV Troussier dẫn dắt Việt Nam vì mục tiêu dự WC 2026 - Chương mới của BĐVN với 'phù thủy trắng'","comment",,"0"
"@DLS-cg5vz","mong ông HLV mới không gọi cầu thủ của HAGL và lứa u19 đá thì chả ra gì hết thời trình độ không có mà suốt ngày kiện tụng","28","https://www.youtube.com/watch?v=iUkpj4mY9RM","0","Tân HLV Troussier dẫn dắt Việt Nam vì mục tiêu dự WC 2026 - Chương mới của BĐVN với 'phù thủy trắng'","comment",,"1"
"@mainguyenthingoc2841","Thanh Bình của Viettel sinh năm 2000 nhé. Nhà báo trước khi đưa tin tìm hiểu cho kỹ vào.","28","https://www.youtube.com/watch?v=iUkpj4mY9RM","0","Tân HLV Troussier dẫn dắt Việt Nam vì mục tiêu dự WC 2026 - Chương mới của BĐVN với 'phù thủy trắng'","comment",,"1"
"@binhduong2004","Mong tân HLV sẽ dẫn dắt BĐVN thành công giống như ông đã dẫn dắt các đội bóng ở châu Phi và cả Nhật   Bản mà ông đã làm được trong nhiều năm qua","28","https://www.youtube.com/watch?v=iUkpj4mY9RM","0","Tân HLV Troussier dẫn dắt Việt Nam vì mục tiêu dự WC 2026 - Chương mới của BĐVN với 'phù thủy trắng'","comment",,"2"
"@hanhle3484","Chúc buổi sáng vui vẻ an lành hạnh phúc chúc mừng huyện luận viên trưởng đã trở thành huấn luyện viên trưởng của đội tuyển quốc gia chúc ông luôn thành công tốt đẹp nhiều hơn nữa nhà","28","https://www.youtube.com/watch?v=iUkpj4mY9RM","0","Tân HLV Troussier dẫn dắt Việt Nam vì mục tiêu dự WC 2026 - Chương mới của BĐVN với 'phù thủy trắng'","comment",,"2"
"@ngoctram7396","Chúc buổi sáng vv","28","https://www.youtube.com/watch?v=iUkpj4mY9RM","0","Tân HLV Troussier dẫn dắt Việt Nam vì mục tiêu dự WC 2026 - Chương mới của BĐVN với 'phù thủy trắng'","comment",,"0"
"@g79gfv25bsguj","Được một câu nhai đi nhai lại. Cái tên không nói lên được gì đâu . VN là đối tác chiến lược của Mỹ.","12","https://www.youtube.com/watch?v=SlZSxV9LNh0","0","Tập Điên Cuồng Trả Thù: Bãi Miễn 9 Tướng Lĩnh Cấp Cao - Đại Thanh Trừng Trong Quân Đội Sắp Đến...","reply",,"1"
"@PhạmQuangMinh2004","chỉ cần đc hít không khí của word cup là đủ rồi haha","28","https://www.youtube.com/watch?v=iUkpj4mY9RM","0","Tân HLV Troussier dẫn dắt Việt Nam vì mục tiêu dự WC 2026 - Chương mới của BĐVN với 'phù thủy trắng'","reply",,"1"
"@vanvo7523","fake news","76","https://www.youtube.com/watch?v=xuorqJvBo7M","0","Tin Nổi Bật P1 (09-30-2025) TT Trump thực hiện kế sách thanh trừng đối thủ chính trị","comment",,"0"
"@buckyh1216","Bà con Việt Kiều, có biết tại sao chính phủ phải đóng cửa ngày hôm nay. Vì ngân sách cho bà tháng cuối của năm 2025 đã bị đảng Dân Chủ chống lài. Viện lý do là đảng Cộng Hoà không chấp nhận chi ra 1ngàn 500 medicaid dành cho bọn đi dán Bất Hợp Pháp và chỉ cho giải phẫu cho người muồn.","76","https://www.youtube.com/watch?v=xuorqJvBo7M","0","Tin Nổi Bật P1 (09-30-2025) TT Trump thực hiện kế sách thanh trừng đối thủ chính trị","comment",,"0"
"@buckyh1216","Đinh Quang Anh Dúi là một tên Đạo Đức Giả hắn là một tên CỰC TẢ giả dạng đạo đức. Mục đích hắn nằm vùng cho VC. Cẩn thận nhé bà con Việt Kiều!!!","76","https://www.youtube.com/watch?v=xuorqJvBo7M","1","Tin Nổi Bật P1 (09-30-2025) TT Trump thực hiện kế sách thanh trừng đối thủ chính trị","comment",,"0"
"@buckyh1216","Hey Hoàng trọng Thúi và Đinh Quang Anh Dúi hai lão gìa sắp xuống lỗ. Hai lão đúng là dân chợ búa bán thịt bán cá ở chợ Cầu Ông Lãnh. Ăn nói lật lọng xuyên tạc không khác gì bọn VC nằm vùng! Nhớ này hai lão già, cách đây một năm thằng già Rô Bẩy Đần THỰC HIÊN KẾ SACH ĐÀN ÁP Trump (người đối lập chính trị  mục đích bỏ tù Trump vài TRĂM NĂM không có ngày ra tù). Nhưng Trời bất dung GIAN. TT Trump đắc cử 2024 để thi hành lệnh của ""THƯỢNG ĐẾ"" lôi cổ bọn PHẢN QUỐC Dân Chủ lưu manh tàn độc như bọn Cộng Sản (Thúi và ĐQA Dúi cùng loài) vào tù để giúp người dân cần cù lương thiện làm ăn tạo dụng quốc gia hùng mạnh. Thúi và tên Gà Mái hãy cút về VN sống với bọn VC đàn áp người dân dân chúng!!!","76","https://www.youtube.com/watch?v=xuorqJvBo7M","0","Tin Nổi Bật P1 (09-30-2025) TT Trump thực hiện kế sách thanh trừng đối thủ chính trị","comment",,"0"
"@vanhienpham8524","Mấy thằng Tào lao.😮😮😮😮😮","76","https://www.youtube.com/watch?v=xuorqJvBo7M","0","Tin Nổi Bật P1 (09-30-2025) TT Trump thực hiện kế sách thanh trừng đối thủ chính trị","comment",,"1"
"@vanhienpham8524","Tào lao 😮😮😮😮😮😮","76","https://www.youtube.com/watch?v=xuorqJvBo7M","0","Tin Nổi Bật P1 (09-30-2025) TT Trump thực hiện kế sách thanh trừng đối thủ chính trị","comment",,"1"
"@LoanTran-te1xz","bởi vậy maga da vàng mê Trump  vì ông ta đã làm được nhưng chưa có tổng thống nào trên thế giới dám làm","76","https://www.youtube.com/watch?v=xuorqJvBo7M","1","Tin Nổi Bật P1 (09-30-2025) TT Trump thực hiện kế sách thanh trừng đối thủ chính trị","comment",,"0"
"@thangrom5795","useless government shut down la dung roi","76","https://www.youtube.com/watch?v=xuorqJvBo7M","0","Tin Nổi Bật P1 (09-30-2025) TT Trump thực hiện kế sách thanh trừng đối thủ chính trị","comment",,"0"
"@KhoaHuynh-o3i","Gia ding toi song nho vao USAID nay bi lay off het mat viec !","76","https://www.youtube.com/watch?v=xuorqJvBo7M","0","Tin Nổi Bật P1 (09-30-2025) TT Trump thực hiện kế sách thanh trừng đối thủ chính trị","comment",,"0"
"@hienthai4990","No body above the law gậy ông đập lưng ông","76","https://www.youtube.com/watch?v=xuorqJvBo7M","0","Tin Nổi Bật P1 (09-30-2025) TT Trump thực hiện kế sách thanh trừng đối thủ chính trị","comment",,"0"
"@HaiSang9","Ông TTTrump là người yêu nước! Ủng hộ ông TTTrump","76","https://www.youtube.com/watch?v=xuorqJvBo7M","1","Tin Nổi Bật P1 (09-30-2025) TT Trump thực hiện kế sách thanh trừng đối thủ chính trị","comment",,"3"
"@ThanhPhươngNguyễn-m4t","Tôi YÊU cầu đảng cộng hòa ba sọc ơ hải ngoại đừng lôi kéo ĐỒNG bào nhân dân việt nam ( phật giáo) tại hải ngoại đừng chống phá GIÁO Hội THIÊN chúa giáo VIỆT NAM CỦA chúng tôi tại việt nam. Hội thánh THIÊN chúa giáo VIỆT NAM đi tu NHÂN Đức đem lại sự CÔNG chính và CHÂN lý. Không phải đi tu để tham gia vào CHÍNH trị. Nếu CÁC LINH mục, và giám mục nổi loạn ko vâng phục GIÁO Quyền. Thì nội bộ hội thánh THIÊN chúa giáo VIỆT NAM đã có luật tu hành CỦA THIÊN chúa sửa dậy. Và đảng cộng hòa ba sọc ơ hải ngoại ĐỒNG bào nhân dân việt nam. Không NÊN can thiệp vào chuyện nội bộ hội thánh THIÊN chúa giáo VIỆT NAM chống phá hội thánh THIÊN chúa giáo VIỆT NAM chúng tôi ( XIN kính chuyển  yutobe)","76","https://www.youtube.com/watch?v=xuorqJvBo7M","0","Tin Nổi Bật P1 (09-30-2025) TT Trump thực hiện kế sách thanh trừng đối thủ chính trị","comment",,"1"
"@DougPham-eo2eh","Tôi rất ngưỡng mộ anh DQAT và tôi rất chán cái tào lao của HTT.","76","https://www.youtube.com/watch?v=xuorqJvBo7M","1","Tin Nổi Bật P1 (09-30-2025) TT Trump thực hiện kế sách thanh trừng đối thủ chính trị","comment",,"1"
"@QueNGUYENQuenguyen","Nói thật trump đả ngáo đưa bọn dốt nát này lên làm suy yếu nước Mỹ","76","https://www.youtube.com/watch?v=xuorqJvBo7M","0","Tin Nổi Bật P1 (09-30-2025) TT Trump thực hiện kế sách thanh trừng đối thủ chính trị","comment",,"2"
"@VănTríMai-e7y","Nếu các tuóng lĩnh quân đội , công chức Mỹ có lòng tự trọng và thực sự có tài thì chỉ cần 60% xin từ nhiệm thì Chump sẽ làm việc với ai ???","76","https://www.youtube.com/watch?v=xuorqJvBo7M","1","Tin Nổi Bật P1 (09-30-2025) TT Trump thực hiện kế sách thanh trừng đối thủ chính trị","comment",,"1"
"@QuangNguyen-ub9eo","roi day cung se den toi ac ma thoi  ra xuong tra no dan.....","76","https://www.youtube.com/watch?v=xuorqJvBo7M","0","Tin Nổi Bật P1 (09-30-2025) TT Trump thực hiện kế sách thanh trừng đối thủ chính trị","comment",,"1"
"@bensonkennedy1119","Putin qua Mỹ Trump moi Putin vào xe riêng, và Putin bày kệ muốn độc tài thì phải năm quân đội .","76","https://www.youtube.com/watch?v=xuorqJvBo7M","0","Tin Nổi Bật P1 (09-30-2025) TT Trump thực hiện kế sách thanh trừng đối thủ chính trị","comment",,"0"
"@User_TTPsc","Giám đốc FBI đẻ ra bố mày đó thụy","76","https://www.youtube.com/watch?v=xuorqJvBo7M","0","Tin Nổi Bật P1 (09-30-2025) TT Trump thực hiện kế sách thanh trừng đối thủ chính trị","comment",,"0"
"@IncredibleMc","Rat yeu thich cach trinh bay va lap luan cua bac DQAT va bac HTT 👍👍👍👍👍👍✌✌","76","https://www.youtube.com/watch?v=xuorqJvBo7M","1","Tin Nổi Bật P1 (09-30-2025) TT Trump thực hiện kế sách thanh trừng đối thủ chính trị","comment",,"3"
"@User_TTPsc","Đ","76","https://www.youtube.com/watch?v=xuorqJvBo7M","0","Tin Nổi Bật P1 (09-30-2025) TT Trump thực hiện kế sách thanh trừng đối thủ chính trị","comment",,"0"
"@baytien4203","Tốt đẹp , hạnh phúc","12","https://www.youtube.com/watch?v=A5DWn26mIU0","0","LIVE:3|23|2026: ĐÊM TÂM SỰ | IRAN XÁC NHẬN THIỆT HẠI NĂNG LƯỢNG NGHIÊM TRỌNG","comment",,"0"
"@playerthree8333","chào VL chúc vui vẻ và an lành","12","https://www.youtube.com/watch?v=A5DWn26mIU0","0","LIVE:3|23|2026: ĐÊM TÂM SỰ | IRAN XÁC NHẬN THIỆT HẠI NĂNG LƯỢNG NGHIÊM TRỌNG","comment",,"0"
"@tytrinh9669","Chào DR LV  D,BA đêm tâm sự  bọn khủng bọn khủng bố Iran và dân bất. hợp pháp còn nhiều trong các CITY HK nên các TD phải gìn giử","12","https://www.youtube.com/watch?v=A5DWn26mIU0","0","LIVE:3|23|2026: ĐÊM TÂM SỰ | IRAN XÁC NHẬN THIỆT HẠI NĂNG LƯỢNG NGHIÊM TRỌNG","comment",,"0"
"@trangluu-e1b","Bà con ông Ngô kỳ","12","https://www.youtube.com/watch?v=A5DWn26mIU0","0","LIVE:3|23|2026: ĐÊM TÂM SỰ | IRAN XÁC NHẬN THIỆT HẠI NĂNG LƯỢNG NGHIÊM TRỌNG","comment",,"0"
"@kimanhtran9575","Tôi hay vào để  ủng hộ cô Trish Reagan cô bị đuổi vô lý ở FoxNews cô nầy gốc ở New Hampshire cô  là người ủng hộ Tổng Thống Trump ngay từ lúc đầu . God Bless Trish Reagan 🇺🇸🇺🇸🇺🇸 God Bless America 4 more year President Trump to Save America 🇺🇸🇺🇸🇺🇸 GOD BLESS OUR MEN & WOMAN IN MILITARY ARE ALL SAFE & GOD BLESS AMERICAN SOLDIERS VICTORY 🇺🇸🇺🇸🇺🇸 MAKE AMERICA GREAT 🇺🇸🇺🇸🇺🇸 MAGA 🇺🇸🇺🇸🇺🇸 GOD BLESS PRESIDENT TRUMP 🇺🇸🇺🇸🇺🇸","12","https://www.youtube.com/watch?v=A5DWn26mIU0","0","LIVE:3|23|2026: ĐÊM TÂM SỰ | IRAN XÁC NHẬN THIỆT HẠI NĂNG LƯỢNG NGHIÊM TRỌNG","comment",,"0"
"@TrungNguyen-sk5sg","❤❤❤❤❤","12","https://www.youtube.com/watch?v=A5DWn26mIU0","0","LIVE:3|23|2026: ĐÊM TÂM SỰ | IRAN XÁC NHẬN THIỆT HẠI NĂNG LƯỢNG NGHIÊM TRỌNG","comment",,"0"
"@nguyendinhthi9","Cảm ơn VL rất nhiều 🌹🌹🌹🌹🌹","12","https://www.youtube.com/watch?v=A5DWn26mIU0","0","LIVE:3|23|2026: ĐÊM TÂM SỰ | IRAN XÁC NHẬN THIỆT HẠI NĂNG LƯỢNG NGHIÊM TRỌNG","comment",,"2"
"@hungdinh9408","Sao lại vậy chứ 😊","12","https://www.youtube.com/watch?v=A5DWn26mIU0","0","LIVE:3|23|2026: ĐÊM TÂM SỰ | IRAN XÁC NHẬN THIỆT HẠI NĂNG LƯỢNG NGHIÊM TRỌNG","comment",,"0"
"@ngoclanhtran4014","Ok","12","https://www.youtube.com/watch?v=A5DWn26mIU0","0","LIVE:3|23|2026: ĐÊM TÂM SỰ | IRAN XÁC NHẬN THIỆT HẠI NĂNG LƯỢNG NGHIÊM TRỌNG","comment",,"1"
"@huongdinh8372","Hello Võ Luân. God bless","12","https://www.youtube.com/watch?v=A5DWn26mIU0","0","LIVE:3|23|2026: ĐÊM TÂM SỰ | IRAN XÁC NHẬN THIỆT HẠI NĂNG LƯỢNG NGHIÊM TRỌNG","comment",,"1"
"@cuchuynh2918","HI VL 👍🏼👍🏼👍🏼👍🏼❤️❤️❤️❤️","12","https://www.youtube.com/watch?v=A5DWn26mIU0","0","LIVE:3|23|2026: ĐÊM TÂM SỰ | IRAN XÁC NHẬN THIỆT HẠI NĂNG LƯỢNG NGHIÊM TRỌNG","comment",,"1"
"@kimtran6236","Thanks God protect and kẻepsafe TTTrump and hí cabinet . Amen 🙏🇺🇸🇺🇸🇺🇸
Thanks 🙏 Dr Luân Vo DBA","12","https://www.youtube.com/watch?v=A5DWn26mIU0","0","LIVE:3|23|2026: ĐÊM TÂM SỰ | IRAN XÁC NHẬN THIỆT HẠI NĂNG LƯỢNG NGHIÊM TRỌNG","comment",,"3"
"@HienNguyen-bu3wn","Nhiều thằng thích làm dog cho pháp hơn dog mỹ, có lẽ bơ sữa pháp ngon hơn","10","https://www.youtube.com/watch?v=wPAwyL4obT8","0","Chiến tranh Trung Đông làm xáo trộn du lịch Việt Nam","comment",,"0"
"@MySmallGarden-vd5xz","Tôi nói được chút tiếng pháp hỏi chuyện người pháp điều gì khiến họ xếp việt nam? Đã số đều nói vì phong cảnh đẹp, đồ ăn ngon, rẻ, con người thân thiện, có nhiều thứ để trải nghiệm, an toàn và tìm lại như giữ kỷ niệm của thế hệ trước đã sinh sống ở việt nam.","10","https://www.youtube.com/watch?v=wPAwyL4obT8","0","Chiến tranh Trung Đông làm xáo trộn du lịch Việt Nam","comment",,"2"
"@VanNguyen-sh2yo","Ông mình đi lính cho Pháp sau này bảo đại bi Mỹ đá đít ông mình lại đi lính cho Mỹ nhưng ông mình vẫn thích ông chủ là người Pháp hơn quốc ca Pháp muôn năm","10","https://www.youtube.com/watch?v=wPAwyL4obT8","0","Chiến tranh Trung Đông làm xáo trộn du lịch Việt Nam","comment",,"1"
"@nguyenmanh-f8h","1. Chỉ những nước lạc hậu, đói rách mới bị ảnh hưởng, sợ chiến tranh Mi, Israel với Iran do dầu mỏ lên giá, vận tải ách tắc,chét chó chia li.

2. Các nước văn minh, hiện đại họ ko dùng dầu mỏ, họ ko lo chién tranh. Dân họ ra 2 bờ đại dương múc nước biển đổ vào máy bay để bay, xe để chạy, đổ vào nồi thành súp, đổ vào túi ra tiền, quá sung sướng.. 

3. Ông Trump ơi, nhân cơ sự này hãy đánh và lấy luôn Greenland, Gia Nã Đại, Mễ Tây Cơ, Cu văn Ba, đi một lần mang tiếng nhưng được miếng ngon muôn đời. Đây sẽ là món quà ý ngĩa để kỉ niệm 250 năm thế giới có nước Mĩ.","10","https://www.youtube.com/watch?v=wPAwyL4obT8","0","Chiến tranh Trung Đông làm xáo trộn du lịch Việt Nam","comment",,"0"
"@Johnduong-p1v","Kenh tao lao. Tin tuc rac ruoi","10","https://www.youtube.com/watch?v=wPAwyL4obT8","1","Chiến tranh Trung Đông làm xáo trộn du lịch Việt Nam","comment",,"0"
"@Johnduong-p1v","Chien tranh trung dong lam xao tron du lich MY, VA au chau..thiet hai hang ty dola..toi nghiep nuoc my..","10","https://www.youtube.com/watch?v=wPAwyL4obT8","0","Chiến tranh Trung Đông làm xáo trộn du lịch Việt Nam","comment",,"0"
"@jtnj8638","❤❤❤❤❤❤❤❤❤❤❤❤❤❤❤❤❤❤ ❤❤❤❤❤❤❤❤❤❤❤❤❤❤❤❤❤❤","10","https://www.youtube.com/watch?v=wPAwyL4obT8","0","Chiến tranh Trung Đông làm xáo trộn du lịch Việt Nam","comment",,"2"
"@khietnguyen8289","Văn hóa chụp giựt của dân Bắc lâm hỏng ngành du lịch..","10","https://www.youtube.com/watch?v=wPAwyL4obT8","0","Chiến tranh Trung Đông làm xáo trộn du lịch Việt Nam","comment",,"0"
"@holy914","Đi aller retour chỉ có 800 đổi o Doha bây giờ phải trả gấp 10 thôi đành o lại ngóng 😂","10","https://www.youtube.com/watch?v=wPAwyL4obT8","0","Chiến tranh Trung Đông làm xáo trộn du lịch Việt Nam","comment",,"1"
"@TamTran-b7h1v","Bác lại nói bậy rồi","76","https://www.youtube.com/watch?v=xuorqJvBo7M","0","Tin Nổi Bật P1 (09-30-2025) TT Trump thực hiện kế sách thanh trừng đối thủ chính trị","reply",,"0"
"@GiangPhuong-uz7iy","Nam mo a di da phat","1","https://www.youtube.com/watch?v=xfIzmKPGMCY","0","Tiên Tri 2026 Chấn Động: Phương Bắc Đại Loạn, Việt Nam Hóa Rồng?","comment",,"0"
"@ngafrederiksen8528","Trump yêu tiền và yêu gái!","76","https://www.youtube.com/watch?v=xuorqJvBo7M","0","Tin Nổi Bật P1 (09-30-2025) TT Trump thực hiện kế sách thanh trừng đối thủ chính trị","reply",,"1"
"@LittleSaigonTVOfficial","Little Saigon TV xin chào và xin cám ơn sự ủng hộ từ quý vị! Subscribe để xem thêm","76","https://www.youtube.com/watch?v=xuorqJvBo7M","0","Tin Nổi Bật P1 (09-30-2025) TT Trump thực hiện kế sách thanh trừng đối thủ chính trị","reply",,"0"
"@LittleSaigonTVOfficial","Little Saigon TV xin chào và xin cám ơn sự ủng hộ từ quý vị! Subscribe để xem thêm","76","https://www.youtube.com/watch?v=xuorqJvBo7M","0","Tin Nổi Bật P1 (09-30-2025) TT Trump thực hiện kế sách thanh trừng đối thủ chính trị","reply",,"0"
"@ThuyNguyen-zi5jy","Who is garbage here?","10","https://www.youtube.com/watch?v=wPAwyL4obT8","0","Chiến tranh Trung Đông làm xáo trộn du lịch Việt Nam","reply",,"0"
"@LittleSaigonTVOfficial","Little Saigon TV xin chào và xin cám ơn sự ủng hộ từ quý vị! Subscribe để xem thêm","76","https://www.youtube.com/watch?v=xuorqJvBo7M","0","Tin Nổi Bật P1 (09-30-2025) TT Trump thực hiện kế sách thanh trừng đối thủ chính trị","reply",,"0"
"@NhuanNguyen-md6hs","Hello chao 2 ong tao lao day khong co gi tra thu chinh tri ca ma dua nao muon nghep toi ong ngay xua thi gio ong tra lai thoi","76","https://www.youtube.com/watch?v=xuorqJvBo7M","0","Tin Nổi Bật P1 (09-30-2025) TT Trump thực hiện kế sách thanh trừng đối thủ chính trị","comment",,"2"
"@beautifulguitardancewonderfood","It's simple; he wants to become a dictator.","76","https://www.youtube.com/watch?v=xuorqJvBo7M","1","Tin Nổi Bật P1 (09-30-2025) TT Trump thực hiện kế sách thanh trừng đối thủ chính trị","comment",,"3"
"@chanhhuynh9226","Thái dúi là tên cực tả, lý luận tồi tệ, bẩn thỉu. Chống TT TRUMP theo đơn đặt hàng. Hắn chỉ nói 1/2 sự thật.","76","https://www.youtube.com/watch?v=xuorqJvBo7M","0","Tin Nổi Bật P1 (09-30-2025) TT Trump thực hiện kế sách thanh trừng đối thủ chính trị","comment",,"0"
"@DieuHongThan","Cảm ơn bác DQAThai phân tích thời sự nước Mỹ hiện tại chính xác 💙","76","https://www.youtube.com/watch?v=xuorqJvBo7M","1","Tin Nổi Bật P1 (09-30-2025) TT Trump thực hiện kế sách thanh trừng đối thủ chính trị","comment",,"3"
"@michaeldang3377","Thang nao keu goi am sat tong thong? 6847 la cua thang nao ko phai thang Comey?","76","https://www.youtube.com/watch?v=xuorqJvBo7M","0","Tin Nổi Bật P1 (09-30-2025) TT Trump thực hiện kế sách thanh trừng đối thủ chính trị","comment",,"0"
"@cuckim6359","Luôn luôn cảnh giác","63","https://www.youtube.com/watch?v=Msdg0IyMEDs","0","Từ mỉa mai quê quán đến ngụy tạo phe cánh - đòn tấn công rẻ tiền vào công tác cán bộ!","comment",,"0"
"@xiemnguyenthi820","Luôn tin tưởng vào đường lối của Đảng","63","https://www.youtube.com/watch?v=Msdg0IyMEDs","0","Từ mỉa mai quê quán đến ngụy tạo phe cánh - đòn tấn công rẻ tiền vào công tác cán bộ!","comment",,"0"
"@luutran5190","Luôn luôn cảnh giac, tin tưởng tuyệt đối vào đường lối của Đảng","63","https://www.youtube.com/watch?v=Msdg0IyMEDs","0","Từ mỉa mai quê quán đến ngụy tạo phe cánh - đòn tấn công rẻ tiền vào công tác cán bộ!","comment",,"0"
"@HàĐinh-o7c","Luôn luôn cảnh giác, tin tưởng tuyệt đối vào Đảng","63","https://www.youtube.com/watch?v=Msdg0IyMEDs","0","Từ mỉa mai quê quán đến ngụy tạo phe cánh - đòn tấn công rẻ tiền vào công tác cán bộ!","comment",,"0"
"@hanhduongvan6828","❤️❤️❤️","63","https://www.youtube.com/watch?v=Msdg0IyMEDs","0","Từ mỉa mai quê quán đến ngụy tạo phe cánh - đòn tấn công rẻ tiền vào công tác cán bộ!","comment",,"0"
"@hanhduongvan6828","🎉🎉🎉","63","https://www.youtube.com/watch?v=Msdg0IyMEDs","0","Từ mỉa mai quê quán đến ngụy tạo phe cánh - đòn tấn công rẻ tiền vào công tác cán bộ!","comment",,"0"
"@hanhduongvan6828","Tuyệt vời","63","https://www.youtube.com/watch?v=Msdg0IyMEDs","0","Từ mỉa mai quê quán đến ngụy tạo phe cánh - đòn tấn công rẻ tiền vào công tác cán bộ!","comment",,"0"
"@nguyenhanh8256","Tỉnh táo trước các âm mưu xuyên tạc sự thật, vững tin theo Đảng","63","https://www.youtube.com/watch?v=Msdg0IyMEDs","0","Từ mỉa mai quê quán đến ngụy tạo phe cánh - đòn tấn công rẻ tiền vào công tác cán bộ!","comment",,"0"
"@hydracacbon1557","Tuyệt vời","63","https://www.youtube.com/watch?v=Msdg0IyMEDs","0","Từ mỉa mai quê quán đến ngụy tạo phe cánh - đòn tấn công rẻ tiền vào công tác cán bộ!","comment",,"0"
"@TiếnLongVũ-v6p","Tỉnh táo","63","https://www.youtube.com/watch?v=Msdg0IyMEDs","0","Từ mỉa mai quê quán đến ngụy tạo phe cánh - đòn tấn công rẻ tiền vào công tác cán bộ!","comment",,"0"
"@TiếnLongVũ-v6p","Cần chú ý","63","https://www.youtube.com/watch?v=Msdg0IyMEDs","0","Từ mỉa mai quê quán đến ngụy tạo phe cánh - đòn tấn công rẻ tiền vào công tác cán bộ!","comment",,"0"
"@TiếnLongVũ-v6p","Rất tốt","63","https://www.youtube.com/watch?v=Msdg0IyMEDs","0","Từ mỉa mai quê quán đến ngụy tạo phe cánh - đòn tấn công rẻ tiền vào công tác cán bộ!","comment",,"0"
"@TiếnLongVũ-v6p","Phân tích đúng","63","https://www.youtube.com/watch?v=Msdg0IyMEDs","0","Từ mỉa mai quê quán đến ngụy tạo phe cánh - đòn tấn công rẻ tiền vào công tác cán bộ!","comment",,"0"
"@TiếnLongVũ-v6p","Rất hay","63","https://www.youtube.com/watch?v=Msdg0IyMEDs","0","Từ mỉa mai quê quán đến ngụy tạo phe cánh - đòn tấn công rẻ tiền vào công tác cán bộ!","comment",,"0"
"@huyhieu2679","Tuyệt đồi trung thành với lí tưởng","63","https://www.youtube.com/watch?v=Msdg0IyMEDs","0","Từ mỉa mai quê quán đến ngụy tạo phe cánh - đòn tấn công rẻ tiền vào công tác cán bộ!","comment",,"0"
"@huyhieu2679","Yêu nước","63","https://www.youtube.com/watch?v=Msdg0IyMEDs","0","Từ mỉa mai quê quán đến ngụy tạo phe cánh - đòn tấn công rẻ tiền vào công tác cán bộ!","comment",,"0"
"@huyhieu2679","Luôn tin tưởng vào Đảng","63","https://www.youtube.com/watch?v=Msdg0IyMEDs","0","Từ mỉa mai quê quán đến ngụy tạo phe cánh - đòn tấn công rẻ tiền vào công tác cán bộ!","comment",,"0"
"@huyhieu2679","Đừng để bị dắt mũi","63","https://www.youtube.com/watch?v=Msdg0IyMEDs","0","Từ mỉa mai quê quán đến ngụy tạo phe cánh - đòn tấn công rẻ tiền vào công tác cán bộ!","comment",,"0"
"@huyhieu2679","Luôn tỉnh táo","63","https://www.youtube.com/watch?v=Msdg0IyMEDs","0","Từ mỉa mai quê quán đến ngụy tạo phe cánh - đòn tấn công rẻ tiền vào công tác cán bộ!","comment",,"0"
"@Duvanky","Khách quan, dân chủ và đúng quy định, điều lệ Đảng","63","https://www.youtube.com/watch?v=Msdg0IyMEDs","0","Từ mỉa mai quê quán đến ngụy tạo phe cánh - đòn tấn công rẻ tiền vào công tác cán bộ!","comment",,"0"
"@conghieule4903","Cảnh giác","63","https://www.youtube.com/watch?v=Msdg0IyMEDs","0","Từ mỉa mai quê quán đến ngụy tạo phe cánh - đòn tấn công rẻ tiền vào công tác cán bộ!","comment",,"0"
"@conghieule4903","Chống xuyên tạc","63","https://www.youtube.com/watch?v=Msdg0IyMEDs","0","Từ mỉa mai quê quán đến ngụy tạo phe cánh - đòn tấn công rẻ tiền vào công tác cán bộ!","comment",,"0"
"@conghieule4903","Yêu nước","63","https://www.youtube.com/watch?v=Msdg0IyMEDs","0","Từ mỉa mai quê quán đến ngụy tạo phe cánh - đòn tấn công rẻ tiền vào công tác cán bộ!","comment",,"0"
"@conghieule4903","Cảnh giác","63","https://www.youtube.com/watch?v=Msdg0IyMEDs","0","Từ mỉa mai quê quán đến ngụy tạo phe cánh - đòn tấn công rẻ tiền vào công tác cán bộ!","comment",,"0"
"@conghieule4903","Tỉnh táo","63","https://www.youtube.com/watch?v=Msdg0IyMEDs","0","Từ mỉa mai quê quán đến ngụy tạo phe cánh - đòn tấn công rẻ tiền vào công tác cán bộ!","comment",,"0"
"@PhuongNguyen-yz1hv","Tin yêu Đảng! Kỳ vọng kỷ nguyên phát triển, tự hào dưới lá cờ Đảng quang vinh","63","https://www.youtube.com/watch?v=Msdg0IyMEDs","0","Từ mỉa mai quê quán đến ngụy tạo phe cánh - đòn tấn công rẻ tiền vào công tác cán bộ!","comment",,"0"
"@dungtrieu1485","Luôn luôn tỉnh táo","63","https://www.youtube.com/watch?v=Msdg0IyMEDs","0","Từ mỉa mai quê quán đến ngụy tạo phe cánh - đòn tấn công rẻ tiền vào công tác cán bộ!","comment",,"0"
"@khanhlinhvu5470","Luôn tỉnh táo","63","https://www.youtube.com/watch?v=Msdg0IyMEDs","0","Từ mỉa mai quê quán đến ngụy tạo phe cánh - đòn tấn công rẻ tiền vào công tác cán bộ!","comment",,"0"
"@ThuNguyen-c7h3n","Luôn luôn cảnh giác","63","https://www.youtube.com/watch?v=Msdg0IyMEDs","0","Từ mỉa mai quê quán đến ngụy tạo phe cánh - đòn tấn công rẻ tiền vào công tác cán bộ!","comment",,"0"
"@truongnguyen-si1iw","Luôn luôn tỉnh táo","63","https://www.youtube.com/watch?v=Msdg0IyMEDs","0","Từ mỉa mai quê quán đến ngụy tạo phe cánh - đòn tấn công rẻ tiền vào công tác cán bộ!","comment",,"0"
"@CHIESUTV","Nội bộ rối zen rồi :))","6","https://www.youtube.com/watch?v=rO_fu3q-lV0","0","Sự thật phía sau “đại thanh trừng” ở Trung Quốc: Vì sao hàng loạt quan chức cấp cao “ngã ngựa”?","comment",,"0"
"@ThiKimTuyetNguyen-m6i","Noi  hieu nhu can dau cao dau het xam thi dung hon ,,Trung quoc dang co dao chanh mit cau day y nghia xong gio con som chua biet duoc cho meo con nao thang phai cho them mot thoi gian sau nua moi biet cho hay meo thang Tap thsng se co dai chien 3  Hiep Lap thang Trung quoc se thay doi che do trong hoa binh khong chien tranh tum lai  van co nay Trump tuy khong choi nhung lai la nguoi quyet lam cho Tap thua bang moi gia,,,","6","https://www.youtube.com/watch?v=rO_fu3q-lV0","0","Sự thật phía sau “đại thanh trừng” ở Trung Quốc: Vì sao hàng loạt quan chức cấp cao “ngã ngựa”?","comment",,"0"
"@phitran5828","viên  tướng từng xâm lược việt nam","6","https://www.youtube.com/watch?v=rO_fu3q-lV0","0","Sự thật phía sau “đại thanh trừng” ở Trung Quốc: Vì sao hàng loạt quan chức cấp cao “ngã ngựa”?","comment",,"0"
"@ThiCanNguyen-o1o","Cứ tưởng làm to độc quyền phe nhóm vây. Cánh là vững chắc ???
Hóa ra trứng quảy đầu gậy..!!! TCB giờ muốn khử trương hữu hiệp nghe không dễ tý nào!!!
  Làm việc ác -) phước đức hết nhanh như vật rơi tự do ! Khi phước hết thì không lối thoát!!!","6","https://www.youtube.com/watch?v=rO_fu3q-lV0","1","Sự thật phía sau “đại thanh trừng” ở Trung Quốc: Vì sao hàng loạt quan chức cấp cao “ngã ngựa”?","comment",,"0"
"@ToddSpiller-is9nr","SÁM HỐI

Mái đầu tôi mỗi ngày càng nhanh bạc
Với câu hỏi đất nước sẽ về đâu?
Thế hệ chúng tôi tội lỗi ngập đầu
Nhìn con cháu lòng muôn hổ thẹn...
Thế hệ chúng tôi một thời chinh chiến
Thắng lợi mang về là xua đuổi văn minh
Thắng lợi mang về là làm khổ dân mình
Để đểu cáng lên ngôi gây tội ác
Thế hệ chúng tôi hoàn toàn lầm lạc
Quên dân tộc mình theo chủ nghĩa mác lê nin
Bệnh hoạn tư duy méo mó cách nhìn
Gieo thù hận trong lòng con cháu
Thế hệ chúng tôi đổ bao xương máu
Chẳng ý nghĩa gì khi dân tộc điêu linh
Chẳng ý nghĩa gì khi đất nước tanh bành
Lãnh thổ giang sơn bị ngoại bang gậm nhắm
Thế hệ chúng tôi cuộc đời cay đắng lắm
Mất chính mình mang tội ác với tương lai
Gần đất xa trời mới thấy được cái sai
Không phải thơ mà những lời sám hối...
Xin ngàn lần triệu lần chịu tội
Trước băn khoăn đất nước sẽ về đâu ?","6","https://www.youtube.com/watch?v=rO_fu3q-lV0","0","Sự thật phía sau “đại thanh trừng” ở Trung Quốc: Vì sao hàng loạt quan chức cấp cao “ngã ngựa”?","comment",,"0"
"@phitran5828","kẻ phản quốc phản đảng đều trở thành cục cứt trôi sông  hồn thiêng sông núi  anh ninh các anh hùng liệt sĩ việt nam rất ninh thiêng không tha thứ cho bất cứ kẻ nào  phản bội sự hy sinh của  sương máu  của các tiền nhân kẻ bợ đít tây lông sẽ không có kết cục tốt","6","https://www.youtube.com/watch?v=rO_fu3q-lV0","0","Sự thật phía sau “đại thanh trừng” ở Trung Quốc: Vì sao hàng loạt quan chức cấp cao “ngã ngựa”?","reply",,"0"
"@VietHoang-db6oy","Ông cương ơi là ông cương chán ông quá","34","https://www.youtube.com/watch?v=VqRJVlFynic","0","THẾ GIỚI 360° | Ai sẽ ngồi ghế tổng thống Ukraine khi cuộc “đấu đá” chính trị sôi động trở lại?","comment",,"0"
"@TruongHoang-of5hm","Tôi mong u có một t thống mới sáng suốt cho dân u đỡ khổ","34","https://www.youtube.com/watch?v=VqRJVlFynic","0","THẾ GIỚI 360° | Ai sẽ ngồi ghế tổng thống Ukraine khi cuộc “đấu đá” chính trị sôi động trở lại?","comment",,"0"
"@NhanNguyen-he9mw","Nghe  Chương trình hỏi  .
Em nghe  Các  Anh  bình luận  nhiều rồi  .
Em yêu Các Anh  !
Em cảm ơn Chương trình !
Em hoang mang quá!
Chẳng thấy Bến Bờ đâu.","34","https://www.youtube.com/watch?v=VqRJVlFynic","0","THẾ GIỚI 360° | Ai sẽ ngồi ghế tổng thống Ukraine khi cuộc “đấu đá” chính trị sôi động trở lại?","comment",,"6"
"@VuMinhTran-s7d","Putin của ông lại chuẩn bị đe dọa vũ khí hạt nhân 😅","34","https://www.youtube.com/watch?v=VqRJVlFynic","0","THẾ GIỚI 360° | Ai sẽ ngồi ghế tổng thống Ukraine khi cuộc “đấu đá” chính trị sôi động trở lại?","comment",,"0"
"@Anvuquetoi1978","Về con sô tổn thất trong ngày đối với binh sĩ của 2 bên đưa ra đâu có phải là con sô tử vong hết đâu..ví dụ như Nga tuyên bố là một ngày loại bỏ hơn 1000 binh sĩ của Ukraina, thì trong đó có bao nhiêu % là tử trận, bao nhiêu % là bị thương, có khi vài ngày rồi lại chiến đấu được, có khi là vài tháng hoặc vĩnh viễn vv..chứ đâu phải là loại bỏ vĩnh viễn đâu..Nói chung không ai trực tiếp ở ngoài chiến trường mà biết được chính xác.  Nhưng qua những lần trao đổi thi thể hài cốt binh lính thì chúng ta có thể so sánh được tổn thất về binh lính của 2 quốc gia, đó là thực tế nhất..còn như những lời tuyên truyền của Zelelky thì bao giờ người Nga cũng tổn thất, thiệt hại kinh khủng lắm 😅 ngay cå đến cuộc tấn công vào kursk của Zelelky là một thất bại thê thảm nhục nhã nhất..nhưng Zelelky vẫn còn hiên ngang tuyên bố là chiến thắng vang dội 😅 ,,còn hàng đêm Nga tấn công làm cho cháy nổ không biết bao nhiêu là tổn thất mà do chính người dân Ukraina quay lại..nhưng Zelelky cũng vẫn luôn tự hào và tuyên bố rằng phòng không của Ukraina đã ngăn chặn hiệu quả tới trên 90 %%%%%cơ mà 😅😂😂 đúng là một thằng Hài kịch, một tên Hề trên sân khấu chính trị..","34","https://www.youtube.com/watch?v=VqRJVlFynic","0","THẾ GIỚI 360° | Ai sẽ ngồi ghế tổng thống Ukraine khi cuộc “đấu đá” chính trị sôi động trở lại?","comment",,"0"
"@NgụPhanHữu","Mỹ và Pt bảo ko đàm phán với tt Nga Putin thì hề zelen nó cũng làm thế.","34","https://www.youtube.com/watch?v=VqRJVlFynic","0","THẾ GIỚI 360° | Ai sẽ ngồi ghế tổng thống Ukraine khi cuộc “đấu đá” chính trị sôi động trở lại?","comment",,"0"
"@thymai6424","Cảm ơn chương trình và bài bình luận quốc tế rất sâu sắc của các bác chuyên gia ❤ Nhìn mặt ngài TT đầy đất nước vào điêu tàn, chết chóc ❤ là ko ưa nổi ❤","34","https://www.youtube.com/watch?v=VqRJVlFynic","0","THẾ GIỚI 360° | Ai sẽ ngồi ghế tổng thống Ukraine khi cuộc “đấu đá” chính trị sôi động trở lại?","comment",,"0"
"@houp648","vì là tt hề nên mới được mỹ âu sai khiến và đó cũng là lựa chọn đau thương của dân ukraine","34","https://www.youtube.com/watch?v=VqRJVlFynic","0","THẾ GIỚI 360° | Ai sẽ ngồi ghế tổng thống Ukraine khi cuộc “đấu đá” chính trị sôi động trở lại?","comment",,"0"
"@YếnHoàng-o7p1w","Tổng thống tản phá đất nước","34","https://www.youtube.com/watch?v=VqRJVlFynic","0","THẾ GIỚI 360° | Ai sẽ ngồi ghế tổng thống Ukraine khi cuộc “đấu đá” chính trị sôi động trở lại?","comment",,"0"
"@vunhunguyenchannel1458","Nó có làm chính trị đâu mà đưa nó lên làm tổng thống cơ chứ","34","https://www.youtube.com/watch?v=VqRJVlFynic","0","THẾ GIỚI 360° | Ai sẽ ngồi ghế tổng thống Ukraine khi cuộc “đấu đá” chính trị sôi động trở lại?","comment",,"0"
"@vunhunguyenchannel1458","Sai lầm lớn nhất của người dân Ukraine là đưa tên hài lên làm tổng thống mới sảy ra chiến tranh","34","https://www.youtube.com/watch?v=VqRJVlFynic","0","THẾ GIỚI 360° | Ai sẽ ngồi ghế tổng thống Ukraine khi cuộc “đấu đá” chính trị sôi động trở lại?","comment",,"0"
"@danhtrungnguyen2833","TT zelenski ra đạo luật cấm đàm phán vs Nga là do phương Tây bảo thế, chứ tài cán gì đâu.","34","https://www.youtube.com/watch?v=VqRJVlFynic","0","THẾ GIỚI 360° | Ai sẽ ngồi ghế tổng thống Ukraine khi cuộc “đấu đá” chính trị sôi động trở lại?","comment",,"2"
"@LựcPhạmVăn-h3e","Chiến tranh giữa Nga- Bầy đàn Pt+ Mỹ và NATO Sẽ còn dài dài.","34","https://www.youtube.com/watch?v=VqRJVlFynic","0","THẾ GIỚI 360° | Ai sẽ ngồi ghế tổng thống Ukraine khi cuộc “đấu đá” chính trị sôi động trở lại?","comment",,"0"
"@LựcPhạmVăn-h3e","CUỘC CHIẾN CHƯA CÓ TÍN HIỆU GÌ VỀ KHẢ NĂNG KẾT THÚC.","34","https://www.youtube.com/watch?v=VqRJVlFynic","0","THẾ GIỚI 360° | Ai sẽ ngồi ghế tổng thống Ukraine khi cuộc “đấu đá” chính trị sôi động trở lại?","comment",,"0"
"@BảoNguyễn-d9u6v","Ucraina cứ PHÁO KÍCH hạng
NẶNg (hoặc TÊN LỬA) vào các Vị trí Quan trọng của Nga , thì NGA cũng MỆT đấy!","34","https://www.youtube.com/watch?v=VqRJVlFynic","0","THẾ GIỚI 360° | Ai sẽ ngồi ghế tổng thống Ukraine khi cuộc “đấu đá” chính trị sôi động trở lại?","comment",,"0"
"@TrầnNhàĐào-b7x","Các ông chuyên gia bình luận ôk","34","https://www.youtube.com/watch?v=VqRJVlFynic","0","THẾ GIỚI 360° | Ai sẽ ngồi ghế tổng thống Ukraine khi cuộc “đấu đá” chính trị sôi động trở lại?","comment",,"0"
"@Anvuquetoi1978","Zelelky luôn nói mình là một người yêu Hòa Bình, yêu đất nước và người dân..Vậy sao ngay từ đầu cuộc chiến thì zelelky đã ký ngay một dự luật CẤM ĐÀM PHÁN với Nga...vậy yêu Hòa Bình của Zelelky là phải chiến đấu đến người Ukraina cuối cùng chứ không được ĐÀM PHÁN,..đây không phải chỉ riêng đầu của một tên Hề có vấn đề, mà tất cả các lãnh đạo Châu Âu phương tây, Mỹ đều như nhau. Toàn những kẻ ĐỘC TÀI ngu xuẩn nhưng lại hiếu chiến, hống hách và ngạo mạn..còn đối với người dân phương tây Châu Âu có lẽ cũng có nhiều người nhìn thấy được những bộ mặt đểu cáng, ngu xuẩn và độc tài của những lãnh đạo quốc gia mình,,nhưng với họ thì biết làm sao được, vì tất cả bọn chúng ( lãnh đạo) đã được một thế lực NGẦM tuyển chọn và đưa lên làm lãnh đạo, tất nhiên mục đích là lợi ích của bọn chúng ( quân phiệt, vũ khí,...vv) chứ đâu phải vì đất nước hay người dân..vậy cho nên Châu Âu mới có cảnh Suy thoái hỗn loạn nghèo khó như vậy..Tự do, dân chủ và nhân quyền của Châu Âu, phương tây chỉ là một bình phong giả tạo, còn thực chất như đất nước Ukraina được Mỹ Châu Âu,phương tây gọi là Dân chủ nhân quyền và tự do.. mà lại khốn nạn bỉ ổi như vậy đó, một đất nước mà lại đi Cấm người dân mình không được dùng ngôn ngữ khác, một ngôn ngữ mà từ Cha ông TỔ TIÊN của họ truyền lại..rồi Zelelky còn Cấm và bắt tất cả những Tôn giáo nào mà hắn cho là mối nguy hiểm, không cùng quan điểm với hắn..vv.. vv ..còn nhiều trò khốn nạn vô lương sỉ khác nữa..đó DÂN CHỦ, TỰ DO và NHÂN QUYỀN thật sự của giới chức lãnh đạo Mỹ, Châu Âu và phương tây là như vậy đó..một giới chức lãnh đạo với những chiếc LƯỠI không có SƯƠNG nên bọn chúng thoải mái mà UỐN ÉO nếu bất cứ một quốc gia nào mà không chịu khuất phục làm tay sai nô lệ cho bọn chúng thì ngay lập tức quốc gia đó toàn những lãnh đạo Độc tài , còn nếu ngoan ngoãn nghe và làm theo thì cho dù có như thế nào, kể cả lãnh đạo có ngu xuẩn, độc tài thật sự, hay có là tên khủng bố phát xít vv..thì đất nước đó là một đất nước với nền dân chủ nhân quyền với sự lãnh đạo của một tổng thống tuyệt vời...😂..thật là ghê tởm cho một chế độ ĐỘC TÀI PHÁT XÍT thật sự của những lãnh đạo Châu Âu...thật là tội nghiệp cho người dân,.một VƯỜN ĐỊA ĐÀNG năm nào ,nay đã là một VƯỜN CHĂN CỪU hay VƯỜN ĐỊA NGỤC của TRẦN GIAN..","34","https://www.youtube.com/watch?v=VqRJVlFynic","0","THẾ GIỚI 360° | Ai sẽ ngồi ghế tổng thống Ukraine khi cuộc “đấu đá” chính trị sôi động trở lại?","comment",,"0"
"@inhcuongnguyen7781","Tại sao hè trước đây họ ko đảm phan voi putin vì bị p Tây đất mũi quá xa . Ban lĩnh lại tự cao nữa cho nên có phát âm như vậy","34","https://www.youtube.com/watch?v=VqRJVlFynic","0","THẾ GIỚI 360° | Ai sẽ ngồi ghế tổng thống Ukraine khi cuộc “đấu đá” chính trị sôi động trở lại?","comment",,"0"
"@rungbui2206","Các bác bình luận đúng và hay quá nhưng người dân bị khổ thôi","34","https://www.youtube.com/watch?v=VqRJVlFynic","0","THẾ GIỚI 360° | Ai sẽ ngồi ghế tổng thống Ukraine khi cuộc “đấu đá” chính trị sôi động trở lại?","comment",,"2"
"@laivanthien3890","👎🌋😠😡🤬🌋👎","34","https://www.youtube.com/watch?v=VqRJVlFynic","1","THẾ GIỚI 360° | Ai sẽ ngồi ghế tổng thống Ukraine khi cuộc “đấu đá” chính trị sôi động trở lại?","comment",,"0"
"@hoainiemxua123","Mấy ba đọc tiếng Việt không chạy mà tiên trị, tiên đoán gì ,làm nghề khác ăn đi","2","https://www.youtube.com/watch?v=SifaC3mh-Ww","0","Sấm Trạng Trình tiên tri vận mệnh 2026 quá thảm khốc theo lời sấm","comment",,"0"
"@hause1014","Lời sấm và các lời tiên tri nên giữ nguyên văn , không chèn nhét tư tưởng cá nhân hay tổ chức.","2","https://www.youtube.com/watch?v=SifaC3mh-Ww","0","Sấm Trạng Trình tiên tri vận mệnh 2026 quá thảm khốc theo lời sấm","comment",,"0"
"@KhảiCaoVăn-c8q","Đung vì văn thưởng ko pai vì tham nhũng","43","https://www.youtube.com/watch?v=kscmV5U-3Hs","0","Đỉnh điểm đấu đá quyền lực: VN thay ngựa giữa dòng, bất chấp thể diện quốc gia!","comment",,"0"
"@TùngCao-u4r","Theo tui nghĩ Việt nam làm vậy cũng tốt.Chứ tiếp người ta rồi mà đổ bể ra thì nhục lắm","43","https://www.youtube.com/watch?v=kscmV5U-3Hs","0","Đỉnh điểm đấu đá quyền lực: VN thay ngựa giữa dòng, bất chấp thể diện quốc gia!","comment",,"0"
"@mindswon2504","Nhận xét ,Hai Ông logic chính xác,Quá nguy hiểm","43","https://www.youtube.com/watch?v=kscmV5U-3Hs","0","Đỉnh điểm đấu đá quyền lực: VN thay ngựa giữa dòng, bất chấp thể diện quốc gia!","comment",,"0"
"@henngo4971","việt nam nếu xuống tay triệt để thì 64 tỉnh thành đều vướng tham nhũng ,và bao che 
chính phủ việt nam phải dọn sạch bọn quan tham ,và đưa lên nhóm lãnh đạo mới 
đất nước mới phát triển","43","https://www.youtube.com/watch?v=kscmV5U-3Hs","0","Đỉnh điểm đấu đá quyền lực: VN thay ngựa giữa dòng, bất chấp thể diện quốc gia!","comment",,"0"
"@TaiBui-k2k","VN thay ngựa giữa đường .
Bất chấp thể diện Quốc Gia .
Một thể chế CS lỗi thời , lạc hậu .
Một chính quyền , một nhà nước .
Mà cứ như 1 sân khấu cải lương hồ quảng .","43","https://www.youtube.com/watch?v=kscmV5U-3Hs","0","Đỉnh điểm đấu đá quyền lực: VN thay ngựa giữa dòng, bất chấp thể diện quốc gia!","comment",,"0"
"@frankl2011","Võ Văn Thưởng là học trò của ông Nguyễn Phú Trọng","43","https://www.youtube.com/watch?v=kscmV5U-3Hs","0","Đỉnh điểm đấu đá quyền lực: VN thay ngựa giữa dòng, bất chấp thể diện quốc gia!","comment",,"0"
"@TamTran-pv5gf","Chỉ còn Vương Đình Huệ sẽ lên làm Tổng Bí Thư Cộng Hoà Xã Hội Chủ Nghĩa Việt Nam.","43","https://www.youtube.com/watch?v=kscmV5U-3Hs","0","Đỉnh điểm đấu đá quyền lực: VN thay ngựa giữa dòng, bất chấp thể diện quốc gia!","comment",,"0"
"@TamTran-pv5gf","Trong tương lai Chức Tổng Bí Thư ,Thủ Tướng,Chủ Tịch Nước người dân bầu chọn nhiệm kỳ 4 năm kinh tế phát triển đời sống ấm no người dân sẽ đi bầu cử cho nhiệm kỳ tiếp theo không nên nắm quyền quá lâu.","43","https://www.youtube.com/watch?v=kscmV5U-3Hs","0","Đỉnh điểm đấu đá quyền lực: VN thay ngựa giữa dòng, bất chấp thể diện quốc gia!","comment",,"0"
"@MinhNguyen-yd9do","Chuyện quá dễ hiểu , trung cộng chỉ cần nắm đầu bộ chính trị csvn là xong , để làm việc đó phải dựa vào bộ công an , Tô Lâm là một tên tàu biết nói tiếng việt , dần dần sẽ nắm quyền tổng bí thư kiêm chủ tịch nước, thế là nước việt nam ta đã nằm trong vòng tay âu yếm của tàu giống như hình ảnh tập cận bình ưu ái choàng vòng kim cô vào cổ ông Trọng , bây giờ ông T đã yếu rồi và cũng là lúc Tô Lâm xuất hiện theo kịch bản của Trung Quốc !","43","https://www.youtube.com/watch?v=kscmV5U-3Hs","0","Đỉnh điểm đấu đá quyền lực: VN thay ngựa giữa dòng, bất chấp thể diện quốc gia!","comment",,"0"
"@HienNguyenThi-vp7mq","Trừ bác Tổng ra thì quan chức nào cũng ... Tô Đại tướng là ng có công lao lớn nhất trong diệt trừ bè lũ quan tham, là ng bản lĩnh nhất, quyền lực nhất. nên Tô đại tướng xứng đáng nhất...","43","https://www.youtube.com/watch?v=kscmV5U-3Hs","0","Đỉnh điểm đấu đá quyền lực: VN thay ngựa giữa dòng, bất chấp thể diện quốc gia!","comment",,"1"
"@tranhungdao1985","Phải công nhận là tin tức của phản động nước ngoài rất là chính xác. Tin nước ngoài đã biết cả tuần thì VTV mới đăng tải cho người dân trong nước biết. Bây giờ người dân chúng tôi không còn tin vào VTV và mấy cái loa phường.","43","https://www.youtube.com/watch?v=kscmV5U-3Hs","0","Đỉnh điểm đấu đá quyền lực: VN thay ngựa giữa dòng, bất chấp thể diện quốc gia!","comment",,"1"
"@tranhungdao1985","Thật ra thì tộc Sản có ai mà không tham nhũng. Chính xác đánh tham nhũng là để tranh dành quyền lực.","43","https://www.youtube.com/watch?v=kscmV5U-3Hs","0","Đỉnh điểm đấu đá quyền lực: VN thay ngựa giữa dòng, bất chấp thể diện quốc gia!","comment",,"1"
"@tranhungdao1985","Đã theo CS thì làm gì còn biết thể diện là gì hả các bác. Nếu biết thể diện thì đã không theo CS.","43","https://www.youtube.com/watch?v=kscmV5U-3Hs","0","Đỉnh điểm đấu đá quyền lực: VN thay ngựa giữa dòng, bất chấp thể diện quốc gia!","comment",,"1"
"@macnaichachacha","Mấy ông 3/// phản động giỏi suy diễn quá. Hong ấy mình đi làm phim mấy thể loại cung đấu của Trung Quốc đi, vừa kiếm được tiền mà vừa thỏa sức suy diễn của mấy cha. Chứ lên đây nói như này ăn tiền youtube có bao nhiêu mà Cộng sản nhìn vô mấy ông cũng chỉ là mấy con tép riêu không đủ trình độ để họ phải quan tâm nữa chứ làm được gì họ đâu. Bằng chứng là họ vẫn đứng vững 50 năm nay đấy thôi.","43","https://www.youtube.com/watch?v=kscmV5U-3Hs","0","Đỉnh điểm đấu đá quyền lực: VN thay ngựa giữa dòng, bất chấp thể diện quốc gia!","comment",,"1"
"@macnaichachacha","Không chống tham nhũng thì bảo VN 1 đảng độc tài không ai chống ai bao che. Đốt lò hừng hừng thì bảo ""Đấu đá tranh giành quyền lực nội bộ"". CỘNG SẢN giơ tay xin có một câu hỏi cho 3/// rằng: ""SỐNG SAO MỚI VỪA LÒNG MẤY BỐ ĐÂY?""","43","https://www.youtube.com/watch?v=kscmV5U-3Hs","0","Đỉnh điểm đấu đá quyền lực: VN thay ngựa giữa dòng, bất chấp thể diện quốc gia!","comment",,"1"
"@thgthien8581","Á đù, đảng cái bang CSVN nổi tiếng khắp thế giới mà thể diện với sĩ diện gì,","43","https://www.youtube.com/watch?v=kscmV5U-3Hs","0","Đỉnh điểm đấu đá quyền lực: VN thay ngựa giữa dòng, bất chấp thể diện quốc gia!","comment",,"0"
"@katateo328","vay ha DDD thiet la ghe gom qua di, ta noi roi, choi voi linh tinh la khong co on dau ma. se banh ta long het. hahhaha","43","https://www.youtube.com/watch?v=kscmV5U-3Hs","0","Đỉnh điểm đấu đá quyền lực: VN thay ngựa giữa dòng, bất chấp thể diện quốc gia!","comment",,"0"
"@mobilesvithamh","Đã yếu thế thì không thể ngồi được ghế ctn  vướng vào tham ô tham nhũng thì bị loại thôi","43","https://www.youtube.com/watch?v=kscmV5U-3Hs","0","Đỉnh điểm đấu đá quyền lực: VN thay ngựa giữa dòng, bất chấp thể diện quốc gia!","comment",,"0"
"@HuyHoàng-n8u","Cần bộ cs tháng nào mà không ham tiền ,,,con nó xuất thân từ bạn tuyển giáo bên đoạn thị biết cái gì mà lãnh đạo hay ba sao","43","https://www.youtube.com/watch?v=kscmV5U-3Hs","0","Đỉnh điểm đấu đá quyền lực: VN thay ngựa giữa dòng, bất chấp thể diện quốc gia!","comment",,"0"
"@khoathunguyen7558","Tô lâm muốn lảnh đạo việt nam thì nên ở nhà cấp 4 sống đơn giản thì dân ủng hộ và bỏ qua miếng thich bò.","43","https://www.youtube.com/watch?v=kscmV5U-3Hs","0","Đỉnh điểm đấu đá quyền lực: VN thay ngựa giữa dòng, bất chấp thể diện quốc gia!","comment",,"1"
"@HồngNguyễnThị-r4w","Zelensiki thằng này hề mà , ham quyền cố vị  nên chiến tranh  do EU , châu âu , mỹ đứng đằng sau , khổ dân quá","34","https://www.youtube.com/watch?v=VqRJVlFynic","0","THẾ GIỚI 360° | Ai sẽ ngồi ghế tổng thống Ukraine khi cuộc “đấu đá” chính trị sôi động trở lại?","comment",,"0"
"@VănCẩmĐỗ-l4o","Khi không còn gì.. tìm,đổ vấy để có cớ ,,giãy dụa một thời gian nữa...","34","https://www.youtube.com/watch?v=VqRJVlFynic","0","THẾ GIỚI 360° | Ai sẽ ngồi ghế tổng thống Ukraine khi cuộc “đấu đá” chính trị sôi động trở lại?","comment",,"0"
"@-wz9vf","Mỗi lần Nga tấn công u rai na nói bắn hạ tám chính chục % rồi cứ khóc","34","https://www.youtube.com/watch?v=VqRJVlFynic","0","THẾ GIỚI 360° | Ai sẽ ngồi ghế tổng thống Ukraine khi cuộc “đấu đá” chính trị sôi động trở lại?","comment",,"0"
"@LaiLe-y4d","Ai làm cũng đc. Ngừoi đó phải là do người dân họ bầu không đắc cử theo kiểu triều Tiên. Cu-ba. Vênezuela. Nga. Iran. Trung Quốc. Theo truc ma quỷ này chỉ có doi tra. Bịp bợm. Lưu manh. Nghèo đói Man rợ","34","https://www.youtube.com/watch?v=VqRJVlFynic","0","THẾ GIỚI 360° | Ai sẽ ngồi ghế tổng thống Ukraine khi cuộc “đấu đá” chính trị sôi động trở lại?","comment",,"1"
"@thanhhungle3089","Hiến pháp Uk cấm bầu cử trong thời chiến mà","34","https://www.youtube.com/watch?v=VqRJVlFynic","0","THẾ GIỚI 360° | Ai sẽ ngồi ghế tổng thống Ukraine khi cuộc “đấu đá” chính trị sôi động trở lại?","comment",,"1"
"@vuthai2988",".","34","https://www.youtube.com/watch?v=VqRJVlFynic","0","THẾ GIỚI 360° | Ai sẽ ngồi ghế tổng thống Ukraine khi cuộc “đấu đá” chính trị sôi động trở lại?","comment",,"0"
"@TungThanh-bz4gk","Theo tin tìn báo từ sa,,,cho biết,,Nga sẻ giữ zelensky,,ngồi ghế tổng thống dù thiết quân luật,,hây ko thiết quân luật,,,cho đến khi nào liên minh chịu ko nổi ,,loại bỏ zelensky,,người khác lên nắm chính phủ lâm thời, Ukraine tổ chức bầu cử,,,lúc đó mới có đàm phán,,nhất định zelensky phải chết,,Nga ép zelensky vào đường cùng rồi phải chết","34","https://www.youtube.com/watch?v=VqRJVlFynic","0","THẾ GIỚI 360° | Ai sẽ ngồi ghế tổng thống Ukraine khi cuộc “đấu đá” chính trị sôi động trở lại?","comment",,"0"
"@yywwnnjj","Đợi tìm ông hề khác lên thay dân uk rất khoái","34","https://www.youtube.com/watch?v=VqRJVlFynic","0","THẾ GIỚI 360° | Ai sẽ ngồi ghế tổng thống Ukraine khi cuộc “đấu đá” chính trị sôi động trở lại?","comment",,"0"
"@trangvu3275","Toi Nghe Ong noi ...Toi khang dinh rang..Tu Tuong Ong Sac mui Doc Tai..CS..luon cho minh la dung..""Cai gi ma My Chan UCN...Chau Au chan UCN.."" Ong Toan noi linh Tinh...Ong Ko The Chap Nhan Duoc ""","34","https://www.youtube.com/watch?v=VqRJVlFynic","2","THẾ GIỚI 360° | Ai sẽ ngồi ghế tổng thống Ukraine khi cuộc “đấu đá” chính trị sôi động trở lại?","comment",,"4"
"@phuongdothi5533","Ngu thì chết chấp nhận đi","34","https://www.youtube.com/watch?v=VqRJVlFynic","0","THẾ GIỚI 360° | Ai sẽ ngồi ghế tổng thống Ukraine khi cuộc “đấu đá” chính trị sôi động trở lại?","comment",,"0"
"@actranquoc2681","A Di Đà Phật 🙏👍","79","https://www.youtube.com/watch?v=_1-9ZjauyeE","0","RÙNG MÌNH 2026: SẤM TRẠNG 500 NĂM ỨNG NGHIỆM VẬN MỆNH VIỆT NAM! HÓA RỒNG HAY ĐẠI HỌA DIỆT VONG?","comment",,"0"
"@quynhngo531","Na mô a đi đà phật chúc bạn đồi Đào sức khỏe để có nhiều nhiều sức khỏe nhé","79","https://www.youtube.com/watch?v=_1-9ZjauyeE","0","RÙNG MÌNH 2026: SẤM TRẠNG 500 NĂM ỨNG NGHIỆM VẬN MỆNH VIỆT NAM! HÓA RỒNG HAY ĐẠI HỌA DIỆT VONG?","comment",,"0"
"@chuongban3149","Hay quá","79","https://www.youtube.com/watch?v=_1-9ZjauyeE","0","RÙNG MÌNH 2026: SẤM TRẠNG 500 NĂM ỨNG NGHIỆM VẬN MỆNH VIỆT NAM! HÓA RỒNG HAY ĐẠI HỌA DIỆT VONG?","comment",,"0"
"@MÙITRẦN-w4z","Chùa còn lại quỷ ma cầu an làm sao được về tu  tại gia nhé","79","https://www.youtube.com/watch?v=_1-9ZjauyeE","0","RÙNG MÌNH 2026: SẤM TRẠNG 500 NĂM ỨNG NGHIỆM VẬN MỆNH VIỆT NAM! HÓA RỒNG HAY ĐẠI HỌA DIỆT VONG?","comment",,"0"
"@PhiPhi-p8e","Thuận theo trời đất tự nhiên","79","https://www.youtube.com/watch?v=_1-9ZjauyeE","0","RÙNG MÌNH 2026: SẤM TRẠNG 500 NĂM ỨNG NGHIỆM VẬN MỆNH VIỆT NAM! HÓA RỒNG HAY ĐẠI HỌA DIỆT VONG?","comment",,"0"
"@VanHoiPham-qy2dj","Nam mô a di đà phật, nguyện cầu cho dân tộc Việt Nam, và toàn thế giới được hòa bình, cầu nguyện cho nhà nhà mọi người có cơm no áo ẩm, Bình an hạnh phúc sum vầy bên nhau","79","https://www.youtube.com/watch?v=_1-9ZjauyeE","0","RÙNG MÌNH 2026: SẤM TRẠNG 500 NĂM ỨNG NGHIỆM VẬN MỆNH VIỆT NAM! HÓA RỒNG HAY ĐẠI HỌA DIỆT VONG?","comment",,"0"
"@TaiChu-jv9dl","Nam bổn sư thích ca mô ni phật chúc mổi người bình an","79","https://www.youtube.com/watch?v=_1-9ZjauyeE","0","RÙNG MÌNH 2026: SẤM TRẠNG 500 NĂM ỨNG NGHIỆM VẬN MỆNH VIỆT NAM! HÓA RỒNG HAY ĐẠI HỌA DIỆT VONG?","comment",,"0"
"@Lathanhsang71","A Di Đà phât","79","https://www.youtube.com/watch?v=_1-9ZjauyeE","0","RÙNG MÌNH 2026: SẤM TRẠNG 500 NĂM ỨNG NGHIỆM VẬN MỆNH VIỆT NAM! HÓA RỒNG HAY ĐẠI HỌA DIỆT VONG?","comment",,"0"
"@ThanhTìnhVũ-i8h","Mong mọi ng khoẻ mạnh vượt qua mọi gian nan đi tới đích hào quang rưc rỡ chúc tác giả vạn sự hành thông","79","https://www.youtube.com/watch?v=_1-9ZjauyeE","0","RÙNG MÌNH 2026: SẤM TRẠNG 500 NĂM ỨNG NGHIỆM VẬN MỆNH VIỆT NAM! HÓA RỒNG HAY ĐẠI HỌA DIỆT VONG?","comment",,"0"
"@nghientrinh7225","Nam mo adi da phat   ,,  ,","79","https://www.youtube.com/watch?v=_1-9ZjauyeE","0","RÙNG MÌNH 2026: SẤM TRẠNG 500 NĂM ỨNG NGHIỆM VẬN MỆNH VIỆT NAM! HÓA RỒNG HAY ĐẠI HỌA DIỆT VONG?","comment",,"0"
"@PhươngTrầnthanh-w4f","Con a Di Đà Phật cầu cho quốc thái dân an bá tánh thoát khỏi lắm than nhà nhà được an cư lạc nghiệp cúi xin quí chu thầy van sự bình an","79","https://www.youtube.com/watch?v=_1-9ZjauyeE","0","RÙNG MÌNH 2026: SẤM TRẠNG 500 NĂM ỨNG NGHIỆM VẬN MỆNH VIỆT NAM! HÓA RỒNG HAY ĐẠI HỌA DIỆT VONG?","comment",,"0"
"@BaoDanh-pj7zm","L","79","https://www.youtube.com/watch?v=_1-9ZjauyeE","0","RÙNG MÌNH 2026: SẤM TRẠNG 500 NĂM ỨNG NGHIỆM VẬN MỆNH VIỆT NAM! HÓA RỒNG HAY ĐẠI HỌA DIỆT VONG?","comment",,"0"
"@YghuGhsjsj","Nam mo a di da phat ❤❤ nam mo a di da phat   cam thay rat nhieu","79","https://www.youtube.com/watch?v=_1-9ZjauyeE","0","RÙNG MÌNH 2026: SẤM TRẠNG 500 NĂM ỨNG NGHIỆM VẬN MỆNH VIỆT NAM! HÓA RỒNG HAY ĐẠI HỌA DIỆT VONG?","comment",,"0"
"@chinnguyen8245","Nguyện cho thế giới  hoà bình, chúng sinh An Lạc, Pháp Phật trường tồn. Nam Mô A Di Đà Phật","79","https://www.youtube.com/watch?v=_1-9ZjauyeE","0","RÙNG MÌNH 2026: SẤM TRẠNG 500 NĂM ỨNG NGHIỆM VẬN MỆNH VIỆT NAM! HÓA RỒNG HAY ĐẠI HỌA DIỆT VONG?","comment",,"0"
"@ThịlànhTrần-e7e","Tôi đã xem hết video của bạn rất cảm ơn","79","https://www.youtube.com/watch?v=_1-9ZjauyeE","0","RÙNG MÌNH 2026: SẤM TRẠNG 500 NĂM ỨNG NGHIỆM VẬN MỆNH VIỆT NAM! HÓA RỒNG HAY ĐẠI HỌA DIỆT VONG?","comment",,"0"
"@CucHoang-p2z","😅I","79","https://www.youtube.com/watch?v=_1-9ZjauyeE","0","RÙNG MÌNH 2026: SẤM TRẠNG 500 NĂM ỨNG NGHIỆM VẬN MỆNH VIỆT NAM! HÓA RỒNG HAY ĐẠI HỌA DIỆT VONG?","comment",,"0"
"@XiaomiXiaom-k5j","Cầu cho thế giới thái bình nguyện cho bách gia trăm họ người người được chữ bình an.
Nam mô Đại từ Đại Bi quán thế âm bồ tát...
Nam mô A Di Đà Phật...","79","https://www.youtube.com/watch?v=_1-9ZjauyeE","0","RÙNG MÌNH 2026: SẤM TRẠNG 500 NĂM ỨNG NGHIỆM VẬN MỆNH VIỆT NAM! HÓA RỒNG HAY ĐẠI HỌA DIỆT VONG?","comment",,"0"
"@ĐẹpCô-f8n","Con cau đất nước Việt Nam tất cả điều được bình an nam mo a di đà phật","79","https://www.youtube.com/watch?v=_1-9ZjauyeE","0","RÙNG MÌNH 2026: SẤM TRẠNG 500 NĂM ỨNG NGHIỆM VẬN MỆNH VIỆT NAM! HÓA RỒNG HAY ĐẠI HỌA DIỆT VONG?","comment",,"0"
"@luyennguyenthi6537","Chúc mừng Việt Nam 🇻🇳🇻🇳🇻🇳- Sang trang sử mới - Lá cờ phấp phới - Hướng tới tương lai - Già trẻ gái trai - Vì ngày mai tươi sáng - Nguyện cho mình sứng đáng - Con lạc cháu hồng - Việt Nam 🇻🇳🇻🇳🇻🇳hóa Rồng - Kỉ nguyên bừng sáng - Nam mô a di đà phật ♥♥♥💐💐💐🙏🙏🙏🙏🙏","79","https://www.youtube.com/watch?v=_1-9ZjauyeE","0","RÙNG MÌNH 2026: SẤM TRẠNG 500 NĂM ỨNG NGHIỆM VẬN MỆNH VIỆT NAM! HÓA RỒNG HAY ĐẠI HỌA DIỆT VONG?","comment",,"1"
"@luyennguyenthi6537","Rất hay với những chia sẻ về thông tin của năm 2026 Bính Ngọ thật hữu ích và thiết thực - Cám ơn cuộc đời - Nam mô a di đà phật ♥♥♥💐💐💐🙏🙏🙏🙏🙏","79","https://www.youtube.com/watch?v=_1-9ZjauyeE","0","RÙNG MÌNH 2026: SẤM TRẠNG 500 NĂM ỨNG NGHIỆM VẬN MỆNH VIỆT NAM! HÓA RỒNG HAY ĐẠI HỌA DIỆT VONG?","comment",,"0"
"@sonhoang-bj9bq","Phát xít còn biết xin lỗi, còn bọn thực dân thì ngậm miệng và dao giảng về đạo lý","4","https://www.youtube.com/watch?v=pbHq2fj72gE","0","Tập Cận Bình thanh trừng quân đội giữa lúc kinh tế Trung Quốc lao đao","comment",,"0"
"@vantiennguyen222","Giọng bọn thực dân cũ mới không bao giờ thay đổi. Không vậy để bọn thực dân, và đế quốc đi ăn cướp các quốc gia trên thế giới về làm giàu cho bọn tài phiệt, khét tiếng ăn trên ngồi trước ngủ dân bị bóc lột...","4","https://www.youtube.com/watch?v=pbHq2fj72gE","0","Tập Cận Bình thanh trừng quân đội giữa lúc kinh tế Trung Quốc lao đao","comment",,"0"
"@sangsanghaisautam","Nghe tưởng giảng phật pháp, những luận điệu này nguy hiểm cho bành trướng kẻ ác nếu nước US không mạnh thì châu âu ngủm luôn, ở đó chửi đổng lại.","4","https://www.youtube.com/watch?v=pbHq2fj72gE","0","Tập Cận Bình thanh trừng quân đội giữa lúc kinh tế Trung Quốc lao đao","comment",,"0"
"@TonyTran-e1p","🇨🇵 RFI BTV🎤👄🤱🌹🎤👄💃🆒👍🥰🌹👄👏👍🥰","4","https://www.youtube.com/watch?v=pbHq2fj72gE","0","Tập Cận Bình thanh trừng quân đội giữa lúc kinh tế Trung Quốc lao đao","comment",,"1"
"@duyanhnguyencatque","Co can co, không cân học nhu học phô thông. Thây truyên phép xong, câp nghiêp cho, nhu la câp bang đo. La Ok moi chuyên đều tinh thông rôi","107","https://www.youtube.com/watch?v=t-wJZExbhO4","0","Bí Thuật Của Việt Nam 👿 THUẬT PHÙ THỦY","comment",,"0"
"@Hoa1989","Các thánh thần ơi con chỉ muốn có được sức mạnh để trị những người sống ác","107","https://www.youtube.com/watch?v=t-wJZExbhO4","1","Bí Thuật Của Việt Nam 👿 THUẬT PHÙ THỦY","comment",,"0"
"@BangBang-yo9zu","💯🔯🔱✝️✡️☸️","107","https://www.youtube.com/watch?v=t-wJZExbhO4","0","Bí Thuật Của Việt Nam 👿 THUẬT PHÙ THỦY","comment",,"0"
"@nguyenvi3782","Cụ nội tôi ngày xưa rất giỏi làm đc nhiều người tát nước, làm 2cai xọt ngồi lên qua sông nước lũ, thật 100%","107","https://www.youtube.com/watch?v=t-wJZExbhO4","1","Bí Thuật Của Việt Nam 👿 THUẬT PHÙ THỦY","comment",,"1"
"@anbinh4032","E lm thuật witchcraft hì hì","107","https://www.youtube.com/watch?v=t-wJZExbhO4","0","Bí Thuật Của Việt Nam 👿 THUẬT PHÙ THỦY","comment",,"0"
"@quangvinh7657","Phù thủy thì cần j có căng a đang nói thầy pháp r","107","https://www.youtube.com/watch?v=t-wJZExbhO4","1","Bí Thuật Của Việt Nam 👿 THUẬT PHÙ THỦY","comment",,"0"
"@khanhdoan2335","Âmda.","107","https://www.youtube.com/watch?v=t-wJZExbhO4","0","Bí Thuật Của Việt Nam 👿 THUẬT PHÙ THỦY","comment",,"0"
"@banhunu6160","Cái ông này nói cũng k phải là thuật phù thuỷ. Thuật phù thuỷ k cần “căn”. Thuật hù thuỷ xuất phát từ rất rất xa xưa, trc cả thiên chúa giáo và bất cứ ai cũng có thể học và thực hiện đc :|","107","https://www.youtube.com/watch?v=t-wJZExbhO4","0","Bí Thuật Của Việt Nam 👿 THUẬT PHÙ THỦY","comment",,"1"
"@TuyenVo-ng1ms","?","107","https://www.youtube.com/watch?v=t-wJZExbhO4","0","Bí Thuật Của Việt Nam 👿 THUẬT PHÙ THỦY","comment",,"0"
"@oreki-chitanda6809","Thuật phương tây thấy đẹp hơn í","107","https://www.youtube.com/watch?v=t-wJZExbhO4","0","Bí Thuật Của Việt Nam 👿 THUẬT PHÙ THỦY","comment",,"1"
"@Jun_Yun",":))))","107","https://www.youtube.com/watch?v=t-wJZExbhO4","0","Bí Thuật Của Việt Nam 👿 THUẬT PHÙ THỦY","comment",,"0"
"@biencao6847","😀","107","https://www.youtube.com/watch?v=t-wJZExbhO4","0","Bí Thuật Của Việt Nam 👿 THUẬT PHÙ THỦY","comment",,"1"
"@leoluonthi902","Em đang học phép phủ thủy nè","107","https://www.youtube.com/watch?v=t-wJZExbhO4","0","Bí Thuật Của Việt Nam 👿 THUẬT PHÙ THỦY","comment",,"0"
"@maiphuong3057","Anh ơi từ nhỏ tới lớp 3 em thích coi cảnh máu me hoặc cảnh chết chóc và thích hoa bỉ ngạn và đã từng uống máu của mình từ lớp mâm thì có làm sao không","107","https://www.youtube.com/watch?v=t-wJZExbhO4","0","Bí Thuật Của Việt Nam 👿 THUẬT PHÙ THỦY","comment",,"2"
"@huongphamxuan5724","Thank chủ kênh. Tôi vừa biết thêm kiến thức thú vị","107","https://www.youtube.com/watch?v=t-wJZExbhO4","0","Bí Thuật Của Việt Nam 👿 THUẬT PHÙ THỦY","comment",,"1"
"@tutorialselena4730","Hình như cái này là về phương Đông mà nhỉ?","107","https://www.youtube.com/watch?v=t-wJZExbhO4","0","Bí Thuật Của Việt Nam 👿 THUẬT PHÙ THỦY","comment",,"0"
"@huynhngocthien4396","Có ai có số chủ đạo là số 8 ko","107","https://www.youtube.com/watch?v=t-wJZExbhO4","0","Bí Thuật Của Việt Nam 👿 THUẬT PHÙ THỦY","comment",,"0"
"@AnhChees17","Nghi thức này ko có thật đâu ạ 
Muốn trở thành phù thủy phải học tập cơ , có kênh cara- chi mọi người đăng ký để cùng học nha","107","https://www.youtube.com/watch?v=t-wJZExbhO4","2","Bí Thuật Của Việt Nam 👿 THUẬT PHÙ THỦY","comment",,"2"
"@minhminh3441","anh biết nhiều như vậy thì làm Phù thuỷ đi","107","https://www.youtube.com/watch?v=t-wJZExbhO4","0","Bí Thuật Của Việt Nam 👿 THUẬT PHÙ THỦY","comment",,"0"
"@npt9976","Tam đại Huyền Thuật ? =))","107","https://www.youtube.com/watch?v=t-wJZExbhO4","0","Bí Thuật Của Việt Nam 👿 THUẬT PHÙ THỦY","comment",,"0"
"@jenala3896","chuyện ở bên việt nam 🇻🇳 xa không ảnh hưởng gì đến đám tào lao ở bên California đâu. Việt nam sẽ mãi mãi không thay đổi…từ 1975 đến giờ đừng hy vọng hão ngày nào mà vẫn có những đám người về việt nam ăn chơi, gửi tiền, hàng hóa về việt nam thì việt nam 🇻🇳 vẫn mãi là cộng sản","43","https://www.youtube.com/watch?v=kscmV5U-3Hs","0","Đỉnh điểm đấu đá quyền lực: VN thay ngựa giữa dòng, bất chấp thể diện quốc gia!","comment",,"0"
"@NhuanNguyen-md6hs","Ok hai bac noi rat dung va am hieu vc hien nay o VN bo dat vang la quyen luc nhat no tay het moi uy vien bo chinh tri luon ca Trong lu cung dinh luon toi thoi dien no choi dep nhu vu cua Thuong la no canh cao Trong lu do....","43","https://www.youtube.com/watch?v=kscmV5U-3Hs","0","Đỉnh điểm đấu đá quyền lực: VN thay ngựa giữa dòng, bất chấp thể diện quốc gia!","comment",,"1"
"@frankl2011","Võ Văn Thưởng là phe ta, miền Nam Việt Nam,   miền Nam sẽ không còn ai lãnh đạo tối cao, bây giờ miền Bắc triệt để các phe phái miền Nam Ra khỏi","43","https://www.youtube.com/watch?v=kscmV5U-3Hs","0","Đỉnh điểm đấu đá quyền lực: VN thay ngựa giữa dòng, bất chấp thể diện quốc gia!","comment",,"0"
"@hacaoto7834","Cái điều thú vị nhất mà chúng ta có thể so sánh giữa nền tự do dân chủ và độc tài CS .
Tự do DC khi tranh quyền đoạt vị thì công khai tranh giành ngoài XH , 2 đảng phải tiêu tốn vài tỉ USD trên tất cả các đài truyền thông 
Còn về độc đảng CS thì ngược lại , họ đấu đá , tranh giành trong bóng tối , họ hạ bệ nhau bằng mọi thủ đoạn , bị tù tội lẫn mất mạng là chuyện bình thường ...còn ngoài XH người dân thì ngơ ngơ ngáo ngáo bình luận loạn cào cào , không ai nghe thấy họ nói được hoặc mất quyền lợi XH , GD , Y T hay đời sống của người dân như người dân Mỹ , y như người dân VN đang đã sống ngoài lề XH...tk","43","https://www.youtube.com/watch?v=kscmV5U-3Hs","2","Đỉnh điểm đấu đá quyền lực: VN thay ngựa giữa dòng, bất chấp thể diện quốc gia!","comment",,"0"
"@NhuanNguyen-md6hs","Hello chao hai bac Tai hom truoc Trong lu hop tieu ban nhan su Trong lu muon ca cau dua Thuong len ke nhiem ma chuc do bo dat vang to lam them muon nho dai thi no co quyen luc ca nen no triet thoi....","43","https://www.youtube.com/watch?v=kscmV5U-3Hs","0","Đỉnh điểm đấu đá quyền lực: VN thay ngựa giữa dòng, bất chấp thể diện quốc gia!","comment",,"0"
"@NguyênNguyễnThành-c4z","Người ta đã công bố ông Thưởng là con võ trần chí cháu ngoại ông kiệt rồi mà mấy ông còn mù mờ không hiểu.","43","https://www.youtube.com/watch?v=kscmV5U-3Hs","0","Đỉnh điểm đấu đá quyền lực: VN thay ngựa giữa dòng, bất chấp thể diện quốc gia!","comment",,"0"
"@PhuocLttTran-ez7xp","Tô Lâm là Bộ trưởng siêu Bộ. Muốn ai lên muốn ai xuống là tôi. Kể cả BCT","43","https://www.youtube.com/watch?v=kscmV5U-3Hs","0","Đỉnh điểm đấu đá quyền lực: VN thay ngựa giữa dòng, bất chấp thể diện quốc gia!","comment",,"0"
"@PhuocLttTran-ez7xp","Từ việc đốt lò. Mới đầu thấy hay hay. Những kẻ lợi dụng tàn sát lẫn nhau... Triệt tiêu cho hết cộng sản Miền Nam. Không còn ai trong tứ trụ nữa. Điều đó rất nguy hiểm... Cho Dân tộc.","43","https://www.youtube.com/watch?v=kscmV5U-3Hs","0","Đỉnh điểm đấu đá quyền lực: VN thay ngựa giữa dòng, bất chấp thể diện quốc gia!","comment",,"0"
"@tuandiep838","Không chống tham nhũng thì mấy bố nói bao che cho tham nhũng, mà chống tham nhũng thì mấy bố lại nói đấu đá tranh giành quyền lực?","43","https://www.youtube.com/watch?v=kscmV5U-3Hs","6","Đỉnh điểm đấu đá quyền lực: VN thay ngựa giữa dòng, bất chấp thể diện quốc gia!","comment",,"6"
"@Hoa-laotu","Mấy a cứ vậy ko,, cha ông người ta chiến đấu hi sinh cả tánh mạng, bây giờ phải duy trì để con cháu người ta huỏng phúc chứ
Tối ngày sân si chọc phá, chống pháp chế độ","43","https://www.youtube.com/watch?v=kscmV5U-3Hs","0","Đỉnh điểm đấu đá quyền lực: VN thay ngựa giữa dòng, bất chấp thể diện quốc gia!","comment",,"0"
,,"0",,,"Cảnh giác thông tin bịa đặt đấu đá nội bộ, bôi nhọ công an liên quan nhân sự cấp cao","video",,
"@Eroixchocolate","Mk đăng ký rùi giúp mi đc ko 😍","107","https://www.youtube.com/watch?v=t-wJZExbhO4","0","Bí Thuật Của Việt Nam 👿 THUẬT PHÙ THỦY","reply",,"0"
"@khanhhuyennguyen415","Bạn cho mình hỏi đăng ký học ở đâu ạ, đăng kí như nào ạ mình còn hơi nhỏ nên ko biết có được hay ko nữa","107","https://www.youtube.com/watch?v=t-wJZExbhO4","0","Bí Thuật Của Việt Nam 👿 THUẬT PHÙ THỦY","reply",,"0"
"@KL-iq4id","Ng sống ác át có quả báo ko cần phải dùng đến phép đâu","107","https://www.youtube.com/watch?v=t-wJZExbhO4","0","Bí Thuật Của Việt Nam 👿 THUẬT PHÙ THỦY","reply",,"0"
"@KL-iq4id","Có ng này ng kia nhưng theo tôi thấy bạn trên kia nói hơi sai sai thật","107","https://www.youtube.com/watch?v=t-wJZExbhO4","0","Bí Thuật Của Việt Nam 👿 THUẬT PHÙ THỦY","reply",,"0"
"@TĩnhĐinhvăn-w3l","Bài nói rất tuyệt vời...con người ta biết sống cân bằng âm dương hiểu biết  biết cảm ơn trong thế giới biết ơn xin trân thành cảm ơn❤❤❤❤❤❤❤","79","https://www.youtube.com/watch?v=_1-9ZjauyeE","0","RÙNG MÌNH 2026: SẤM TRẠNG 500 NĂM ỨNG NGHIỆM VẬN MỆNH VIỆT NAM! HÓA RỒNG HAY ĐẠI HỌA DIỆT VONG?","comment",,"0"
"@lieminh4563","Cam on bai giang cua chau da thuc tinh bao trai tim thuc tinh nam mo a di da phat","79","https://www.youtube.com/watch?v=_1-9ZjauyeE","0","RÙNG MÌNH 2026: SẤM TRẠNG 500 NĂM ỨNG NGHIỆM VẬN MỆNH VIỆT NAM! HÓA RỒNG HAY ĐẠI HỌA DIỆT VONG?","comment",,"0"
"@lieminh4563","Toi xin cam on bai giang cua chau da lam thuc tinh cho bao trai tim nam mo a di da phat","79","https://www.youtube.com/watch?v=_1-9ZjauyeE","0","RÙNG MÌNH 2026: SẤM TRẠNG 500 NĂM ỨNG NGHIỆM VẬN MỆNH VIỆT NAM! HÓA RỒNG HAY ĐẠI HỌA DIỆT VONG?","comment",,"0"
"@vanketnguyen1181","❤😂🎉 con cảm ơn tất cả các anh chị co chu cha mẹ thiêng liêng vụ trụ rất công bằng ❤ năm mo bọn sự thích ca mâu Ni Phật chanh đạo ❤ năm mo a Di Đà Phật chanh đạo ❤😂🎉😮😅🎉❤😢😅😊😊😂❤🎉😮😊🎉❤😂🎉🎉😮😅🎉😂❤😮😅😊🎉❤","79","https://www.youtube.com/watch?v=_1-9ZjauyeE","0","RÙNG MÌNH 2026: SẤM TRẠNG 500 NĂM ỨNG NGHIỆM VẬN MỆNH VIỆT NAM! HÓA RỒNG HAY ĐẠI HỌA DIỆT VONG?","comment",,"0"
"@nghiabuivan8615","Cảm ơn kênh chia sẻ chúng tôi chỉ mong thế giới hòa bình cầu mong việt Nam sống thiện bỏ ác","79","https://www.youtube.com/watch?v=_1-9ZjauyeE","0","RÙNG MÌNH 2026: SẤM TRẠNG 500 NĂM ỨNG NGHIỆM VẬN MỆNH VIỆT NAM! HÓA RỒNG HAY ĐẠI HỌA DIỆT VONG?","comment",,"1"
"@NgocLe-ri4ii","Tôi nghe video này tôi rất là mừng đất nước Việt Nam mình Việt Nam mình chúc toàn đất nước Việt Nam được đổi mới con người mới hạnh phúc","79","https://www.youtube.com/watch?v=_1-9ZjauyeE","0","RÙNG MÌNH 2026: SẤM TRẠNG 500 NĂM ỨNG NGHIỆM VẬN MỆNH VIỆT NAM! HÓA RỒNG HAY ĐẠI HỌA DIỆT VONG?","comment",,"0"
"@mainguyenthituyet4968","Nam mô A di đà phật chúc cho năm 2026 nhiều thành công và may mắn","79","https://www.youtube.com/watch?v=_1-9ZjauyeE","0","RÙNG MÌNH 2026: SẤM TRẠNG 500 NĂM ỨNG NGHIỆM VẬN MỆNH VIỆT NAM! HÓA RỒNG HAY ĐẠI HỌA DIỆT VONG?","comment",,"0"
"@phuluong-vb8yo","Cảm ơn bạm đã chia sẻ tôi đã coi video của bạn😊","79","https://www.youtube.com/watch?v=_1-9ZjauyeE","0","RÙNG MÌNH 2026: SẤM TRẠNG 500 NĂM ỨNG NGHIỆM VẬN MỆNH VIỆT NAM! HÓA RỒNG HAY ĐẠI HỌA DIỆT VONG?","comment",,"0"
"@samtruyenongba","Chúc mừng tất cả chúng ta, những người con đất Việt. Mừng cho đất nước đổi mới, mừng cho mọi người luôn được bình an, hạnh phúc trên dải đất hình chữ S hòa bình","79","https://www.youtube.com/watch?v=_1-9ZjauyeE","0","RÙNG MÌNH 2026: SẤM TRẠNG 500 NĂM ỨNG NGHIỆM VẬN MỆNH VIỆT NAM! HÓA RỒNG HAY ĐẠI HỌA DIỆT VONG?","comment",,"1"
"@ToiPhan-w5l","Cảm ơn bài viết tôi nghe mà cảm thấy an bình trong cuộc sống về già ❤❤❤","79","https://www.youtube.com/watch?v=_1-9ZjauyeE","0","RÙNG MÌNH 2026: SẤM TRẠNG 500 NĂM ỨNG NGHIỆM VẬN MỆNH VIỆT NAM! HÓA RỒNG HAY ĐẠI HỌA DIỆT VONG?","comment",,"0"
"@hong_05","Cụ mình trước cũng là phù thủy. Ông mình còn kể cụ mình cũng biết phép mo Mường. Tuy cụ cao tay nhưng không có người nối dõi.","107","https://www.youtube.com/watch?v=t-wJZExbhO4","0","Bí Thuật Của Việt Nam 👿 THUẬT PHÙ THỦY","reply",,"0"
"@vananhquach793","Chuẩn đấy vì bản thân tôi cũng là thầy phù thủy thủy","107","https://www.youtube.com/watch?v=t-wJZExbhO4","2","Bí Thuật Của Việt Nam 👿 THUẬT PHÙ THỦY","comment",,"4"
"@bioptionbioption6364","Làm về thuật phù thuỷ trắng của châu âu đi a","107","https://www.youtube.com/watch?v=t-wJZExbhO4","1","Bí Thuật Của Việt Nam 👿 THUẬT PHÙ THỦY","comment",,"7"
"@chihainuong536","Làm seri đạo sĩ Tả mạn kí đi anh, 10 năm á","107","https://www.youtube.com/watch?v=t-wJZExbhO4","0","Bí Thuật Của Việt Nam 👿 THUẬT PHÙ THỦY","comment",,"3"
"@buithanhchinh5431","A taca am hiểu phết","107","https://www.youtube.com/watch?v=t-wJZExbhO4","0","Bí Thuật Của Việt Nam 👿 THUẬT PHÙ THỦY","comment",,"0"
"@buithanhchinh5431","Đó là có thật bác tôi phải khao quân mà tôi mường hòa bình","107","https://www.youtube.com/watch?v=t-wJZExbhO4","0","Bí Thuật Của Việt Nam 👿 THUẬT PHÙ THỦY","comment",,"0"
"@CuongNguyen-kv5iy","Noi voi thang cho de khon nan fucking trump may dung co deo mat nat nua do suc sinh trump vay hoi may thang gia dich  China bat coc dan ca trieu nguoi de mo cuop lay noi tang de ban thi may goi  la  gi ho thang khon Nan  trump  hop phap  con trieu  tien  and ung thi sao diet dan khg thuong  tiet  thi cung  goi  hop  phap  va dan chu phai thang gia khon  nan fucking  trump co nhung  nuoc  dau hoa va tai Nguyen quy hiem  do moi goi  la ke doc  tai tang  at dang phi diet khg thuong  tiet  phai thang gia dich khon nam mat  ten  tuong  cuop  quoc  te hop phap  many ten mother fucking trump  fuck you trump  do Nguy quan tu tuong cuop thi dung hon","9","https://www.youtube.com/watch?v=0OQGkKRApyU","0","ĐẠI THANH TRỪNG NĂM 2026: KHI ""VỊ TƯỚNG CUỐI CÙNG"" TRỞ THÀNH KẺ PHẢN NGHỊCH","comment",,"0"
"@NguyenQuan-li6fe","Ok❤❤❤","9","https://www.youtube.com/watch?v=0OQGkKRApyU","0","ĐẠI THANH TRỪNG NĂM 2026: KHI ""VỊ TƯỚNG CUỐI CÙNG"" TRỞ THÀNH KẺ PHẢN NGHỊCH","comment",,"2"
"@HungLe-ck3pu","Làm cho người ta hoan mang","9","https://www.youtube.com/watch?v=0OQGkKRApyU","0","ĐẠI THANH TRỪNG NĂM 2026: KHI ""VỊ TƯỚNG CUỐI CÙNG"" TRỞ THÀNH KẺ PHẢN NGHỊCH","comment",,"1"
"@tinanguyen3594","Tap can binh la tan thuy hoang thoi dai. Than can va truong huu hiep trung Thanh vay con khong tin vay ong ta da nghi qua cao. Ong tap truoc sau cung bi lat do","9","https://www.youtube.com/watch?v=0OQGkKRApyU","0","ĐẠI THANH TRỪNG NĂM 2026: KHI ""VỊ TƯỚNG CUỐI CÙNG"" TRỞ THÀNH KẺ PHẢN NGHỊCH","comment",,"0"
"@thanhang4110","danhf thoongs nhaats kieeur nayf ddaau phair vif nhaan daan?","9","https://www.youtube.com/watch?v=0OQGkKRApyU","0","ĐẠI THANH TRỪNG NĂM 2026: KHI ""VỊ TƯỚNG CUỐI CÙNG"" TRỞ THÀNH KẺ PHẢN NGHỊCH","comment",,"0"
"@tranthienhonghkht","Giờ mới hiểu chính quyền Iran là trùm khủng bố toàn cầu cùng với chính quyền Tập","9","https://www.youtube.com/watch?v=0OQGkKRApyU","0","ĐẠI THANH TRỪNG NĂM 2026: KHI ""VỊ TƯỚNG CUỐI CÙNG"" TRỞ THÀNH KẺ PHẢN NGHỊCH","comment",,"0"
"@maunguyenhieumau6540","Chắc người iran muốn làm nô lệ cho mỹ rồi 
Họ không thấy châu phi hay irac hay sao","9","https://www.youtube.com/watch?v=0OQGkKRApyU","0","ĐẠI THANH TRỪNG NĂM 2026: KHI ""VỊ TƯỚNG CUỐI CÙNG"" TRỞ THÀNH KẺ PHẢN NGHỊCH","comment",,"0"
"@binhtrinh368","Sống ác với dân trước sau gì cũng sẽ trả báo the tham","9","https://www.youtube.com/watch?v=0OQGkKRApyU","0","ĐẠI THANH TRỪNG NĂM 2026: KHI ""VỊ TƯỚNG CUỐI CÙNG"" TRỞ THÀNH KẺ PHẢN NGHỊCH","comment",,"0"
"@HùngĐỗ-u7v","Tặp ác sẻ bị ng dân tr,q tiêu diệt","9","https://www.youtube.com/watch?v=0OQGkKRApyU","0","ĐẠI THANH TRỪNG NĂM 2026: KHI ""VỊ TƯỚNG CUỐI CÙNG"" TRỞ THÀNH KẺ PHẢN NGHỊCH","comment",,"0"
"@guyaitcharles1319","AIC chỉ là MẶT NỔI của cái gai nhức nhối Thanh Nhàn trong vụ Việt Nam hợp tác gián điệp vớiTr Quốc nhằm gạ gẩm mua KHÍ TÀI KHỦNG tại Do Thái mang kỷ thuật tối mật của Hoa Kỳ. Âm mưu bại lộ nên phải BẮC CÓC nhân chứng này bằng mọi giá để tẩy xoá dấu vết. Nếu Tướng họ Tô, TRÙM BẮT CÓC QUỐC TẾ hoàn thành được sứ mạng này ông ta sẽ trở thành quái nhân thế giới, hơn cả Al CAPONE.","166","https://www.youtube.com/watch?v=SONRDtRe-uY","0","Bà Nhàn AIC, đấu đá nội bộ ĐCSVN, và chuyện nâng cấp quan hệ Mỹ-Việt","comment",,"0"
"@guyaitcharles1319","AIC chỉ là MẶT NỔI của cái gai Thanh Nhàn đầy nhức nhối từ một vụ hợp tác gián điệp giữa Tr Quốc và Việt Nam đã bị BẠI LỘ khi gạ gẩm mua KHÍ TÀI KHỦNG tại Do Thái có mang kỷ thuật tân tiến nhất của Hoa Kỳ. Từ đó phải NHỔ cái gai Thanh Nhàn bằng mọi giá để xoá tẩy dấu vết. Nếu Đại Tướng họ Tô hổn danh TRÙM BẮT CÓC QUỐC TẾ hoàn thành được sứ mạng này ông ta sẽ vẻ vang đi vào lịch sử quái nhân của thế giới hơn cả Al CAPONE.","166","https://www.youtube.com/watch?v=SONRDtRe-uY","0","Bà Nhàn AIC, đấu đá nội bộ ĐCSVN, và chuyện nâng cấp quan hệ Mỹ-Việt","comment",,"0"
"@john20238","Chính quyền của Đức đã chính thức ra mặt bảo vệ cho bà Nhàn, thì bù lại bà Nhàn đã phải khai hết những bí mật mà bà đã làm việc với chính quyền của CSVN bao lâu nay. Đồng thời bà cũng muốn cho chính phủ của Đức thấy rõ thêm những công việc bê bối xấu xa bẩn thỉu của chính quyền CSVN luôn một lần, để đề phòng nếu bà có mệnh hệ gì sau này khi CSVN vẫn muốn thanh toán bà để bịt miệng.","166","https://www.youtube.com/watch?v=SONRDtRe-uY","0","Bà Nhàn AIC, đấu đá nội bộ ĐCSVN, và chuyện nâng cấp quan hệ Mỹ-Việt","comment",,"0"
"@nhhung8883","Chính phủ Đức lại ủng hộ những kẻ ăn trộm công sức lao động của nhân dân Việt Nam nhỉ… … kkkk kkkk","166","https://www.youtube.com/watch?v=SONRDtRe-uY","0","Bà Nhàn AIC, đấu đá nội bộ ĐCSVN, và chuyện nâng cấp quan hệ Mỹ-Việt","comment",,"0"
"@thanglongnga8231","Tất cả những ngườo trộm cắp cứ vào nước Đức là được bảp vệ ! VN nên cắt ngoại  giao với Đức !","166","https://www.youtube.com/watch?v=SONRDtRe-uY","0","Bà Nhàn AIC, đấu đá nội bộ ĐCSVN, và chuyện nâng cấp quan hệ Mỹ-Việt","comment",,"0"
"@ngocvunguyen9538","Hai  đứa  mày  mới  tập  ăn  tập  nói  thì  phải  nói  cho  hay  đàu  óc  phải   trong  sáng  đừng  tâm  hèn  hạ  nói  kiếm  tiền  mà  nói  xấu  dân  tôc  mình  đừng   ngu  lâu   nửa  cố  lên  😊để   đươc  làm  người","166","https://www.youtube.com/watch?v=SONRDtRe-uY","0","Bà Nhàn AIC, đấu đá nội bộ ĐCSVN, và chuyện nâng cấp quan hệ Mỹ-Việt","comment",,"0"
"@MinhDang-kx5yv","Lũ  3 que đu càng ăn bám Mỹ nên biết rằng Mỹ nhiều lần cầu cạnh Việt Nam  để nâng quan hệ lên chiến lược nhưng Việt Nam từ chối nha .","166","https://www.youtube.com/watch?v=SONRDtRe-uY","0","Bà Nhàn AIC, đấu đá nội bộ ĐCSVN, và chuyện nâng cấp quan hệ Mỹ-Việt","comment",,"0"
"@nghivuthanh6438","Hy vọng là ko bị lỡ như năm 1977.","166","https://www.youtube.com/watch?v=SONRDtRe-uY","0","Bà Nhàn AIC, đấu đá nội bộ ĐCSVN, và chuyện nâng cấp quan hệ Mỹ-Việt","comment",,"0"
"@nghivuthanh6438","Lợi ích quốc gia, dân tộc là quan trọng nhất.","166","https://www.youtube.com/watch?v=SONRDtRe-uY","0","Bà Nhàn AIC, đấu đá nội bộ ĐCSVN, và chuyện nâng cấp quan hệ Mỹ-Việt","comment",,"0"
"@giainhnhabon4434","Toàn bọn ăn cướp bị phơi bày ra xong bỏ trốn lại bảo đấu đá nội bộ  nếu đúng như vậy thì đức chứa toàn loại ăn cướp","166","https://www.youtube.com/watch?v=SONRDtRe-uY","0","Bà Nhàn AIC, đấu đá nội bộ ĐCSVN, và chuyện nâng cấp quan hệ Mỹ-Việt","comment",,"0"
"@HAINGUYEN-nj4gq","Mồm này nói ra gọi là SÀM LOL, Người mọi gốc 3/// 48 năm nay cay cú xa nữa vòng Trái Đất, về đêm nhìn trăng vn tỏa sáng là sủa liên tận bất tận ngày đêm, nhất là con VẸM này...","166","https://www.youtube.com/watch?v=SONRDtRe-uY","0","Bà Nhàn AIC, đấu đá nội bộ ĐCSVN, và chuyện nâng cấp quan hệ Mỹ-Việt","comment",,"0"
"@binhminhbuivanthuoc725","Liên bang Đức  chứa chấp tội phạm.","166","https://www.youtube.com/watch?v=SONRDtRe-uY","0","Bà Nhàn AIC, đấu đá nội bộ ĐCSVN, và chuyện nâng cấp quan hệ Mỹ-Việt","comment",,"0"
"@NguyenhuuThoiNguyenhuu-le6rx","Măc  định ... 
Tôi sinh ra là để yêu thương quý trọng mọi người  ...   
 Mặc cho tất cả có đối xử  với tôi ta sao  !","166","https://www.youtube.com/watch?v=SONRDtRe-uY","0","Bà Nhàn AIC, đấu đá nội bộ ĐCSVN, và chuyện nâng cấp quan hệ Mỹ-Việt","comment",,"0"
"@Kab-x7z","khong duoc an thi dap do","166","https://www.youtube.com/watch?v=SONRDtRe-uY","0","Bà Nhàn AIC, đấu đá nội bộ ĐCSVN, và chuyện nâng cấp quan hệ Mỹ-Việt","comment",,"0"
"@congvan9664","Đài này o trung thực cách dùng từ việt nam yêu cầu đức mà lại nói làm đơn xin ngầm ý xúc phạm việt nam","166","https://www.youtube.com/watch?v=SONRDtRe-uY","0","Bà Nhàn AIC, đấu đá nội bộ ĐCSVN, và chuyện nâng cấp quan hệ Mỹ-Việt","comment",,"0"
"@LeNguyen-cw3rx","Bình luận vu vơ để kiếm tiền thôi chứ hay ho gì.","166","https://www.youtube.com/watch?v=SONRDtRe-uY","0","Bà Nhàn AIC, đấu đá nội bộ ĐCSVN, và chuyện nâng cấp quan hệ Mỹ-Việt","comment",,"0"
"@luatsunguyenvantrung3703","Tào lao ..........","166","https://www.youtube.com/watch?v=SONRDtRe-uY","0","Bà Nhàn AIC, đấu đá nội bộ ĐCSVN, và chuyện nâng cấp quan hệ Mỹ-Việt","comment",,"0"
"@khanhtruong533","Chê Việt nam tham nhũng nhưng lại bảo vệ tham nhũng là sao","166","https://www.youtube.com/watch?v=SONRDtRe-uY","0","Bà Nhàn AIC, đấu đá nội bộ ĐCSVN, và chuyện nâng cấp quan hệ Mỹ-Việt","comment",,"0"
"@kimn4253","Cô Bích Trâm dẫn chương trình rất hay. Giọng cô rất thu hút người nghe.","166","https://www.youtube.com/watch?v=SONRDtRe-uY","0","Bà Nhàn AIC, đấu đá nội bộ ĐCSVN, và chuyện nâng cấp quan hệ Mỹ-Việt","comment",,"2"
"@phucnguyenvan4737","Tôi mong bao giờ khui lại vụ thất thoát chênh lệch tiền thu thuế tại dự án khu đô thị Ciputra ở Hà nội giai đoạn 2004- 2006 thời ông Hoàng Văn Nghiên làm chủ tịch thành phố hà nội và ông Nguyễn Phú Trọng là Bí thư thành ủy Hà Nội  xem có tham nhũng ko","166","https://www.youtube.com/watch?v=SONRDtRe-uY","0","Bà Nhàn AIC, đấu đá nội bộ ĐCSVN, và chuyện nâng cấp quan hệ Mỹ-Việt","comment",,"0"
"@shady2755","Co. Bích Trâm giỡn chơi    Tăng nguyên nói. V. N kinh tế hiện tại hơn   Úc hơn nhiều noi c tan con nói đến năm 30 v n se hon. Ở Mỹ về k tế nua ma !  Hơn. Nhất hơn. Năm. Ôn. ANh","166","https://www.youtube.com/watch?v=SONRDtRe-uY","0","Bà Nhàn AIC, đấu đá nội bộ ĐCSVN, và chuyện nâng cấp quan hệ Mỹ-Việt","comment",,"0"
"@hungle-hl2qd","Nhàn AIC là một con mụ phù thủy, gian dối, chia rẽ nội bộ, bôi xấu cán bộ Đảng cộng sản Việt Nam. Nhàn còn là gián điệp làm lủng loạn nội bộ Đảng cộng sản. Quý vị hãy điều tra từ thời Pháp thuộc của họ hàng sẽ rõ! ( Mụ ta có thể là viện sĩ tham nhũng, gây loạn nội bộ Đảng rất tinh vi!","166","https://www.youtube.com/watch?v=SONRDtRe-uY","0","Bà Nhàn AIC, đấu đá nội bộ ĐCSVN, và chuyện nâng cấp quan hệ Mỹ-Việt","comment",,"0"
"@muatrang2879","ĐỨC thi co gi de sợ, chẳng qua la mot ngon ngu ngoại giao thôi. Chuyen Trịnh Xuân Thanh thi Đức chi ngam bo hon thôi. Nếu gioi thi rang giữ the nào de cho ba NHAN không bi bat coc thi mới la chuyện dang nói.","166","https://www.youtube.com/watch?v=SONRDtRe-uY","0","Bà Nhàn AIC, đấu đá nội bộ ĐCSVN, và chuyện nâng cấp quan hệ Mỹ-Việt","comment",,"0"
"@ThuyLe-qu7rp","Mỹ  ko muốn VN  dâng  Cam Ranh cho Tàu ,  nên Mỹ muốn thân với VN .
VN  thì sợ TQ  ko  dám kết thân vói  Mỹ .
VN có Nga bảo kê , nay  Nga vì chiến tranh  duói kèo  a. Tập . Kì này Mỹ qua  Ko biết  có tốt đẹp như lòng dân  mong muốn .
😂","166","https://www.youtube.com/watch?v=SONRDtRe-uY","0","Bà Nhàn AIC, đấu đá nội bộ ĐCSVN, và chuyện nâng cấp quan hệ Mỹ-Việt","comment",,"0"
"@hoanghhtrieu4205","Thắt chặt quan hệ ngoại gia với Mỹ , coi chừng TQ nó dạy cho một bài học nữa thì khô máu !","166","https://www.youtube.com/watch?v=SONRDtRe-uY","0","Bà Nhàn AIC, đấu đá nội bộ ĐCSVN, và chuyện nâng cấp quan hệ Mỹ-Việt","comment",,"0"
"@luandoan501","Tào lao","166","https://www.youtube.com/watch?v=SONRDtRe-uY","0","Bà Nhàn AIC, đấu đá nội bộ ĐCSVN, và chuyện nâng cấp quan hệ Mỹ-Việt","comment",,"0"
"@traotrao2322","Mý có lơi cùng việt nam chông trung quốc,chành chướng.biện đông.","166","https://www.youtube.com/watch?v=SONRDtRe-uY","0","Bà Nhàn AIC, đấu đá nội bộ ĐCSVN, và chuyện nâng cấp quan hệ Mỹ-Việt","comment",,"0"
"@traotrao2322","Tôi ko cán bộ ko đảng c.s.tôi nói về bà thanh nhàn.bà ta tham nhung và môi rới tham nhũng.cung các cán bộ tỉnh đồng lai.tham nhũng.","166","https://www.youtube.com/watch?v=SONRDtRe-uY","0","Bà Nhàn AIC, đấu đá nội bộ ĐCSVN, và chuyện nâng cấp quan hệ Mỹ-Việt","comment",,"0"
"@HaTran-sp6ds","Lŭ lut KY này chăc đât hiêm cuå VN cŭng trôi đi 😂","166","https://www.youtube.com/watch?v=SONRDtRe-uY","0","Bà Nhàn AIC, đấu đá nội bộ ĐCSVN, và chuyện nâng cấp quan hệ Mỹ-Việt","comment",,"0"
"@khacphongdinhbui6459","Hai người này nói đã nghe thấy gian  và giả dối","166","https://www.youtube.com/watch?v=SONRDtRe-uY","0","Bà Nhàn AIC, đấu đá nội bộ ĐCSVN, và chuyện nâng cấp quan hệ Mỹ-Việt","comment",,"0"
"@quyetnhangon","❤❤❤","6","https://www.youtube.com/watch?v=8g1Fb8OYfso","0","Lãnh đạo Lục-Hải-Không quân đều bị thanh trừng... Hệ thống chỉ huy hoàn toàn sụp đổ","comment",,"1"
"@VinhLương-f3w","Vậy là chúng ăn không bỏ thứ gì 😂","6","https://www.youtube.com/watch?v=8g1Fb8OYfso","0","Lãnh đạo Lục-Hải-Không quân đều bị thanh trừng... Hệ thống chỉ huy hoàn toàn sụp đổ","comment",,"2"
"@kimcuccucnguyen2722","❤❤❤❤❤❤❤❤❤❤","6","https://www.youtube.com/watch?v=8g1Fb8OYfso","0","Lãnh đạo Lục-Hải-Không quân đều bị thanh trừng... Hệ thống chỉ huy hoàn toàn sụp đổ","comment",,"2"
"@oanhle2899","Ở chế độ độc tài XHCN, trùm tham nhũng đốt lò chống tham nhũng, đả hổ diệt ruồi.","6","https://www.youtube.com/watch?v=8g1Fb8OYfso","0","Lãnh đạo Lục-Hải-Không quân đều bị thanh trừng... Hệ thống chỉ huy hoàn toàn sụp đổ","comment",,"3"
"@nghiavan9356","🥀🥀🥀🥀🥀🥀🥀🥀🥀🥀","6","https://www.youtube.com/watch?v=8g1Fb8OYfso","0","Lãnh đạo Lục-Hải-Không quân đều bị thanh trừng... Hệ thống chỉ huy hoàn toàn sụp đổ","comment",,"2"
"@danhtran3257","Cảm ơn kênh và Mai Ly xinh đẹp ❤
🥰❤️❤️❤️❤️❤️❤️❤️😘","6","https://www.youtube.com/watch?v=8g1Fb8OYfso","0","Lãnh đạo Lục-Hải-Không quân đều bị thanh trừng... Hệ thống chỉ huy hoàn toàn sụp đổ","comment",,"2"
,,"0",,,"Tuổi Ngọ năm 2026: Biến động công việc, tình cảm có ổn định? | VNP","video",,
,,"0",,,"Cuộc thanh trừng mạnh tay của Trung Quốc, 10 lãnh đạo cấp cao bị xử trong 1 tháng | Tin tức 24h","video",,
,,"0",,,"Hé Lộ Vận Mệnh Tuổi Mậu Thân 1968 Sau Năm 2026: Hậu Vận An Nhàn, Phú Quý Tột Đỉnh, Tiền Vàng Đầy Két","video",,
"@cuongchau7550","PHE ÔNG TRƯƠNG KO MẠNH TAY SẼ THUA PHE ÔNG TẬP","4","https://www.youtube.com/watch?v=8jCXQyJR03Y","0","ĐIỂM NÓNG QUỐC TẾ 24/7: HEZBOLLA TUYÊN CHIẾN VỚI MỸ - TRUNG QUỐC ĐẠI THANH TRỪNG 2026 | TIN QUỐC TẾ","comment",,"0"
"@cuongchau7550","LÀM GÌ CÓ CHUYỆN HẠT NHÂN. CHỈ HÙ CHO OAI. NỘI CHIẾN ĐÂU PHẢI CHIẾN TRANH VỚI NƯỚC NGOÀI","4","https://www.youtube.com/watch?v=8jCXQyJR03Y","0","ĐIỂM NÓNG QUỐC TẾ 24/7: HEZBOLLA TUYÊN CHIẾN VỚI MỸ - TRUNG QUỐC ĐẠI THANH TRỪNG 2026 | TIN QUỐC TẾ","comment",,"0"
"@binhvuong575","xin chúc mừng anh tập đuoc quân đội chông lênh giờ chuẩn bị nội bộ chia sẻ quyền lực OK","4","https://www.youtube.com/watch?v=8jCXQyJR03Y","0","ĐIỂM NÓNG QUỐC TẾ 24/7: HEZBOLLA TUYÊN CHIẾN VỚI MỸ - TRUNG QUỐC ĐẠI THANH TRỪNG 2026 | TIN QUỐC TẾ","comment",,"0"
"@nhatran3046","😊","4","https://www.youtube.com/watch?v=8jCXQyJR03Y","0","ĐIỂM NÓNG QUỐC TẾ 24/7: HEZBOLLA TUYÊN CHIẾN VỚI MỸ - TRUNG QUỐC ĐẠI THANH TRỪNG 2026 | TIN QUỐC TẾ","comment",,"1"
"@NamTháiSơn-u3f","😂😂😂😂😂😂😂😂🎉🎉🎉🎉🎉","31","https://www.youtube.com/watch?v=-eatfzCXA-E","0","HOUSTON P1 23/3/2026: Đúng như dự đoán TT Trump: Iran rơi vào ""bẩy"" của Ô khi ""cương"" đe dọa Hormuz","comment",,"0"
"@khanhtuan8215","❤❤❤❤","31","https://www.youtube.com/watch?v=-eatfzCXA-E","0","HOUSTON P1 23/3/2026: Đúng như dự đoán TT Trump: Iran rơi vào ""bẩy"" của Ô khi ""cương"" đe dọa Hormuz","comment",,"0"
"@soniango-p1h","❤️🇺🇸🇺🇸👍👍🇺🇸USA 💪❤️🇺🇸","31","https://www.youtube.com/watch?v=-eatfzCXA-E","0","HOUSTON P1 23/3/2026: Đúng như dự đoán TT Trump: Iran rơi vào ""bẩy"" của Ô khi ""cương"" đe dọa Hormuz","comment",,"2"
"@ChristinaNguyen-n9g","Biết ngay mục đích gian ác của bọn âm mưu đóng cửa DHS! Mừng là TTTrump sẽ có chiến lược giải quyết vấn nạn! Cầu mong cho bọn dân chủ tầy trời như chuck schumer và đồng bọn nào của hắn vẫn còn phá kế hoạch của TTTRUMP cứu dân cứu nước! Chúng nó phải đền tội trong nay mai!","31","https://www.youtube.com/watch?v=-eatfzCXA-E","0","HOUSTON P1 23/3/2026: Đúng như dự đoán TT Trump: Iran rơi vào ""bẩy"" của Ô khi ""cương"" đe dọa Hormuz","comment",,"5"
"@luongdinh9285","It about time ❤🙏🏿🇺🇸","31","https://www.youtube.com/watch?v=-eatfzCXA-E","0","HOUSTON P1 23/3/2026: Đúng như dự đoán TT Trump: Iran rơi vào ""bẩy"" của Ô khi ""cương"" đe dọa Hormuz","comment",,"1"
"@HaBuiManh-vy8qh","Quả này I ran sẽ tuyệt chủng khi cương bắn hoả tiễn khắp nơi 
Đó là lý do I ran sẽ tuyệt chủng nhanh chóng","31","https://www.youtube.com/watch?v=-eatfzCXA-E","0","HOUSTON P1 23/3/2026: Đúng như dự đoán TT Trump: Iran rơi vào ""bẩy"" của Ô khi ""cương"" đe dọa Hormuz","comment",,"1"
"@HaTong-p7b","Thanks ❤","31","https://www.youtube.com/watch?v=-eatfzCXA-E","0","HOUSTON P1 23/3/2026: Đúng như dự đoán TT Trump: Iran rơi vào ""bẩy"" của Ô khi ""cương"" đe dọa Hormuz","comment",,"0"
"@vietvu3111","👍👍👏👏👏👏","31","https://www.youtube.com/watch?v=-eatfzCXA-E","0","HOUSTON P1 23/3/2026: Đúng như dự đoán TT Trump: Iran rơi vào ""bẩy"" của Ô khi ""cương"" đe dọa Hormuz","comment",,"0"
"@vietvu3111","👍👍👍👏👏👏","31","https://www.youtube.com/watch?v=-eatfzCXA-E","0","HOUSTON P1 23/3/2026: Đúng như dự đoán TT Trump: Iran rơi vào ""bẩy"" của Ô khi ""cương"" đe dọa Hormuz","comment",,"0"
"@HưngVũ-c2b","Vậy là Iran đã dính câu rồi sao? 😋","31","https://www.youtube.com/watch?v=-eatfzCXA-E","0","HOUSTON P1 23/3/2026: Đúng như dự đoán TT Trump: Iran rơi vào ""bẩy"" của Ô khi ""cương"" đe dọa Hormuz","comment",,"0"
"@CuongTsang","❤❤❤❤❤","31","https://www.youtube.com/watch?v=-eatfzCXA-E","0","HOUSTON P1 23/3/2026: Đúng như dự đoán TT Trump: Iran rơi vào ""bẩy"" của Ô khi ""cương"" đe dọa Hormuz","comment",,"0"
"@kim-anhpetersson5968","Cầu xin ơn trên che trở cho TT Donald Trump 🙏🙏🙏🙏🙏","31","https://www.youtube.com/watch?v=-eatfzCXA-E","0","HOUSTON P1 23/3/2026: Đúng như dự đoán TT Trump: Iran rơi vào ""bẩy"" của Ô khi ""cương"" đe dọa Hormuz","comment",,"0"
"@myhobbyguitar4117","The faster the better. 🇺🇲🇺🇸🇺🇸🇺🇸","31","https://www.youtube.com/watch?v=-eatfzCXA-E","0","HOUSTON P1 23/3/2026: Đúng như dự đoán TT Trump: Iran rơi vào ""bẩy"" của Ô khi ""cương"" đe dọa Hormuz","comment",,"2"
"@TấnNam-t5z","Khi mà tt Trump kết hợp với Do thái . TT Trump đặt ra 3 mục tiêu cho chiến lược . 1 lật đổ nhà nước hồi giáo lran . 2 kiểm soát năng lượng . 3 là phải có chứng danh là phải lôi kéo đồng minh tham gia . Cho Nga và china thấy Hoa kỳ vẫn đồng minh mà Nato ko thể thiếu sự hiện diện của Hoa kỳ điều hành .","31","https://www.youtube.com/watch?v=-eatfzCXA-E","0","HOUSTON P1 23/3/2026: Đúng như dự đoán TT Trump: Iran rơi vào ""bẩy"" của Ô khi ""cương"" đe dọa Hormuz","comment",,"1"
"@thienphapvan6821","Đưa Iran ve thoi đo đa .The gioi binh yen ok?","31","https://www.youtube.com/watch?v=-eatfzCXA-E","0","HOUSTON P1 23/3/2026: Đúng như dự đoán TT Trump: Iran rơi vào ""bẩy"" của Ô khi ""cương"" đe dọa Hormuz","comment",,"0"
"@tandao9477","Chiến lược của tt trump chặt đứt đường dây bán vũ khí của Trung Quốc vì iranvà Venezuela","31","https://www.youtube.com/watch?v=-eatfzCXA-E","0","HOUSTON P1 23/3/2026: Đúng như dự đoán TT Trump: Iran rơi vào ""bẩy"" của Ô khi ""cương"" đe dọa Hormuz","comment",,"2"
"@thotran7478","Huhu thực thục","31","https://www.youtube.com/watch?v=-eatfzCXA-E","0","HOUSTON P1 23/3/2026: Đúng như dự đoán TT Trump: Iran rơi vào ""bẩy"" của Ô khi ""cương"" đe dọa Hormuz","comment",,"0"
"@phucle9462","Iran trúng bẫy TT Trump. 😂😂.","31","https://www.youtube.com/watch?v=-eatfzCXA-E","0","HOUSTON P1 23/3/2026: Đúng như dự đoán TT Trump: Iran rơi vào ""bẩy"" của Ô khi ""cương"" đe dọa Hormuz","comment",,"6"
"@DungNguyen-e8r8h","Ok TNP","31","https://www.youtube.com/watch?v=-eatfzCXA-E","0","HOUSTON P1 23/3/2026: Đúng như dự đoán TT Trump: Iran rơi vào ""bẩy"" của Ô khi ""cương"" đe dọa Hormuz","comment",,"1"
"@andyyang2350","❤❤❤","31","https://www.youtube.com/watch?v=-eatfzCXA-E","0","HOUSTON P1 23/3/2026: Đúng như dự đoán TT Trump: Iran rơi vào ""bẩy"" của Ô khi ""cương"" đe dọa Hormuz","comment",,"0"
"@HữuThaoLê-r3x","Chỉ có đưa lực lượng mặt đất đổ bộ lãnh thổ Iran mới dứt sạch lực lượng vệ binh Hồi Giáo và xác định được các mục tiêu","31","https://www.youtube.com/watch?v=-eatfzCXA-E","1","HOUSTON P1 23/3/2026: Đúng như dự đoán TT Trump: Iran rơi vào ""bẩy"" của Ô khi ""cương"" đe dọa Hormuz","comment",,"8"
"@HữuThaoLê-r3x","TT Trump mượn cớ eo biển Hormuz để thao túng giá dầu, gây sức ép lên Âu Châu và Tàu+. Chứ ông thừa biết thương thảo với Iran luôn ko có hiệu quả và mất thời gian","31","https://www.youtube.com/watch?v=-eatfzCXA-E","0","HOUSTON P1 23/3/2026: Đúng như dự đoán TT Trump: Iran rơi vào ""bẩy"" của Ô khi ""cương"" đe dọa Hormuz","comment",,"11"
"@hoanthienphamvan8429","Dập cho tới luôn , còn nhân nhượng gì nữa .","31","https://www.youtube.com/watch?v=-eatfzCXA-E","0","HOUSTON P1 23/3/2026: Đúng như dự đoán TT Trump: Iran rơi vào ""bẩy"" của Ô khi ""cương"" đe dọa Hormuz","comment",,"11"
"@yennguyen-de9xm","1 number one ❤❤❤❤❤❤❤❤❤❤❤❤❤❤❤❤❤❤❤❤❤❤❤❤❤❤❤❤❤😂😂😂😂😂😂😂😂😂😂😂😂🎉🎉🎉🎉🎉🎉🎉🎉🎉🎉❤❤❤❤❤❤❤❤❤❤❤❤❤❤❤❤❤❤❤❤❤❤","31","https://www.youtube.com/watch?v=-eatfzCXA-E","0","HOUSTON P1 23/3/2026: Đúng như dự đoán TT Trump: Iran rơi vào ""bẩy"" của Ô khi ""cương"" đe dọa Hormuz","comment",,"0"
"@menbanh741","Chào chú phong và gia đình","31","https://www.youtube.com/watch?v=-eatfzCXA-E","0","HOUSTON P1 23/3/2026: Đúng như dự đoán TT Trump: Iran rơi vào ""bẩy"" của Ô khi ""cương"" đe dọa Hormuz","comment",,"1"
"@QuanNguyen-fo9zq","❤❤❤❤❤❤","31","https://www.youtube.com/watch?v=-eatfzCXA-E","0","HOUSTON P1 23/3/2026: Đúng như dự đoán TT Trump: Iran rơi vào ""bẩy"" của Ô khi ""cương"" đe dọa Hormuz","comment",,"1"
"@johnnguy2609","Chào anh Phong và cac ban gần xa,chúc tất cả có một tuần mới bình an và hạnh phúc ❤️🫶☕️✌️","31","https://www.youtube.com/watch?v=-eatfzCXA-E","0","HOUSTON P1 23/3/2026: Đúng như dự đoán TT Trump: Iran rơi vào ""bẩy"" của Ô khi ""cương"" đe dọa Hormuz","comment",,"6"
"@Trung-i7d3i","🇺🇸🇺🇸🇺🇸🇺🇸🇹🇼🇹🇼","31","https://www.youtube.com/watch?v=-eatfzCXA-E","0","HOUSTON P1 23/3/2026: Đúng như dự đoán TT Trump: Iran rơi vào ""bẩy"" của Ô khi ""cương"" đe dọa Hormuz","comment",,"3"
"@TuanNguyen-yc4wz","👍👍👍🇺🇸🇺🇸🇺🇸🙏🙏🙏✝️✝️✝️","31","https://www.youtube.com/watch?v=-eatfzCXA-E","0","HOUSTON P1 23/3/2026: Đúng như dự đoán TT Trump: Iran rơi vào ""bẩy"" của Ô khi ""cương"" đe dọa Hormuz","comment",,"3"
"@giangngo904","Good Morning Anh Phong","31","https://www.youtube.com/watch?v=-eatfzCXA-E","0","HOUSTON P1 23/3/2026: Đúng như dự đoán TT Trump: Iran rơi vào ""bẩy"" của Ô khi ""cương"" đe dọa Hormuz","comment",,"4"
,,"0",,,"Ghế Thủ Tướng Bất Ngờ “Mở Khóa”: Ai Đang Thực Sự Trong Cuộc Đua Quyền Lực?","video",,
"@anhminh20135","Người miền nam có ai nghe hát chèo đâu chị!","522","https://www.youtube.com/watch?v=09t4s4Den5U","0","#1728: TT.Trump Réo Gọi Tàu Cộng Và Nga Xô | Bột Ngọt Cấp Bách Qua Nga | 23.03.26","comment",,"0"
"@VanAnLe-fl4zu","Cô này lanh quá...há há.","522","https://www.youtube.com/watch?v=09t4s4Den5U","0","#1728: TT.Trump Réo Gọi Tàu Cộng Và Nga Xô | Bột Ngọt Cấp Bách Qua Nga | 23.03.26","comment",,"0"
"@billvine6428","CUBA đen thui thùi lùi, HƯƠNG XA hay dzữ ta! :) :) :)","522","https://www.youtube.com/watch?v=09t4s4Den5U","0","#1728: TT.Trump Réo Gọi Tàu Cộng Và Nga Xô | Bột Ngọt Cấp Bách Qua Nga | 23.03.26","comment",,"0"
"@thichnuhanhthien","😂😂😂👍👍👍❣️❣️❣️","522","https://www.youtube.com/watch?v=09t4s4Den5U","0","#1728: TT.Trump Réo Gọi Tàu Cộng Và Nga Xô | Bột Ngọt Cấp Bách Qua Nga | 23.03.26","comment",,"0"
"@tinvitr","❤❤❤🎉🎉🎉","522","https://www.youtube.com/watch?v=09t4s4Den5U","0","#1728: TT.Trump Réo Gọi Tàu Cộng Và Nga Xô | Bột Ngọt Cấp Bách Qua Nga | 23.03.26","comment",,"0"
"@thanhthuandang4774","Miền Bắc có người nghe cải lương, có người hát cải lương luôn , nhưng miền Nam thi em chưa thấy ai nghe chèo, còn nếu có hát thì hát giỡn như chị Hương Xa thôi 😊","522","https://www.youtube.com/watch?v=09t4s4Den5U","0","#1728: TT.Trump Réo Gọi Tàu Cộng Và Nga Xô | Bột Ngọt Cấp Bách Qua Nga | 23.03.26","comment",,"0"
"@thithuphuongnguyen3815","❤❤❤❤❤","522","https://www.youtube.com/watch?v=09t4s4Den5U","0","#1728: TT.Trump Réo Gọi Tàu Cộng Và Nga Xô | Bột Ngọt Cấp Bách Qua Nga | 23.03.26","comment",,"0"
"@tinyquach","Em nghe thử Chèo mà cảm giác như bọn giả tạo đang giao tiếp với nhau vậy. Ngôn ngữ giọng điệu nghe 2 mặt muốn ói.","522","https://www.youtube.com/watch?v=09t4s4Den5U","0","#1728: TT.Trump Réo Gọi Tàu Cộng Và Nga Xô | Bột Ngọt Cấp Bách Qua Nga | 23.03.26","comment",,"0"
"@tuyetkythi5065","Em ở  Paris mới  biết  Huong Xa vài  ngày  .Hay Chinh Xác   nói  về  Trump Rất  đúng  .Trump  Hay lắm  Emtheo Huong Xa k dài  dong   Huong Xa Rất  tuyệt  voi luôn vì  nói  đúng  nên  mới  Hay  đó  tiếp  tucTrump sanh ngày  14 tháng  6 đó  nên tháng  6 là  Gimini    giỏi  về  lanh tri và  vui vẽ  hoà  hop Trump  giỏi  lắm  Em hiểu  ý  của  Huong XaTrump khon ngoan   vì  có  sự  thiêng liêng  nên  Ông  Trời  là      Đức  Chua Trời  cho Trump  thong Minh lắm","522","https://www.youtube.com/watch?v=09t4s4Den5U","0","#1728: TT.Trump Réo Gọi Tàu Cộng Và Nga Xô | Bột Ngọt Cấp Bách Qua Nga | 23.03.26","comment",,"0"
"@quynhrose3505","Hay qua.  Huong Xa oi. Tuc cuoi muon be bung ne.❤❤❤","522","https://www.youtube.com/watch?v=09t4s4Den5U","0","#1728: TT.Trump Réo Gọi Tàu Cộng Và Nga Xô | Bột Ngọt Cấp Bách Qua Nga | 23.03.26","comment",,"0"
"@LamNguyen-qm1fp","Đúng rồi hủy diệt tận gốc bọn khủng bố này mới đem lại hòa bình cho thế giới nhân đạo với kẻ thù là tự xác","522","https://www.youtube.com/watch?v=09t4s4Den5U","0","#1728: TT.Trump Réo Gọi Tàu Cộng Và Nga Xô | Bột Ngọt Cấp Bách Qua Nga | 23.03.26","comment",,"0"
"@tuoitran3738","👍👍👍👍👍👍👍","522","https://www.youtube.com/watch?v=09t4s4Den5U","0","#1728: TT.Trump Réo Gọi Tàu Cộng Và Nga Xô | Bột Ngọt Cấp Bách Qua Nga | 23.03.26","comment",,"0"
"@nhacao6868","😂👍❤️","522","https://www.youtube.com/watch?v=09t4s4Den5U","0","#1728: TT.Trump Réo Gọi Tàu Cộng Và Nga Xô | Bột Ngọt Cấp Bách Qua Nga | 23.03.26","comment",,"0"
"@vinhchu343","❤❤❤","522","https://www.youtube.com/watch?v=09t4s4Den5U","0","#1728: TT.Trump Réo Gọi Tàu Cộng Và Nga Xô | Bột Ngọt Cấp Bách Qua Nga | 23.03.26","comment",,"0"
"@ngochiennguyen9450","HX cô gái mạnh mẻ  thì sẻ vượt qua bịnh nha❤❤❤❤❤❤❤❤❤❤","522","https://www.youtube.com/watch?v=09t4s4Den5U","0","#1728: TT.Trump Réo Gọi Tàu Cộng Và Nga Xô | Bột Ngọt Cấp Bách Qua Nga | 23.03.26","comment",,"0"
"@TrungTran-z2t","Có chào Hương Xa chúc con gái vui khỏe và binh an ❤️🌹","522","https://www.youtube.com/watch?v=09t4s4Den5U","0","#1728: TT.Trump Réo Gọi Tàu Cộng Và Nga Xô | Bột Ngọt Cấp Bách Qua Nga | 23.03.26","comment",,"0"
"@XuânLệ-p1k","Ủng hộ kênh Hương Xa, Thùy Dương 17:43","522","https://www.youtube.com/watch?v=09t4s4Den5U","0","#1728: TT.Trump Réo Gọi Tàu Cộng Và Nga Xô | Bột Ngọt Cấp Bách Qua Nga | 23.03.26","comment",,"0"
"@KiaJo-q8d","Tỷ phú cướp đất cướp nhà 😀","522","https://www.youtube.com/watch?v=09t4s4Den5U","0","#1728: TT.Trump Réo Gọi Tàu Cộng Và Nga Xô | Bột Ngọt Cấp Bách Qua Nga | 23.03.26","comment",,"0"
"@hungloitan975","đánh sập chế độ độc tài là niềm mơ ước của người dân","522","https://www.youtube.com/watch?v=09t4s4Den5U","0","#1728: TT.Trump Réo Gọi Tàu Cộng Và Nga Xô | Bột Ngọt Cấp Bách Qua Nga | 23.03.26","comment",,"0"
"@uocmoVNthaydoi","Tôi mê đội lính của Mỹ 
Cảm ơn ông Trump, cầu mong ông giúp dân vn.","522","https://www.youtube.com/watch?v=09t4s4Den5U","0","#1728: TT.Trump Réo Gọi Tàu Cộng Và Nga Xô | Bột Ngọt Cấp Bách Qua Nga | 23.03.26","comment",,"0"
"@Oanhlam383","👍👍👍👍👍☕","522","https://www.youtube.com/watch?v=09t4s4Den5U","0","#1728: TT.Trump Réo Gọi Tàu Cộng Và Nga Xô | Bột Ngọt Cấp Bách Qua Nga | 23.03.26","comment",,"0"
"@antruong31987","tui không nghe bất cứ gì mà ngài miền ngoài làm nghệ thuật cã, đầu tiên là khó nghe về ngôn ngữ, thứ hai là miếng hài cũa dân ngoài vĩ tuyến  đối với dân miền nam nó giống như mấy anh tây với chị hương xa vậy đó...","522","https://www.youtube.com/watch?v=09t4s4Den5U","0","#1728: TT.Trump Réo Gọi Tàu Cộng Và Nga Xô | Bột Ngọt Cấp Bách Qua Nga | 23.03.26","comment",,"0"
"@ThiệnPhan-q1e","Cộng sản chết hết đi.","522","https://www.youtube.com/watch?v=09t4s4Den5U","0","#1728: TT.Trump Réo Gọi Tàu Cộng Và Nga Xô | Bột Ngọt Cấp Bách Qua Nga | 23.03.26","comment",,"0"
"@thuhiennguyen5139","Cảnh sát bên đó ở đâu ko bắt phạt tui nó vẽ bậy và khủng bố","522","https://www.youtube.com/watch?v=09t4s4Den5U","0","#1728: TT.Trump Réo Gọi Tàu Cộng Và Nga Xô | Bột Ngọt Cấp Bách Qua Nga | 23.03.26","comment",,"0"
"@lykiet8616","Ngh hat chèo giống nghe khóc mướn khóc thương ở đám ma quá !👻","522","https://www.youtube.com/watch?v=09t4s4Den5U","0","#1728: TT.Trump Réo Gọi Tàu Cộng Và Nga Xô | Bột Ngọt Cấp Bách Qua Nga | 23.03.26","comment",,"0"
"@ducnguyen6440","Người MIỀN NAM kg bao giờ sống chung với người MIỀN BẮC CS.gì sao người dân miền Bắc đã sống với CS từ 1954 đến nay là 72 năm trong máu họ toàn CS LỪA ĐÃO BIẾT BỐ MẦY LÀ AI KG ?","522","https://www.youtube.com/watch?v=09t4s4Den5U","0","#1728: TT.Trump Réo Gọi Tàu Cộng Và Nga Xô | Bột Ngọt Cấp Bách Qua Nga | 23.03.26","comment",,"0"
"@tranlong6342","❤❤❤❤❤","522","https://www.youtube.com/watch?v=09t4s4Den5U","0","#1728: TT.Trump Réo Gọi Tàu Cộng Và Nga Xô | Bột Ngọt Cấp Bách Qua Nga | 23.03.26","comment",,"0"
"@TonyTran56789","Với Trump ko có 2 từ quan ngại 😂 thích thì nhích thôi quan ngại là gì 😊","522","https://www.youtube.com/watch?v=09t4s4Den5U","0","#1728: TT.Trump Réo Gọi Tàu Cộng Và Nga Xô | Bột Ngọt Cấp Bách Qua Nga | 23.03.26","comment",,"0"
"@tuanluong8428","🎉🎉🎉🎉🎉🎉🎉🎉phân tích của Hương Xa..quá chính xác và rất hấp dẫn....🎉🎉🎉🎉🎉🎉","522","https://www.youtube.com/watch?v=09t4s4Den5U","0","#1728: TT.Trump Réo Gọi Tàu Cộng Và Nga Xô | Bột Ngọt Cấp Bách Qua Nga | 23.03.26","comment",,"0"
"@ThuPhan-ml2pv","Sao càng ngày tôi càng yêu Hương Xa quá Hương Xa ơi! Nói hay quá; chính xác quá !❤❤❤","522","https://www.youtube.com/watch?v=09t4s4Den5U","0","#1728: TT.Trump Réo Gọi Tàu Cộng Và Nga Xô | Bột Ngọt Cấp Bách Qua Nga | 23.03.26","comment",,"1"
"@minhduc5273","Ong.nguyễn hoà.bình
Chánh án dao.thot
Có nuoc.nào mà ra
Cho.mua.vat.chúng 
Không. Đưa con.nit
No.cùng biết...🎉🎉","17","https://www.youtube.com/watch?v=g9D8cqN6Ldk","0","Âm mưu của Tô Tổng chủ","comment",,"0"
"@HoNguyenThai-ut9jr","Một đất nước mà có những thẳng thẩm phán như thẳng Nguyễn Hòa Bình thì đàt nước đó không sớm thì muộn cũng sụp đổ vì án oan thẳng thẩm phán này trình độ chắc lớp quả","17","https://www.youtube.com/watch?v=g9D8cqN6Ldk","0","Âm mưu của Tô Tổng chủ","comment",,"0"
"@ongVan-nv1vz","Nhố nhăng","17","https://www.youtube.com/watch?v=g9D8cqN6Ldk","0","Âm mưu của Tô Tổng chủ","comment",,"0"
"@thuthaonguyen526","Nguyen hoa binh la mot tendao phu ratdoc hai","17","https://www.youtube.com/watch?v=g9D8cqN6Ldk","0","Âm mưu của Tô Tổng chủ","comment",,"0"
"@KhanhVu-zi8qo","Con bày sao tiếng nó choe chóe nhức gết cả tai nhở😂😮😅","17","https://www.youtube.com/watch?v=g9D8cqN6Ldk","0","Âm mưu của Tô Tổng chủ","comment",,"0"
"@KhanhVu-zi8qo","Con bày sao tiếng nó choe chóe nhức gết cả tai nhở😂😮😅","17","https://www.youtube.com/watch?v=g9D8cqN6Ldk","0","Âm mưu của Tô Tổng chủ","comment",,"0"
"@sunrise31d","Thâu tóm! Tàn sát bao nhiêu đồng bịn mới giành được vị thế đầu đàn. Làm sao mà chia với xẻ cho chúng được...🤮🤮🤮","17","https://www.youtube.com/watch?v=g9D8cqN6Ldk","0","Âm mưu của Tô Tổng chủ","comment",,"0"
"@hahuynh4026","❤❤❤😊😊😊","17","https://www.youtube.com/watch?v=g9D8cqN6Ldk","0","Âm mưu của Tô Tổng chủ","comment",,"0"
"@chinhky4855","Hãy ủng hộ ông Lê Minh Trí thay cho thằng Nguyễn Hòa Bình gian dối để nhân dân không còn án oan nữa","17","https://www.youtube.com/watch?v=g9D8cqN6Ldk","0","Âm mưu của Tô Tổng chủ","comment",,"1"
"@NamHo-tj6fs","Dân chúng ai bầu tụi nó","17","https://www.youtube.com/watch?v=g9D8cqN6Ldk","0","Âm mưu của Tô Tổng chủ","comment",,"2"
"@tranquangtrung129","Rất mến mộ nhà bình luận chính trị Kim Vũ..  Anh Thư lịch sử ngàn năm..","17","https://www.youtube.com/watch?v=g9D8cqN6Ldk","1","Âm mưu của Tô Tổng chủ","comment",,"0"
"@quyenpham7692","❤❤❤❤❤KV❤❤❤❤❤","17","https://www.youtube.com/watch?v=g9D8cqN6Ldk","0","Âm mưu của Tô Tổng chủ","comment",,"0"
"@sangho7067","❤❤❤❤❤","17","https://www.youtube.com/watch?v=g9D8cqN6Ldk","0","Âm mưu của Tô Tổng chủ","comment",,"1"
"@congle4544","Đồ tể NHB, làm phó thủ tướng, dao thớt sẽ bán chạy 😮","17","https://www.youtube.com/watch?v=g9D8cqN6Ldk","0","Âm mưu của Tô Tổng chủ","comment",,"0"
"@MinhNguyen-sj9ww","111❤❤❤111❤❤❤111❤❤❤111","17","https://www.youtube.com/watch?v=g9D8cqN6Ldk","0","Âm mưu của Tô Tổng chủ","comment",,"2"
"@KiencuongNguyen-kw9sp","❤❤❤❤❤","17","https://www.youtube.com/watch?v=g9D8cqN6Ldk","0","Âm mưu của Tô Tổng chủ","comment",,"4"
"@HungHoang-lq2nk","Nhà bl chính trị ? KV là người đọc (người viết là khác)","17","https://www.youtube.com/watch?v=g9D8cqN6Ldk","0","Âm mưu của Tô Tổng chủ","reply",,"0"
"@anhkim2318","❤❤❤🎉","25","https://www.youtube.com/watch?v=RXXjB-K1fwY","0","TIN HOA KỲ VÀ VN 16/3/2026","comment",,"0"
"@Thanhly-n1p",":hand-pink-waving::face-purple-crying::face-blue-smiling::text-green-game-over::person-turqouise-waving:","25","https://www.youtube.com/watch?v=RXXjB-K1fwY","0","TIN HOA KỲ VÀ VN 16/3/2026","comment",,"0"
"@phuonghuynh4231","Một phó, một ngoại trưởng hai chiến tướng này,,ai cũng xứng đáng thay thế ngài Trump năm 28,, OK phong","25","https://www.youtube.com/watch?v=RXXjB-K1fwY","0","TIN HOA KỲ VÀ VN 16/3/2026","comment",,"0"
"@TaiNguyen-k9q4v","Truyền thông Thổ tả mà đưa tin Bá Láp phải thu hồi giấy phép cho chúng nó về Bới Rác mà sống theo tui đó là Phản Quốc !","25","https://www.youtube.com/watch?v=RXXjB-K1fwY","0","TIN HOA KỲ VÀ VN 16/3/2026","comment",,"0"
"@minhtrio4175","Chào chú phong","25","https://www.youtube.com/watch?v=RXXjB-K1fwY","0","TIN HOA KỲ VÀ VN 16/3/2026","comment",,"0"
"@hongly7857","👍👍❤️❤️🇺🇸🇺🇸","25","https://www.youtube.com/watch?v=RXXjB-K1fwY","0","TIN HOA KỲ VÀ VN 16/3/2026","comment",,"1"
"@meekanguyen6047","Ông trần nhật phong này tào lao lắm , tui thấy thỉnh thoảng có người ở VN vô dùng từ của việt cộng lập tức ông chửi người ta như tát nước vào mặt, nhưng riêng ông lại dùng từ liên hệ của vc thì không sao , tôi hỏi ông từ liên quan tại sao ông không dùng mà ông lại dùng từ liên hệ của việt công?","25","https://www.youtube.com/watch?v=RXXjB-K1fwY","0","TIN HOA KỲ VÀ VN 16/3/2026","comment",,"1"
"@TrungQuocLong","Hello anh phong","25","https://www.youtube.com/watch?v=RXXjB-K1fwY","0","TIN HOA KỲ VÀ VN 16/3/2026","comment",,"0"
"@KwkJa","Hello a phong csk","25","https://www.youtube.com/watch?v=RXXjB-K1fwY","0","TIN HOA KỲ VÀ VN 16/3/2026","comment",,"0"
"@QuanNguyen-fo9zq","❤❤❤❤❤","25","https://www.youtube.com/watch?v=RXXjB-K1fwY","0","TIN HOA KỲ VÀ VN 16/3/2026","comment",,"0"
"@CôngGò-n7z","Dân Việt Nam là 100 triệu người , kiếm đâu ra 100 triệu người nữa để có tỷ lệ đi bầu là 200% ?
Đúng là XHCN = Xạo Hết Chỗ Nói .","25","https://www.youtube.com/watch?v=RXXjB-K1fwY","0","TIN HOA KỲ VÀ VN 16/3/2026","comment",,"1"
"@hoai8358","Em cảm on anh phong rất là nhiều","25","https://www.youtube.com/watch?v=RXXjB-K1fwY","0","TIN HOA KỲ VÀ VN 16/3/2026","comment",,"2"
"@doandang5188","❤❤❤❤","25","https://www.youtube.com/watch?v=RXXjB-K1fwY","0","TIN HOA KỲ VÀ VN 16/3/2026","comment",,"0"
"@xuanle1837","Ông Ngoại Trưởng Mỹ rất tài giỏi nhưng sẵn sàng hỗ trợ Phó TT Vance là chiến lược tốt đẹp bởi kế tiếp là chính Ông nối tiếp xây dựng một Hoa Kỳ vĩ đại do Cộng Hoà thống lãnh. Rất mong việc nầy!","25","https://www.youtube.com/watch?v=RXXjB-K1fwY","0","TIN HOA KỲ VÀ VN 16/3/2026","comment",,"2"
"@ThangPham-m1h","❤❤❤❤❤❤❤❤❤❤","25","https://www.youtube.com/watch?v=RXXjB-K1fwY","0","TIN HOA KỲ VÀ VN 16/3/2026","comment",,"0"
"@thudao1285","Hi❤❤ cam on nhe","25","https://www.youtube.com/watch?v=RXXjB-K1fwY","0","TIN HOA KỲ VÀ VN 16/3/2026","comment",,"1"
"@xuanle1837","Rõ ràng Điều 5 của NATO đã không thực thì Mỹ còn dính dáng với Liên Minh nầy chi nữa? Adieu là tốt nhứt!","25","https://www.youtube.com/watch?v=RXXjB-K1fwY","0","TIN HOA KỲ VÀ VN 16/3/2026","comment",,"4"
"@KevinNgo-f3f","CSVN copy từ ĐCSDC của Mỹ","25","https://www.youtube.com/watch?v=RXXjB-K1fwY","1","TIN HOA KỲ VÀ VN 16/3/2026","comment",,"4"
"@KevinNgo-f3f","TTT phải mạnh mẽ hơn, để dẹp bỏ những thành phần Faked News, Tuyên truyền cho kẻ thù…","25","https://www.youtube.com/watch?v=RXXjB-K1fwY","0","TIN HOA KỲ VÀ VN 16/3/2026","comment",,"6"
"@KevinNgo-f3f","Ngoại trưởng Iran, Do Thái nên đưa ông ra đi đắp chiếu càng sớm càng tốt, để bớt đi tội tuyên truyền láo, hống hách..","25","https://www.youtube.com/watch?v=RXXjB-K1fwY","0","TIN HOA KỲ VÀ VN 16/3/2026","comment",,"6"
"@Toringuyen101","Cộng nô bắt chước biden đi lấy phiếu từ người chết 😅😅","25","https://www.youtube.com/watch?v=RXXjB-K1fwY","0","TIN HOA KỲ VÀ VN 16/3/2026","comment",,"0"
"@HaNguyen-ci1cy","Đài CNN là tay sai của iran, đài nầy nên bị loại bỏ","25","https://www.youtube.com/watch?v=RXXjB-K1fwY","0","TIN HOA KỲ VÀ VN 16/3/2026","comment",,"8"
"@HaNguyen-ci1cy","Luôn ủng hộ việc đi bầu trình id để ngăn chặn sự gian lận bầu cử và chống lại những kẻ mượn sự dối trá của đảng dân chủ cực tả Mỹ để hủy hoại nước Mỹ","25","https://www.youtube.com/watch?v=RXXjB-K1fwY","0","TIN HOA KỲ VÀ VN 16/3/2026","comment",,"11"
"@MaiQui-e8e","MC chuongtrinh TNP Chúc chuong trinh luôn mạnh khỏe và vungmanh","25","https://www.youtube.com/watch?v=RXXjB-K1fwY","0","TIN HOA KỲ VÀ VN 16/3/2026","comment",,"5"
"@xuanle1837","Coi lại là ĐCSDC copy CSVN đó để luôn được toàn quyền mọi mặt mà không ai phản kháng được.","25","https://www.youtube.com/watch?v=RXXjB-K1fwY","0","TIN HOA KỲ VÀ VN 16/3/2026","reply",,"1"
"@chamdinhthanhcong","Cảm ơn Quý vị và các bạn đã theo dõi và ủng hộ! Đừng quên đăng ký kênh để đồng hành cùng chúng tôi trong các phân tích chuyên sâu tiếp theo: https://bit.ly/4kaCKw6","16","https://www.youtube.com/watch?v=9PAEyFacdYo","0","Tập Cận Bình Giữa Vòng Xoáy Thanh Trừng Và Chống Đối Nội Bộ?","comment",,"3"
"@PhucPhan-y8x","Noi ve Trung quoc ma lai dua hinh anh Dai bac Dai loan.","16","https://www.youtube.com/watch?v=9PAEyFacdYo","0","Tập Cận Bình Giữa Vòng Xoáy Thanh Trừng Và Chống Đối Nội Bộ?","comment",,"0"
"@minhchu-ck7my","Một quốc gia phải tuân theo lãnh đạo của tập thể làm trọng. Là bất dy bất dịch  vạn việc phải bàn bạc tập thể thống nhất","16","https://www.youtube.com/watch?v=9PAEyFacdYo","1","Tập Cận Bình Giữa Vòng Xoáy Thanh Trừng Và Chống Đối Nội Bộ?","comment",,"1"
"@minhchu-ck7my","Trung quốc. Sụp đổ thật rồi","16","https://www.youtube.com/watch?v=9PAEyFacdYo","0","Tập Cận Bình Giữa Vòng Xoáy Thanh Trừng Và Chống Đối Nội Bộ?","comment",,"1"
"@yokuuhaku6907","Thu âm phát lại vì deo Lưu trữ đất và nước và mặt trăng và sao lưu trữ đám mây trắng bay trên bầu trời quốc tế và các lan sóng điện ngầm và sóng nơi","16","https://www.youtube.com/watch?v=9PAEyFacdYo","0","Tập Cận Bình Giữa Vòng Xoáy Thanh Trừng Và Chống Đối Nội Bộ?","comment",,"1"
"@phachnguyenvan7409","Bản chất bá quyền vẫn không đổi VN và thế giới yêu tự do luôn cảnh giác","16","https://www.youtube.com/watch?v=9PAEyFacdYo","0","Tập Cận Bình Giữa Vòng Xoáy Thanh Trừng Và Chống Đối Nội Bộ?","comment",,"1"
"@nguyenhoangduy2014","Tư tưởng lịch sử TQ mạnh xâm lược yếu tọa sơn,họ rất sợ thế lực mạnh hơn khi yếu  họ ngoài mạnh trong yếu vs đầu hàng mất triều đại cứ tiếp diễn triều đại này sang triều đại khác.Dù có ai lên thì tư tưởng họ là nhất quán hiện đại nhưng kiểu quân chủ trong nước thì áp đặt giàu có hoạt nổi danh hoạt có chúc rục rịch  sẽ bị triệt tiêu ngay,các nước lân ban chư hầu hợp tác thì thao túng chính quyền gài bẫy từ CT KT...làm họ càng suy yếu càng tốt ko ngốc đầu lên nổi thao túng là con cờ vùng đệm làm cho các nước chia rẽ nội bộ vs liên kết giữa các nước giống kiểu trị dân họ.Mưu lược họ ko bao giờ thay đổi khi yếu họ có thế lùi 1 khi mạnh họ tiến 10.Thời các triều đại quân chủ vs hiện tại nó giống nhau như đúc,ham lợi ích là thân bại danh liệt với họ liền.","16","https://www.youtube.com/watch?v=9PAEyFacdYo","1","Tập Cận Bình Giữa Vòng Xoáy Thanh Trừng Và Chống Đối Nội Bộ?","comment",,"1"
"@caonamnguyen89","Đám này xuống. Đám khác lên. Vẫn như cũ.","16","https://www.youtube.com/watch?v=9PAEyFacdYo","0","Tập Cận Bình Giữa Vòng Xoáy Thanh Trừng Và Chống Đối Nội Bộ?","comment",,"3"
"@danhtruong6017","Suy ra cho cùng tập cận bình kog khôn!Đất nước tỷ dần mà nghĩ mình là số 1.Nếu2 nhiệm kỳ nhường cho người khác thì có đẹp kog.","16","https://www.youtube.com/watch?v=9PAEyFacdYo","1","Tập Cận Bình Giữa Vòng Xoáy Thanh Trừng Và Chống Đối Nội Bộ?","comment",,"1"
"@benXDgtd","Chiến dịch ""Đả hổ diệt ruồi"" đã từng thanh trừng nội bộ nhiều quan chức cấp cao.
Dựa vào cuộc đấu tranh chống tham nhũng giải quyết triệt hạ những mối quan ngại mâu thuẫn.
Thủ tướng Lý Khắc Cường nghỉ hưu trước tuổi & có một cái chết bí ẩn.
Độc tài áp đáo là một bài hạ nguy hiểm nhằm thượng đẳng tôn vinh đế chế Ông Hoàng","16","https://www.youtube.com/watch?v=9PAEyFacdYo","1","Tập Cận Bình Giữa Vòng Xoáy Thanh Trừng Và Chống Đối Nội Bộ?","comment",,"1"
"@tranduong5153","Bình luận rất tuyệt vời","16","https://www.youtube.com/watch?v=9PAEyFacdYo","1","Tập Cận Bình Giữa Vòng Xoáy Thanh Trừng Và Chống Đối Nội Bộ?","comment",,"2"
"@chamdinhthanhcong","❤️","16","https://www.youtube.com/watch?v=9PAEyFacdYo","0","Tập Cận Bình Giữa Vòng Xoáy Thanh Trừng Và Chống Đối Nội Bộ?","reply",,"0"
,,"0",,,"Chuyên gia: Nội các Zelensky “đấu đá” nhau tan nát, khủng hoảng kép gõ cửa Ukraine","video",,
"@chamdinhthanhcong","❤️","16","https://www.youtube.com/watch?v=9PAEyFacdYo","0","Tập Cận Bình Giữa Vòng Xoáy Thanh Trừng Và Chống Đối Nội Bộ?","reply",,"0"
"@chamdinhthanhcong","❤️","16","https://www.youtube.com/watch?v=9PAEyFacdYo","0","Tập Cận Bình Giữa Vòng Xoáy Thanh Trừng Và Chống Đối Nội Bộ?","reply",,"0"
"@chamdinhthanhcong","❤️","16","https://www.youtube.com/watch?v=9PAEyFacdYo","0","Tập Cận Bình Giữa Vòng Xoáy Thanh Trừng Và Chống Đối Nội Bộ?","reply",,"0"
"@chamdinhthanhcong","❤️","16","https://www.youtube.com/watch?v=9PAEyFacdYo","0","Tập Cận Bình Giữa Vòng Xoáy Thanh Trừng Và Chống Đối Nội Bộ?","reply",,"0"
"@ducha3951","Cám ơn nhà báo Việt Linh !","37","https://www.youtube.com/watch?v=bFBoIp8bXS8","0","VL2-06.01: Ai nên lo lắng với “thanh trừng sắc tộc"" của chính quyền Trump?","comment",,"1"
"@botruong4102","Cảm ơn anh Việt Linh.","37","https://www.youtube.com/watch?v=bFBoIp8bXS8","0","VL2-06.01: Ai nên lo lắng với “thanh trừng sắc tộc"" của chính quyền Trump?","comment",,"0"
"@tungngo7649","Hãy đem thằng súc vật Trump và toàn bộ đám bộ trưởng ngu ngốc và những con chó của nó xử bắn , càng nhanh càng tốt .","37","https://www.youtube.com/watch?v=bFBoIp8bXS8","0","VL2-06.01: Ai nên lo lắng với “thanh trừng sắc tộc"" của chính quyền Trump?","comment",,"3"
"@josephhien7981","Lời kết: (của bài bình luận: “Một kẻ bệnh hoạn” muốn tấn công Greenland, Colombia, Cuba và Mexico?)

Donald Trump vừa đưa ra hạn chót cho Greenland, cho biết Mỹ sẽ xem xét lại lập trường của mình về Greenland trong những tuần tới. Chưa hết, Trump còn muốn lật đổ tổng thống Colombia khi công khai đe dọa. Trump nói rằng: “Colombia đang rất ốm yếu và bị cai trị bởi một kẻ bệnh hoạn, thích sản xuất cocaine và bán cho Hoa Kỳ. Nhưng ông ta sẽ không làm điều đó lâu hơn nữa"".
Tổng thống Colombia, Gustavo Petro, là một trong những người chỉ trích chính quyền Mỹ hiện tại mạnh mẽ và thẳng thắn nhất trên trường quốc tế. Mùa thu năm 2025, ông đã có bài phát biểu tại Liên Hợp Quốc, trong đó ông chỉ trích gay gắt Trump về các vụ tấn công vào các tàu chở ma túy bị cáo buộc của Venezuela. Ông cũng chia sẻ một video trên mạng xã hội kêu gọi ""các quốc gia trên thế giới"" đoàn kết chống lại Mỹ. Sau đó, Mỹ đã thu hồi thị thực của ông Petro. Trump cũng ám chỉ sẽ thôn tính Cuba và có thể tấn công Mexico.
Không giống như Venezuela, tư cách thành viên NATO của Đan Mạch có nghĩa là một cuộc tấn công vũ trang vào một quốc gia sẽ được coi là một cuộc tấn công vào tất cả các thành viên của liên minh. Việc Mỹ, thành viên chiếm ưu thế của NATO, tấn công một quốc gia khác trong liên minh từ lâu đã được coi là điều không thể tưởng tượng nổi. Nhưng tôi tin rằng, 30 quốc gia trong NATO sẽ không bỏ rơi Đan Mạch và Greenland, họ sẽ không để một tên ngáo đá muốn cướp giật, trấn lột, hà hiếp bất cứ ai hắn ta muốn chỉ vì tâm thần bất định, điên loạn.
Việt Linh","37","https://www.youtube.com/watch?v=bFBoIp8bXS8","0","VL2-06.01: Ai nên lo lắng với “thanh trừng sắc tộc"" của chính quyền Trump?","comment",,"2"
"@DieuHongThan","47 đang chứng minh nước Mỹ là một nước xâm lược rõ ràng.","37","https://www.youtube.com/watch?v=bFBoIp8bXS8","0","VL2-06.01: Ai nên lo lắng với “thanh trừng sắc tộc"" của chính quyền Trump?","comment",,"2"
"@thongo3341","Mot Ngay Khong Xa   :
Mit Vang   ( bo  dit Trump heo ),  se Hoi Han    !!!😂😂😂","37","https://www.youtube.com/watch?v=bFBoIp8bXS8","0","VL2-06.01: Ai nên lo lắng với “thanh trừng sắc tộc"" của chính quyền Trump?","comment",,"3"
"@cathynguyen2289","Những cảnh tượng đáng sợ như: trẻ em bị còng tay, phụ nữ bị xô đẩy, người già cũng bị đánh đập, người dân bị bắt giữ ngay trong ngày lễ Giáng sinh. Tất cả diễn ra công khai, không cần phán quyết, không cần lý do rõ ràng. Tất cả đang vẽ nên hình ảnh nước Mỹ như một cỗ máy trấn áp lạnh lùng, nơi mà luật pháp không còn dính dáng gì đên công lý.","37","https://www.youtube.com/watch?v=bFBoIp8bXS8","0","VL2-06.01: Ai nên lo lắng với “thanh trừng sắc tộc"" của chính quyền Trump?","comment",,"4"
"@tongthanh411","Khi nào Trump thanh lọc sắc tộc gỏ cửa nhà bọn cuồng và Mít vàng…? Chắc chỉ là thời gian!","37","https://www.youtube.com/watch?v=bFBoIp8bXS8","0","VL2-06.01: Ai nên lo lắng với “thanh trừng sắc tộc"" của chính quyền Trump?","comment",,"3"
"@nhanthantrong1793","Chào Buổi sáng và Cám ơn Nhà báo Việt Linh","37","https://www.youtube.com/watch?v=bFBoIp8bXS8","0","VL2-06.01: Ai nên lo lắng với “thanh trừng sắc tộc"" của chính quyền Trump?","comment",,"3"
"@LoanPhan-f8t","thằng già lộng giả thành chơn !","37","https://www.youtube.com/watch?v=bFBoIp8bXS8","0","VL2-06.01: Ai nên lo lắng với “thanh trừng sắc tộc"" của chính quyền Trump?","comment",,"3"
"@UncleJones75","Tôi muốn biết, với chiến dịch thanh trừng sắc tộc của chính quyền Trump, những ông bà MAGA Mít vàng có cảm thấy lo sợ (không phải lo lắng) hay không?🤔🤔","37","https://www.youtube.com/watch?v=bFBoIp8bXS8","0","VL2-06.01: Ai nên lo lắng với “thanh trừng sắc tộc"" của chính quyền Trump?","comment",,"7"
"@UncleJones75","Mất khả năng kiểm soát xung động, biểu hiện bằng những lời nói và hành động đột ngột không phù hợp, hành động thiếu suy nghĩ, bộc phát cảm xúc, có liên quan đến chứng mất trí nhớ ảnh hưởng đến khả năng phán đoán. Đây là chứng bệnh phổ biến ở nhóm tuổi của Trump.","37","https://www.youtube.com/watch?v=bFBoIp8bXS8","0","VL2-06.01: Ai nên lo lắng với “thanh trừng sắc tộc"" của chính quyền Trump?","comment",,"5"
"@ghetcuongtrump6090","Hôm nay là ngày Jan 6, ngày ô nhục, và Trump sẽ câm miệng trong cả ngày hôm nay??? :elbowcough::elbowcough:","37","https://www.youtube.com/watch?v=bFBoIp8bXS8","1","VL2-06.01: Ai nên lo lắng với “thanh trừng sắc tộc"" của chính quyền Trump?","comment",,"6"
"@ghetcuongtrump6090","Thủ tướng Anh lên án Hoa Kỳ vì đã gửi quân đội đến xâm chiếm một quốc gia khác và cướp đoạt của cải của họ.. :elbowcough::elbowcough:","37","https://www.youtube.com/watch?v=bFBoIp8bXS8","0","VL2-06.01: Ai nên lo lắng với “thanh trừng sắc tộc"" của chính quyền Trump?","comment",,"6"
"@hoasoan3589","Chao Viet Linh","37","https://www.youtube.com/watch?v=bFBoIp8bXS8","0","VL2-06.01: Ai nên lo lắng với “thanh trừng sắc tộc"" của chính quyền Trump?","comment",,"5"
"@HoangNguyen-yn6hi","CHAO ANH VL","37","https://www.youtube.com/watch?v=bFBoIp8bXS8","0","VL2-06.01: Ai nên lo lắng với “thanh trừng sắc tộc"" của chính quyền Trump?","comment",,"5"
"@pheonixtran2188","Đối mặt với nguy cơ bị hủy diệt trong cuộc bầu cử giữa nhiệm kỳ năm 2026,  đảng Cộng hòa đang cân nhắc phương án nhanh chóng thông qua các dự luật quan trọng.
Liệu đảng Cộng hòa sẽ không bao giờ rút kinh nghiệm khi mà dự luật ""Big Ugly Bill"" là một sự ghê tởm và bị hầu hết mọi người ngoài đảng Cộng hòa phản đối, nên việc cố gắng thông qua một danh sách mong muốn khác của đảng Cộng hòa thông qua thỏa hiệp sẽ đảm bảo sự sụp đổ của họ giữa chừng...","37","https://www.youtube.com/watch?v=bFBoIp8bXS8","0","VL2-06.01: Ai nên lo lắng với “thanh trừng sắc tộc"" của chính quyền Trump?","comment",,"4"
"@pheonixtran2188","Trump không thể điều hành đất nước của mình, chứ đừng nói đến một đất nước khác.","37","https://www.youtube.com/watch?v=bFBoIp8bXS8","0","VL2-06.01: Ai nên lo lắng với “thanh trừng sắc tộc"" của chính quyền Trump?","comment",,"9"
"@CavanLe-h3o","❤❤❤","37","https://www.youtube.com/watch?v=bFBoIp8bXS8","0","VL2-06.01: Ai nên lo lắng với “thanh trừng sắc tộc"" của chính quyền Trump?","comment",,"4"
"@CavanLe-h3o","❤❤❤","37","https://www.youtube.com/watch?v=bFBoIp8bXS8","0","VL2-06.01: Ai nên lo lắng với “thanh trừng sắc tộc"" của chính quyền Trump?","comment",,"4"
"@bayonco1699","Việc bắt cóc Maduro và vợ ông ta quả là một ý hay. Nhưng đó là tất cả những gì họ nghĩ đến. Không ai nghĩ đến chuyện gì sẽ xảy ra trong nước sau khi bắt cóc tổng thống. Làm sao để ""điều hành"" một đất nước mà giờ đây, từ các nhà lãnh đạo còn lại cho đến người dân, đều coi Trump là kẻ thù... 🤔🤔","37","https://www.youtube.com/watch?v=bFBoIp8bXS8","0","VL2-06.01: Ai nên lo lắng với “thanh trừng sắc tộc"" của chính quyền Trump?","comment",,"5"
"@lk-hb2ol","Nhà của JD Vance ở Ohio bị đập phá, nghi can bị bắt .

January 5, 2026 
The Hill

Nhà của Phó Tổng Thống JD Vance ở Ohio bị đập phá trong đêm và nghi can bị bắt, Sở Mật Vụ (USSS) loan báo hôm Thứ Hai, 5 Tháng Giêng, theo The Hill.
“Một người đàn ông bị Sở Cảnh Sát Cincinnati bắt giam sau khi gây hư hại tài sản, bao gồm làm bể cửa sổ trước nhà phó tổng thống,” USSS ra thông báo cho hay sáng sớm Thứ Hai.

Nghi can bị bắt không lâu sau nửa đêm, và ông Vance và gia đình ông không ở Ohio lúc đó, USSS xác nhận.

Nghi can là William Defoor, 26 tuổi, cư dân Crestview Hills, Kentucky, một giới chức công lực nói với hãng tin AP. Nghi can Defoor bị truy tố tội tiểu hình phá hoại, xâm phạm, làm hư hại tài sản và cản trở người thi hành công vụ, theo hồ sơ tòa án. Nghi can Defoor sẽ ra tòa vào Thứ Ba, theo AP.
Hai giới chức công lực cho AP hay tin,  USSS nghe tiếng động lớn tại nhà ông Vance khoảng nửa đêm và phát giác nghi can vừa mới dùng búa đập bể cửa sổ rồi đang tìm cách đột nhập.
Nghi can cũng phá hoại xe của USSS, một trong hai giới chức này cho biết.

Nguồn tin công lực liên bang nói với CNN giới chức đang điều tra xem ông Vance hoặc gia đình ông có phải mục tiêu hay không.
Trước khi làm phó tổng thống, ông Vance từng làm thượng nghị sĩ liên bang của Ohio. Ông đắc cử năm 2022 nhờ được Tổng Thống Donald Trump hậu thuẫn. 

Việc ông Trump ủng hộ ông Vance là đáng chú ý, vì ông Vance từng chỉ trích ông Trump.","37","https://www.youtube.com/watch?v=bFBoIp8bXS8","2","VL2-06.01: Ai nên lo lắng với “thanh trừng sắc tộc"" của chính quyền Trump?","comment",,"7"
"@lekimlieu2672","Don TACO do tuổi cao , bịnh nặng, sức yếu, biết ĂN KHÔNG ĐƯỢC NÊN PHÁ CHO HÔI .
Mong tất cả các lãnh đạo trên thế giới đừng bị cuốn vào chiến tranh thế giới lần thứ 3 , do một tên Vua Điên người Mỹ kích động.
Hy sinh mạng sống hàng triệu người một cách lãng xẹt.
                   😡😡😡","37","https://www.youtube.com/watch?v=bFBoIp8bXS8","0","VL2-06.01: Ai nên lo lắng với “thanh trừng sắc tộc"" của chính quyền Trump?","comment",,"6"
"@UncleJones75","Tôi già rồi, tôi không sợ, nhưng tôi chỉ lo cho các con, các cháu, dù sinh ra ở đây, nói như Mỹ rặt, nhưng biết đâu . . .thằng điên làm càn??","37","https://www.youtube.com/watch?v=bFBoIp8bXS8","1","VL2-06.01: Ai nên lo lắng với “thanh trừng sắc tộc"" của chính quyền Trump?","comment",,"10"
"@UncleJones75","Nếu cứ tiếp tục thế này, Trump có thể sẽ trở thành một nhà độc tài toàn diện. Ông ta đang tiến rất gần đến chủ nghĩa phát xít.","37","https://www.youtube.com/watch?v=bFBoIp8bXS8","0","VL2-06.01: Ai nên lo lắng với “thanh trừng sắc tộc"" của chính quyền Trump?","comment",,"7"
"@bayonco1699","Khi tôi thấy quyền hành pháp có thể làm được nhiều việc đến thế mà không cần bất kỳ sự giám sát dân chủ nào, tôi thấy giống như nước Mỹ đã chiến đấu giành độc lập chỉ để rồi cứ vài năm lại bầu ra một vị vua vậy.","37","https://www.youtube.com/watch?v=bFBoIp8bXS8","0","VL2-06.01: Ai nên lo lắng với “thanh trừng sắc tộc"" của chính quyền Trump?","comment",,"5"
"@UncleJones75","""TA LÀ MỘT NHÀ ĐỘC TÀI, TA KHÔNG QUAN TÂM QUỐC HỘI MUỐN GÌ!!!""
-- Nhà độc tài ""Kẻ trốn nghĩa vụ quân sự"" Donnie","37","https://www.youtube.com/watch?v=bFBoIp8bXS8","0","VL2-06.01: Ai nên lo lắng với “thanh trừng sắc tộc"" của chính quyền Trump?","comment",,"6"
"@UncleJones75","Tôi không muốn sống mãi mãi, tôi chỉ muốn sống lâu hơn Donald Trump.","37","https://www.youtube.com/watch?v=bFBoIp8bXS8","0","VL2-06.01: Ai nên lo lắng với “thanh trừng sắc tộc"" của chính quyền Trump?","comment",,"5"
"@pheonixtran2188","Việc Trump xuất khẩu lòng thù hận sang Mỹ Latinh, cùng với những hành vi lạm dụng người Mỹ Latinh một cách trắng trợn và hung hăng của ICE (Cơ quan Thực thi Di trú và Hải quan Hoa Kỳ), sẽ khiến người Mỹ Latinh phải đối mặt với sự giám sát tương tự hoặc thậm chí tồi tệ hơn.","37","https://www.youtube.com/watch?v=bFBoIp8bXS8","0","VL2-06.01: Ai nên lo lắng với “thanh trừng sắc tộc"" của chính quyền Trump?","comment",,"6"
"@MR.Q.911","HÌ HÌ!!! MỘT TÊN ĂN CƯỚP TRONG GIA ĐÌNH NATO???. BÓ TAY!!!😅😂🤣","37","https://www.youtube.com/watch?v=bFBoIp8bXS8","0","VL2-06.01: Ai nên lo lắng với “thanh trừng sắc tộc"" của chính quyền Trump?","comment",,"6"
