Source_Platform,URL,Content_Raw,Content_Cleaned,Like_count,Sentiment,Candidate,Target_Position,Field,Keyword
Facebook,https://www.facebook.com/100082081114673/posts/th%E1%BB%A7-t%C6%B0%E1%BB%9Bng-ph%E1%BA%A1m-minh-ch%C3%ADnh-l%C3%A0-ng%C6%B0%E1%BB%9Di-cu%E1%BB%91i-c%C3%B9ng-r%E1%BB%9Di-kh%E1%BB%8Fi-b%E1%BB%A5c-%C4%91o%C3%A0n-ch%E1%BB%A7-t%E1%BB%8Bch-%C4%91%E1%BA%A1i-h%E1%BB%99i-/892054943540535/,"Những câu nói ấn tượng của Thủ tướng Phạm Minh Chính:

1. Nhìn xa trông rộng, nghĩ sâu làm lớn
2. Chỉ bàn làm, không bàn lùi
3. Làm ngày không đủ, tranh thủ làm đêm
4. Làm ngày, làm đêm, làm thêm ngày nghỉ
5. Vượt nắng, thắng mưa, thực hiện ba ca, bốn kíp
6. Không nói không, không nói khó, không nói có mà không làm.
7. Biến không thành có, biến khó thành dễ, biến không thể thành có thể.

Cảm ơn Thủ tướng Phạm Minh Chính. Nhiệm kỳ của Thủ tướng là nhiệm kỳ không nghỉ! ❤",như ng câu no i â n tươ ng cu a thủ tướng pha m minh chi nh 1 nhìn xa trông rộng nghĩ sâu làm lớn 2 chi ba n la m không ba n lu i 3 la m nga y không đu tranh thu la m đêm 4 la m nga y la m đêm la m thêm nga y nghi 5 vươ t nă ng thă ng mưa thư c hiê n ba ca bô n ki p 6 không no i không không no i kho không no i co ma không la m 7 biê n không tha nh co biê n kho tha nh dê biê n không thê tha nh co thê cảm ơn thủ tướng phạm minh chính nhiệm kỳ của thủ tướng là nhiệm kỳ không nghỉ,15.0,Trung lập,Phạm Minh Chính,Thủ tướng (Tái cử),Khác,Không có từ khóa tiêu biểu
Facebook,https://www.facebook.com/100082081114673/posts/th%E1%BB%A7-t%C6%B0%E1%BB%9Bng-ph%E1%BA%A1m-minh-ch%C3%ADnh-l%C3%A0-ng%C6%B0%E1%BB%9Di-cu%E1%BB%91i-c%C3%B9ng-r%E1%BB%9Di-kh%E1%BB%8Fi-b%E1%BB%A5c-%C4%91o%C3%A0n-ch%E1%BB%A7-t%E1%BB%8Bch-%C4%91%E1%BA%A1i-h%E1%BB%99i-/892054943540535/,"Cả nước biết ơn TT Phạm Minh Chính. Quê hương Thanh Hóa tự hào về ông. Kính chúc ông luôn khỏe mạnh, hạnh phúc và tràn đầy niềm vui bên con cháu !",cả nước biết ơn tt phạm minh chính quê hương thanh hóa tự hào về ông kính chúc ông luôn khỏe mạnh hạnh phúc và tràn đầy niềm vui bên con cháu,7.0,Trung lập,Phạm Minh Chính,Thủ tướng (Tái cử),Khác,Không có từ khóa tiêu biểu
Facebook,https://www.facebook.com/100082081114673/posts/nh%C3%A2n-s%E1%BB%B1-t%E1%BA%A1i-%C4%91%E1%BA%A1i-h%E1%BB%99i-%C4%91%E1%BA%A3ng-vi%E1%BB%87c-l%E1%BB%9Bn-kh%C3%B4ng-th%E1%BB%83-nghe-tin-%C4%91%E1%BB%93n/868899802522716/,"Nhân sự của Đảng là việc hệ trọng bậc nhất, liên quan trực tiếp đến vận mệnh đất nước, niềm tin của nhân dân.

Những ngày gần đây, khi Trung ương chuẩn bị phương án nhân sự trình Đại hội XIV quyết định, vấn đề này càng thu hút sự quan tâm đặc biệt của dư luận. Cũng chính thời điểm nhạy cảm ấy, nhiều luồng thông tin nhiễu loạn xuất hiện, đòi hỏi xã hội phải tỉnh táo phân biệt đúng-sai, thật-giả.

Hội nghị lần thứ 15 Ban Chấp hành Trung ương Đảng khóa XIII diễn ra tại Hà Nội trong hai ngày 22-23/12, đã hoàn thành toàn bộ nội dung, chương trình đề ra. Ban Chấp hành Trung ương đã làm việc khẩn trương, nghiêm túc, với tinh thần trách nhiệm cao trước Đảng, trước nhân dân và trước lịch sử.

Các đại biểu tập trung trí tuệ, thẳng thắn, trung thực trong thảo luận, đánh giá và chuẩn bị kỹ phương án nhân sự để trình Đại hội XIV xem xét, quyết định bằng lá phiếu trách nhiệm. Tất cả đều ý thức rất rõ đây không chỉ là vấn đề nội bộ của Đảng mà là vấn đề hệ trọng, ảnh hưởng lâu dài đến vận mệnh của đất nước và niềm tin của nhân dân.

Chính vì vậy, công tác nhân sự được đặt ra với các yêu cầu đặc biệt cao, phải thật kỹ lưỡng, chắc chắn, thận trọng, chính xác, đúng quy định; là sự cân nhắc toàn diện, thấu đáo và cụ thể trên nhiều mặt, gắn với yêu cầu nhiệm vụ trong giai đoạn mới của đất nước. Đây không phải là chuyện ngẫu hứng hay quyết định mang tính cảm tính, mà đây là kết quả của cả một quá trình chuẩn bị kỹ lưỡng, tuân thủ đúng nguyên tắc, điều lệ và tiêu chuẩn của Đảng.

Nhiệm vụ đặc biệt hệ trọng ấy, như Tổng Bí thư Tô Lâm đã nêu rõ, là trách nhiệm rất lớn của các Ủy viên Trung ương cũng như của toàn Đảng. Việc lựa chọn nhân sự Ban lãnh đạo cao nhất của Đảng để lãnh đạo triển khai thực hiện các mục tiêu, nhiệm vụ rất cao, rất quyết liệt, rất khẩn trương để phát triển đất nước trong giai đoạn mới phải thật kỹ lưỡng, chắc chắn, thận trọng, chính xác, đúng quy định như Ban Chấp hành Trung ương Đảng đã từng yêu cầu trong các hội nghị Trung ương trước đây.

Khi bế mạc Hội nghị Trung ương 15, Tổng Bí thư Tô Lâm tiếp tục khẳng định: Ban Chấp hành Trung ương Đảng đã thống nhất thông qua báo cáo về công tác nhân sự của Đảng để báo cáo Đại hội lần thứ XIV của Đảng và biểu quyết thông qua với số phiếu tập trung cao nhân sự giới thiệu tham gia Ban Chấp hành Trung ương khóa XIV, giới thiệu nhân sự tham gia Bộ Chính trị, Ban Bí thư, lãnh đạo chủ chốt của Đảng và Nhà nước nhiệm kỳ 2026-2031 để trình Đại hội Đại biểu toàn quốc lần thứ lần thứ XIV của Đảng xem xét, quyết định và tổ chức bầu cử theo điều lệ và quy định của Đảng.

Những khẳng định đó là minh chứng cho thái độ làm việc nghiêm túc, khoa học của Đảng trong công tác chuẩn bị nhân sự cho sự kiện trọng đại của đất nước. Đồng thời cho thấy sự đoàn kết, thống nhất cao và chất lượng tốt của toàn bộ chương trình làm việc. Các đồng chí Ủy viên Trung ương đã thể hiện tinh thần trách nhiệm của người Đảng viên trước Đảng, nhân dân và trước tương lai của đất nước.

Thế nhưng, ngay trong một tiến trình minh bạch, khách quan và chặt chẽ về công tác nhân sự như vậy mà vẫn xuất hiện những luận điệu xuyên tạc, tung tin giả của các thế lực thù địch và phần tử cơ hội chính trị. Những thông tin đó không xuất phát từ thiện chí xây dựng, mà nhằm mục đích gieo rắc hoài nghi, chia rẽ nội bộ, gây mất đoàn kết, làm suy giảm niềm tin trong xã hội.

Không khó để nhận thấy đây là phương thức quen thuộc ""tung hỏa mù"" của các thế lực thù địch trước thềm các sự kiện trọng đại của đất nước. Chúng lợi dụng những vấn đề đang được dư luận quan tâm để bóp méo, xuyên tạc sự thật. Như ở Hội nghị Trung ương 15 này, các đối tượng đã tạo dựng ""nguồn tin nội bộ"" giả, danh sách nhân sự đã ""chốt"", phát tán ""kịch bản nhân sự"" bịa đặt, tài liệu ""lộ"" nhằm đánh lừa dư luận. Một số kẻ tự khoác lên mình danh xưng ""học giả,"" ""luật sư,"" ""nhà báo tự do"" nhằm tạo vỏ bọc và uy tín giả cho các thông tin sai lệch.

Thế nên lý trí, điềm tĩnh và tỉnh táo là cách ứng xử cần thiết của xã hội trước những thông tin trái chiều. Việc đặc biệt hệ trọng của đất nước thì càng không thể và không bao giờ được nhìn nhận, chia sẻ từ tin đồn!

Nhân sự là ""then chốt của then chốt."" Công tác này đã và đang được Trung ương Đảng đánh giá kỹ lưỡng, căn cứ vào yêu cầu nhiệm vụ trong thời kỳ mới và tuân thủ nghiêm túc quy trình tổ chức. Khi Đại hội XIV diễn ra, quyền quyết định cuối cùng thuộc về đại biểu dự Đại hội - những đảng viên ưu tú đại diện ý chí của toàn Đảng. Đó chính là biểu hiện sinh động của dân chủ trong Đảng, đáp ứng niềm tin của nhân dân và phù hợp với truyền thống xây dựng, chỉnh đốn Đảng trong suốt lịch sử cách mạng Việt Nam.

Trong bối cảnh cả nước đang chuẩn bị bước vào một giai đoạn phát triển mới với nhiều cơ hội và kỳ vọng lớn lao, việc giữ vững sự tỉnh táo trước tin giả, tin đồn, trước những luận điệu xuyên tạc không chỉ là tiếng nói của lý trí, mà còn là tiếng nói của trách nhiệm với tương lai đất nước. Những quyết sách quan trọng của Đảng đã đưa đất nước ta ""chưa bao giờ có được cơ đồ, tiềm lực, vị thế như hiện nay.""

Đất nước phát triển, đời sống nhân dân ngày càng nâng cao là minh chứng rõ ràng nhất về sự lãnh đạo đúng đắn của Đảng. Nhân dân Việt Nam có cơ sở để tin tưởng rằng, mọi việc lớn của Đảng, vì lợi ích chung của dân tộc, của đất nước đều sẽ được thực hiện một cách chặt chẽ, cẩn trọng, khoa học và đem lại kết quả tốt đẹp cho sự nghiệp phát triển bền vững của đất nước./.

Nguồn: Vietnamplus",nhân sự của đảng là việc hệ trọng bậc nhất liên quan trực tiếp đến vận mệnh đất nước niềm tin của nhân dân những ngày gần đây khi trung ương chuẩn bị phương án nhân sự trình đại hội xiv quyết định vấn đề này càng thu hút sự quan tâm đặc biệt của dư luận cũng chính thời điểm nhạy cảm ấy nhiều luồng thông tin nhiễu loạn xuất hiện đòi hỏi xã hội phải tỉnh táo phân biệt đúng sai thật giả hội nghị lần thứ 15 ban chấp hành trung ương đảng khóa xiii diễn ra tại hà nội trong hai ngày 22 23 12 đã hoàn thành toàn bộ nội dung chương trình đề ra ban chấp hành trung ương đã làm việc khẩn trương nghiêm túc với tinh thần trách nhiệm cao trước đảng trước nhân dân và trước lịch sử các đại biểu tập trung trí tuệ thẳng thắn trung thực trong thảo luận đánh giá và chuẩn bị kỹ phương án nhân sự để trình đại hội xiv xem xét quyết định bằng lá phiếu trách nhiệm tất cả đều ý thức rất rõ đây không chỉ là vấn đề nội bộ của đảng mà là vấn đề hệ trọng ảnh hưởng lâu dài đến vận mệnh của đất nước và niềm tin của nhân dân chính vì vậy công tác nhân sự được đặt ra với các yêu cầu đặc biệt cao phải thật kỹ lưỡng chắc chắn thận trọng chính xác đúng quy định là sự cân nhắc toàn diện thấu đáo và cụ thể trên nhiều mặt gắn với yêu cầu nhiệm vụ trong giai đoạn mới của đất nước đây không phải là chuyện ngẫu hứng hay quyết định mang tính cảm tính mà đây là kết quả của cả một quá trình chuẩn bị kỹ lưỡng tuân thủ đúng nguyên tắc điều lệ và tiêu chuẩn của đảng nhiệm vụ đặc biệt hệ trọng ấy như tổng bí thư tô lâm đã nêu rõ là trách nhiệm rất lớn của các ủy viên trung ương cũng như của toàn đảng việc lựa chọn nhân sự ban lãnh đạo cao nhất của đảng để lãnh đạo triển khai thực hiện các mục tiêu nhiệm vụ rất cao rất quyết liệt rất khẩn trương để phát triển đất nước trong giai đoạn mới phải thật kỹ lưỡng chắc chắn thận trọng chính xác đúng quy định như ban chấp hành trung ương đảng đã từng yêu cầu trong các hội nghị trung ương trước đây khi bế mạc hội nghị trung ương 15 tổng bí thư tô lâm tiếp tục khẳng định ban chấp hành trung ương đảng đã thống nhất thông qua báo cáo về công tác nhân sự của đảng để báo cáo đại hội lần thứ xiv của đảng và biểu quyết thông qua với số phiếu tập trung cao nhân sự giới thiệu tham gia ban chấp hành trung ương khóa xiv giới thiệu nhân sự tham gia bộ chính trị ban bí thư lãnh đạo chủ chốt của đảng và nhà nước nhiệm kỳ 2026 2031 để trình đại hội đại biểu toàn quốc lần thứ lần thứ xiv của đảng xem xét quyết định và tổ chức bầu cử theo điều lệ và quy định của đảng những khẳng định đó là minh chứng cho thái độ làm việc nghiêm túc khoa học của đảng trong công tác chuẩn bị nhân sự cho sự kiện trọng đại của đất nước đồng thời cho thấy sự đoàn kết thống nhất cao và chất lượng tốt của toàn bộ chương trình làm việc các đồng chí ủy viên trung ương đã thể hiện tinh thần trách nhiệm của người đảng viên trước đảng nhân dân và trước tương lai của đất nước thế nhưng ngay trong một tiến trình minh bạch khách quan và chặt chẽ về công tác nhân sự như vậy mà vẫn xuất hiện những luận điệu xuyên tạc tung tin giả của các thế lực thù địch và phần tử cơ hội chính trị những thông tin đó không xuất phát từ thiện chí xây dựng mà nhằm mục đích gieo rắc hoài nghi chia rẽ nội bộ gây mất đoàn kết làm suy giảm niềm tin trong xã hội không khó để nhận thấy đây là phương thức quen thuộc tung hỏa mù của các thế lực thù địch trước thềm các sự kiện trọng đại của đất nước chúng lợi dụng những vấn đề đang được dư luận quan tâm để bóp méo xuyên tạc sự thật như ở hội nghị trung ương 15 này các đối tượng đã tạo dựng nguồn tin nội bộ giả danh sách nhân sự đã chốt phát tán kịch bản nhân sự bịa đặt tài liệu lộ nhằm đánh lừa dư luận một số kẻ tự khoác lên mình danh xưng học giả luật sư nhà báo tự do nhằm tạo vỏ bọc và uy tín giả cho các thông tin sai lệch thế nên lý trí điềm tĩnh và tỉnh táo là cách ứng xử cần thiết của xã hội trước những thông tin trái chiều việc đặc biệt hệ trọng của đất nước thì càng không thể và không bao giờ được nhìn nhận chia sẻ từ tin đồn nhân sự là then chốt của then chốt công tác này đã và đang được trung ương đảng đánh giá kỹ lưỡng căn cứ vào yêu cầu nhiệm vụ trong thời kỳ mới và tuân thủ nghiêm túc quy trình tổ chức khi đại hội xiv diễn ra quyền quyết định cuối cùng thuộc về đại biểu dự đại hội những đảng viên ưu tú đại diện ý chí của toàn đảng đó chính là biểu hiện sinh động của dân chủ trong đảng đáp ứng niềm tin của nhân dân và phù hợp với truyền thống xây dựng chỉnh đốn đảng trong suốt lịch sử cách mạng việt nam trong bối cảnh cả nước đang chuẩn bị bước vào một giai đoạn phát triển mới với nhiều cơ hội và kỳ vọng lớn lao việc giữ vững sự tỉnh táo trước tin giả tin đồn trước những luận điệu xuyên tạc không chỉ là tiếng nói của lý trí mà còn là tiếng nói của trách nhiệm với tương lai đất nước những quyết sách quan trọng của đảng đã đưa đất nước ta chưa bao giờ có được cơ đồ tiềm lực vị thế như hiện nay đất nước phát triển đời sống nhân dân ngày càng nâng cao là minh chứng rõ ràng nhất về sự lãnh đạo đúng đắn của đảng nhân dân việt nam có cơ sở để tin tưởng rằng mọi việc lớn của đảng vì lợi ích chung của dân tộc của đất nước đều sẽ được thực hiện một cách chặt chẽ cẩn trọng khoa học và đem lại kết quả tốt đẹp cho sự nghiệp phát triển bền vững của đất nước nguồn vietnamplus,53.0,Tích cực,Tô Lâm,Tổng Bí thư / Chủ tịch nước,Nhân sự - Quyền lực,"[+] tin tưởng, quyết liệt, kỳ vọng | [-] mất đoàn kết, loạn"
Facebook,https://www.facebook.com/tifosihpo/posts/v%E1%BA%ADy-l%C3%A0-th%E1%BB%A7-t%C6%B0%E1%BB%9Bng-ph%E1%BA%A1m-minh-ch%C3%ADnh-%C4%91%C3%A3-kh%C3%B4ng-tr%E1%BB%9F-th%C3%A0nh-%E1%BB%A7y-vi%C3%AAn-trung-%C6%B0%C6%A1ng-%C4%91%E1%BA%A3ng-kh%C3%B3a/873519945310593/,"Ông Chính là một trong những lãnh đạo năng nổ, nhiệt huyết. Ông rất mạnh trong ngoại giao, xử lý vấn đề và các công tác yêu cầu sự quyết liệt. Ông được người dân yêu quý vì những điểm này.

Tuy nhiên, trong thời kỳ mới này, chúng ta cần một thủ tướng mạnh hơn về hoạch định kinh tế và chính sách. Hi vọng ông Hưng sẽ phù hợp với vị trí này hơn ông Chính.",ông chính là một trong những lãnh đạo năng nổ nhiệt huyết ông rất mạnh trong ngoại giao xử lý vấn đề và các công tác yêu cầu sự quyết liệt ông được người dân yêu quý vì những điểm này tuy nhiên trong thời kỳ mới này chúng ta cần một thủ tướng mạnh hơn về hoạch định kinh tế và chính sách hi vọng ông hưng sẽ phù hợp với vị trí này hơn ông chính,177.0,Tích cực,Lê Minh Hưng,Thủ tướng,Kinh tế - Tài chính,[+] quyết liệt
Facebook,https://www.facebook.com/Haucanquankhu4/posts/v%E1%BA%ADy-l%C3%A0-th%E1%BB%A7-t%C6%B0%E1%BB%9Bng-ph%E1%BA%A1m-minh-ch%C3%ADnh-%C4%91%C3%A3-kh%C3%B4ng-tr%E1%BB%9F-th%C3%A0nh-%E1%BB%A7y-vi%C3%AAn-trung-%C6%B0%C6%A1ng-%C4%91%E1%BA%A3ng-kh%C3%B3a/1205987361664170/,"Hồi xưa Thủ tướng Phạm Văn Đồng được dân gọi bác, thời nay dân cũng gọi Thủ tướng Phạm Minh Chính là bác - Những người đáng kính!",hồi xưa thủ tướng phạm văn đồng được dân gọi bác thời nay dân cũng gọi thủ tướng phạm minh chính là bác những người đáng kính,25.0,Trung lập,Phạm Minh Chính,Thủ tướng (Tái cử),Khác,Không có từ khóa tiêu biểu
Facebook,https://www.facebook.com/Haucanquankhu4/posts/v%E1%BA%ADy-l%C3%A0-th%E1%BB%A7-t%C6%B0%E1%BB%9Bng-ph%E1%BA%A1m-minh-ch%C3%ADnh-%C4%91%C3%A3-kh%C3%B4ng-tr%E1%BB%9F-th%C3%A0nh-%E1%BB%A7y-vi%C3%AAn-trung-%C6%B0%C6%A1ng-%C4%91%E1%BA%A3ng-kh%C3%B3a/1205987361664170/,"Từ hôm qua sau khi phương tiện thông tin chính thống chính thức công bố 200 UVBCHTW đảng khóa tới không có tên thủ tướng chính phủ Phạm Minh Chính thì mạng xã hội đã bùng nổ, tràn ngập các bài viết của người dân thể hiện sự tiếc nuối, ca ngợi công lao, ghi nhận sự lãnh đạo tài tình của ông trong 1 nhiệm kỳ đặc biệt khó khăn, điều đó nói lên tất cả ông là một lãnh đạo, tài đức vẹn toàn, 1 lãnh đạo vì dân, được nhân dân tin yêu, kính trọng. Kính chúc ông về nghỉ hưu an hưởng tuổi già luôn vui khỏe, an lành, hạnh phúc bên gia đình.",từ hôm qua sau khi phương tiện thông tin chính thống chính thức công bố 200 uvbchtw đảng khóa tới không có tên thủ tướng chính phủ phạm minh chính thì mạng xã hội đã bùng nổ tràn ngập các bài viết của người dân thể hiện sự tiếc nuối ca ngợi công lao ghi nhận sự lãnh đạo tài tình của ông trong 1 nhiệm kỳ đặc biệt khó khăn điều đó nói lên tất cả ông là một lãnh đạo tài đức vẹn toàn 1 lãnh đạo vì dân được nhân dân tin yêu kính trọng kính chúc ông về nghỉ hưu an hưởng tuổi già luôn vui khỏe an lành hạnh phúc bên gia đình,21.0,Tích cực,Phạm Minh Chính,Thủ tướng (Tái cử),Khác,"[+] tài đức, vì dân | [-] khó khăn"
Facebook,https://www.facebook.com/Haucanquankhu4/posts/v%E1%BA%ADy-l%C3%A0-th%E1%BB%A7-t%C6%B0%E1%BB%9Bng-ph%E1%BA%A1m-minh-ch%C3%ADnh-%C4%91%C3%A3-kh%C3%B4ng-tr%E1%BB%9F-th%C3%A0nh-%E1%BB%A7y-vi%C3%AAn-trung-%C6%B0%C6%A1ng-%C4%91%E1%BA%A3ng-kh%C3%B3a/1205987361664170/,"Bất cứ cương vị lãnh đạo nào khi nghỉ hưu mà nhân dân muốn ông tiếp tục công tác là một điều đáng trân trọng và đáng quý . Nhưng ông cha đã nói “Quan nhất thời Dân vạn đại “ Ông Chính đã hoàn thành xuất sắc nhiệm vụ trong các đời thủ tướng  , rất chân trọng chúc ông khỏe và thanh thảnh nghỉ vui .",bất cứ cương vị lãnh đạo nào khi nghỉ hưu mà nhân dân muốn ông tiếp tục công tác là một điều đáng trân trọng và đáng quý nhưng ông cha đã nói quan nhất thời dân vạn đại ông chính đã hoàn thành xuất sắc nhiệm vụ trong các đời thủ tướng rất chân trọng chúc ông khỏe và thanh thảnh nghỉ vui,9.0,Trung lập,Phạm Minh Chính,Thủ tướng (Tái cử),Khác,Không có từ khóa tiêu biểu
Facebook,https://www.facebook.com/Haucanquankhu4/posts/v%E1%BA%ADy-l%C3%A0-th%E1%BB%A7-t%C6%B0%E1%BB%9Bng-ph%E1%BA%A1m-minh-ch%C3%ADnh-%C4%91%C3%A3-kh%C3%B4ng-tr%E1%BB%9F-th%C3%A0nh-%E1%BB%A7y-vi%C3%AAn-trung-%C6%B0%C6%A1ng-%C4%91%E1%BA%A3ng-kh%C3%B3a/1205987361664170/,"Mấy chục năm qua VN chưa có vị thủ tướng nào được dân quí , kính trọng , gần gũi như người thân , như thủ tướng Phạm minh Chính . Hy vọng sau này ai làm thủ tướng cũng làm được như ô Chính đã làm",mấy chục năm qua vn chưa có vị thủ tướng nào được dân quí kính trọng gần gũi như người thân như thủ tướng phạm minh chính hy vọng sau này ai làm thủ tướng cũng làm được như ô chính đã làm,13.0,Trung lập,Phạm Minh Chính,Thủ tướng (Tái cử),Khác,Không có từ khóa tiêu biểu
Facebook,https://www.facebook.com/100082081114673/posts/kh%C3%A9p-l%E1%BA%A1i-vai-tr%C3%B2-trung-%C6%B0%C6%A1ngth%E1%BB%A7-t%C6%B0%E1%BB%9Bng-ph%E1%BA%A1m-minh-ch%C3%ADnh-kh%C3%B4ng-c%C3%B3-t%C3%AAn-trong-danh-s%C3%A1c/890922066987156/,"Tại sao Thủ tướng phạm Minh Chính một con người đứng đầu chính phủ không cơ cấu vào BCHTW khoá XlV vì đã đến tuổi nghỉ hưu, nhưng người dân vẫn hy vọng có một ngoại lệ đối với ông và muốn ông tiếp tục làm thêm một một nhiệm kỳ thủ tướng CP. Có thể nói đây là một hiện tượng khá thú vị và kỳ lạ nhất từ trước đến nay ở Việt Nam. Người dân họ không nói ra nhưng trong lòng họ rất hiểu biết và rất quan tâm đến tình hình chính trị Việt Nam. Rõ ràng Thủ tướng Phạm Minh Chính làm thủ tướng Chính phủ chưa trọn một nhiệm kỳ. nhưng đã để lại một dấu ấn sâu sắc trong lòng người dân và bạn bè quốc tế.
Cảm ơn ông Thủ tướng CP vị Thủ tướng trong lòng Nhân Dân ""vì nước quên thân, vì dân phục vụ"".
""Đi dân nhớ, ở dân thương"" !",tại sao thủ tướng phạm minh chính một con người đứng đầu chính phủ không cơ cấu vào bchtw khoá xlv vì đã đến tuổi nghỉ hưu nhưng người dân vẫn hy vọng có một ngoại lệ đối với ông và muốn ông tiếp tục làm thêm một một nhiệm kỳ thủ tướng cp có thể nói đây là một hiện tượng khá thú vị và kỳ lạ nhất từ trước đến nay ở việt nam người dân họ không nói ra nhưng trong lòng họ rất hiểu biết và rất quan tâm đến tình hình chính trị việt nam rõ ràng thủ tướng phạm minh chính làm thủ tướng chính phủ chưa trọn một nhiệm kỳ nhưng đã để lại một dấu ấn sâu sắc trong lòng người dân và bạn bè quốc tế cảm ơn ông thủ tướng cp vị thủ tướng trong lòng nhân dân vì nước quên thân vì dân phục vụ đi dân nhớ ở dân thương,47.0,Tích cực,Phạm Minh Chính,Thủ tướng (Tái cử),Khác,[+] vì dân
Facebook,https://www.facebook.com/100082081114673/posts/kh%C3%A9p-l%E1%BA%A1i-vai-tr%C3%B2-trung-%C6%B0%C6%A1ngth%E1%BB%A7-t%C6%B0%E1%BB%9Bng-ph%E1%BA%A1m-minh-ch%C3%ADnh-kh%C3%B4ng-c%C3%B3-t%C3%AAn-trong-danh-s%C3%A1c/890922066987156/,Sau Cố Tổng Bí Thư yêu quý giờ mới có 1 Vị Thủ Tướng trong trái tim,sau cố tổng bí thư yêu quý giờ mới có 1 vị thủ tướng trong trái tim,28.0,Trung lập,Tô Lâm,Tổng Bí thư / Chủ tịch nước,Khác,Không có từ khóa tiêu biểu
Facebook,https://www.facebook.com/100082081114673/posts/kh%C3%A9p-l%E1%BA%A1i-vai-tr%C3%B2-trung-%C6%B0%C6%A1ngth%E1%BB%A7-t%C6%B0%E1%BB%9Bng-ph%E1%BA%A1m-minh-ch%C3%ADnh-kh%C3%B4ng-c%C3%B3-t%C3%AAn-trong-danh-s%C3%A1c/890922066987156/,"Thủ tướng Phạm Minh Chính đúng là bậc Đại trí, Đại nhân, Đại dũng. Thủ tướng của lòng dân, người bạn thân tình của bè bạn quốc tế. Người để lại dấu ấn nhiệm kỳ sâu sắc và đậm nét vì dân vì nước. Và giờ đây Bác xin nghỉ cũng ""RẤT ĐẸP"" nhưng để lại sự tiếc nuối trong lòng dân. Dân tộc ta, Nhân dân ta và bè bạn năm châu sẽ mãi nhớ về công lao to lớn của Bác. Chúc Bác nghỉ ngơi vui, khỏe!",thủ tướng phạm minh chính đúng là bậc đại trí đại nhân đại dũng thủ tướng của lòng dân người bạn thân tình của bè bạn quốc tế người để lại dấu ấn nhiệm kỳ sâu sắc và đậm nét vì dân vì nước và giờ đây bác xin nghỉ cũng rất đẹp nhưng để lại sự tiếc nuối trong lòng dân dân tộc ta nhân dân ta và bè bạn năm châu sẽ mãi nhớ về công lao to lớn của bác chúc bác nghỉ ngơi vui khỏe,4.0,Tích cực,Phạm Minh Chính,Thủ tướng (Tái cử),Khác,[+] vì dân
Facebook,https://www.facebook.com/transanglap.vn/posts/kh%C3%A9p-l%E1%BA%A1i-vai-tr%C3%B2-trung-%C6%B0%C6%A1ngth%E1%BB%A7-t%C6%B0%E1%BB%9Bng-ph%E1%BA%A1m-minh-ch%C3%ADnh-kh%C3%B4ng-c%C3%B3-t%C3%AAn-trong-danh-s%C3%A1c/871193578829121/,"Tôi thấy hụt hẫng khi Bác Chính ko vào ủy viên TW! Nhưng chợt nhận ra Bác tuổi đã cao dành chổ cho lớp trẻ năng động, cũng như cố Tổng bí thư Nguyễn Văn Linh linh hồn của đường lối đổi mới chỉ làm một nhiệm kì, mặc dù Đảng yêu cầu ở lại. Nhưng Bác kiên quyết từ chối vì tuổi cao để tạo tiền lệ tốt cho Đảng. Nhân dân ngưỡng mộ cả hai Bác Tài Đức vẹn toàn!!!",tôi thấy hụt hẫng khi bác chính ko vào ủy viên tw nhưng chợt nhận ra bác tuổi đã cao dành chổ cho lớp trẻ năng động cũng như cố tổng bí thư nguyễn văn linh linh hồn của đường lối đổi mới chỉ làm một nhiệm kì mặc dù đảng yêu cầu ở lại nhưng bác kiên quyết từ chối vì tuổi cao để tạo tiền lệ tốt cho đảng nhân dân ngưỡng mộ cả hai bác tài đức vẹn toàn,9.0,Tích cực,Tô Lâm,Tổng Bí thư / Chủ tịch nước,Khác,"[+] tài đức, đổi mới, ngưỡng mộ"
Facebook,https://www.facebook.com/transanglap.vn/posts/kh%C3%A9p-l%E1%BA%A1i-vai-tr%C3%B2-trung-%C6%B0%C6%A1ngth%E1%BB%A7-t%C6%B0%E1%BB%9Bng-ph%E1%BA%A1m-minh-ch%C3%ADnh-kh%C3%B4ng-c%C3%B3-t%C3%AAn-trong-danh-s%C3%A1c/871193578829121/,"T T PMC nghỉ hưu, chiếc ghế của ô khó có người thay thế ! Đó là tính quyết liệt, quyết đoán,năng nổ, tâm huyết ,lợi khẩu và nhất là bản lĩnh dám làm dám chịu. Những Đại D A do  Ô khởi xướng còn dang dở như : SB. Long Thành, ĐSCT Bắc - Nam và bao D A tiền Tỷ U S D khác ...khi Ô nghỉ hưu rồi,  liệu có đảm bảo tiến độ không ? Một sự lạc quan dè dặt ! Trong các đời T T từ ngày lập nước  năm 1945 đến nay ngoải cây đại thụ cố TT Phạm Văn Đồng ra N D VN đã đang và sẽ còn nhắc  để  tri ân   tên cố TT Võ Văn Kiệt và Ô   Phạm Minh Chính  như là 1 mệnh lệnh của trái tim và sự đòi hỏi của lý trí !",t t pmc nghỉ hưu chiếc ghế của ô khó có người thay thế đó là tính quyết liệt quyết đoán năng nổ tâm huyết lợi khẩu và nhất là bản lĩnh dám làm dám chịu những đại d a do ô khởi xướng còn dang dở như sb long thành đsct bắc nam và bao d a tiền tỷ u s d khác khi ô nghỉ hưu rồi liệu có đảm bảo tiến độ không một sự lạc quan dè dặt trong các đời t t từ ngày lập nước năm 1945 đến nay ngoải cây đại thụ cố tt phạm văn đồng ra n d vn đã đang và sẽ còn nhắc để tri ân tên cố tt võ văn kiệt và ô phạm minh chính như là 1 mệnh lệnh của trái tim và sự đòi hỏi của lý trí,9.0,Tích cực,Phạm Minh Chính,Thủ tướng (Tái cử),Uy tín - Đời tư,"[+] quyết liệt, bản lĩnh, tâm huyết"
Facebook,https://www.facebook.com/100069223899636/posts/th%E1%BB%A7-t%C6%B0%E1%BB%9Bng-ph%E1%BA%A1m-minh-ch%C3%ADnh-kh%C3%A9p-l%E1%BA%A1i-vai-tr%C3%B2-nhi%E1%BB%87m-v%E1%BB%A5-trung-%C6%B0%C6%A1ngth%E1%BB%A7-t%C6%B0%E1%BB%9Bng-ph%E1%BA%A1m-min/1201275685523217/,Thấy buồn và tiếc khi ông PHẠM MINH CHÍNH không làm tiếp nhiệm kỳ nữa!,thấy buồn và tiếc khi ông phạm minh chính không làm tiếp nhiệm kỳ nữa,2.0,Trung lập,Phạm Minh Chính,Thủ tướng (Tái cử),Khác,Không có từ khóa tiêu biểu
Facebook,https://www.facebook.com/100069223899636/posts/th%E1%BB%A7-t%C6%B0%E1%BB%9Bng-ph%E1%BA%A1m-minh-ch%C3%ADnh-kh%C3%A9p-l%E1%BA%A1i-vai-tr%C3%B2-nhi%E1%BB%87m-v%E1%BB%A5-trung-%C6%B0%C6%A1ngth%E1%BB%A7-t%C6%B0%E1%BB%9Bng-ph%E1%BA%A1m-min/1201275685523217/,Hiền tài là nguyên khí của quốc gia! Bác Phạm Minh Chính là một hiền tài!,hiền tài là nguyên khí của quốc gia bác phạm minh chính là một hiền tài,5.0,Trung lập,Phạm Minh Chính,Thủ tướng (Tái cử),Khác,Không có từ khóa tiêu biểu
Facebook,https://www.facebook.com/100069223899636/posts/th%E1%BB%A7-t%C6%B0%E1%BB%9Bng-ph%E1%BA%A1m-minh-ch%C3%ADnh-kh%C3%A9p-l%E1%BA%A1i-vai-tr%C3%B2-nhi%E1%BB%87m-v%E1%BB%A5-trung-%C6%B0%C6%A1ngth%E1%BB%A7-t%C6%B0%E1%BB%9Bng-ph%E1%BA%A1m-min/1201275685523217/,"Từ hôm qua sau khi phương tiện thông tin chính thống chính thức công bố 200 UVBCHTW đảng khóa tới không có tên thủ tướng chính phủ Phạm Minh Chính thì mạng xã hội đã bùng nổ, tràn ngập các bài viết của người dân thể hiện sự tiếc nuối, ca ngợi công lao, ghi nhận sự lãnh đạo tài tình của ông trong 1 nhiệm kỳ đặc biệt khó khăn, điều đó nói lên tất cả ông là một lãnh đạo, tài đức vẹn toàn, 1 lãnh đạo vì dân, được nhân dân tin yêu, kính trọng. Kính chúc ông về nghỉ hưu an hưởng tuổi già luôn vui khỏe, an lành, hạnh phúc bên gia đình.",từ hôm qua sau khi phương tiện thông tin chính thống chính thức công bố 200 uvbchtw đảng khóa tới không có tên thủ tướng chính phủ phạm minh chính thì mạng xã hội đã bùng nổ tràn ngập các bài viết của người dân thể hiện sự tiếc nuối ca ngợi công lao ghi nhận sự lãnh đạo tài tình của ông trong 1 nhiệm kỳ đặc biệt khó khăn điều đó nói lên tất cả ông là một lãnh đạo tài đức vẹn toàn 1 lãnh đạo vì dân được nhân dân tin yêu kính trọng kính chúc ông về nghỉ hưu an hưởng tuổi già luôn vui khỏe an lành hạnh phúc bên gia đình,2.0,Tích cực,Phạm Minh Chính,Thủ tướng (Tái cử),Khác,"[+] tài đức, vì dân | [-] khó khăn"
Facebook,https://www.facebook.com/thongtinchinhphu/posts/-th%E1%BB%A7-t%C6%B0%E1%BB%9Bng-ph%E1%BA%A1m-minh-ch%C3%ADnh-trao-quy%E1%BA%BFt-%C4%91%E1%BB%8Bnh-b%E1%BB%95-nhi%E1%BB%87m-v%C3%A0-giao-nhi%E1%BB%87m-v%E1%BB%A5-cho-2-ph%C3%B3-t/1282183997279711/,"Sáng 25/10, Thủ tướng Chính phủ Phạm Minh Chính chủ trì lễ công bố các Quyết định bổ nhiệm các Phó Thủ tướng Chính phủ: Phạm Thị Thanh Trà, Hồ Quốc Dũng; Bộ trưởng các Bộ: Ngoại giao, Nội vụ, Nông nghiệp và Môi trường.

Cùng tham dự có các đồng chí Ủy viên Bộ Chính trị, Bí thư Trung ương Đảng, Ủy viên Trung ương Đảng, các Phó Thủ tướng Chính phủ, Phó Bí thư Đảng ủy Chính phủ, các thành viên Chính phủ, lãnh đạo các bộ, ngành, cơ quan Trung ương và địa phương.",sáng 25 10 thủ tướng chính phủ phạm minh chính chủ trì lễ công bố các quyết định bổ nhiệm các phó thủ tướng chính phủ phạm thị thanh trà hồ quốc dũng bộ trưởng các bộ ngoại giao nội vụ nông nghiệp và môi trường cùng tham dự có các đồng chí ủy viên bộ chính trị bí thư trung ương đảng ủy viên trung ương đảng các phó thủ tướng chính phủ phó bí thư đảng ủy chính phủ các thành viên chính phủ lãnh đạo các bộ ngành cơ quan trung ương và địa phương,88.0,Trung lập,Phạm Minh Chính,Thủ tướng (Tái cử),Nhân sự - Quyền lực,Không có từ khóa tiêu biểu
Facebook,https://www.facebook.com/BBCnewsVietnamese/posts/trung-%C6%B0%C6%A1ng-gi%E1%BB%9Bi-thi%E1%BB%87u-nh%C3%A2n-s%E1%BB%B1-l%C3%A3nh-%C4%91%E1%BA%A1o-nh%C3%A0-n%C6%B0%E1%BB%9Bc-nhi%E1%BB%87m-k%E1%BB%B3-m%E1%BB%9Bitrong-ng%C3%A0y-l%C3%A0m-vi%E1%BB%87c-/1367310095435264/,Mình sẽ bầu ông làm tổng bí thư + chủ tịch nước và kiêm luôn thủ tướng chính phủ là tuyệt vời nhất,mình sẽ bầu ông làm tổng bí thư chủ tịch nước và kiêm luôn thủ tướng chính phủ là tuyệt vời nhất,4.0,Tích cực,Phạm Minh Chính,Thủ tướng (Tái cử),Khác,[+] tuyệt vời
Facebook,https://www.facebook.com/BBCnewsVietnamese/posts/tr%C6%B0%E1%BB%9Fng-ban-t%E1%BB%95-ch%E1%BB%A9c-l%C3%AA-minh-h%C6%B0ng-v%C3%A0o-t%E1%BA%A7m-ng%E1%BA%AFm-gh%E1%BA%BF-n%C3%B3ng%C4%91%E1%BB%99ng-th%C3%A1i-r%C3%BAt-ng%E1%BA%AFn-th%E1%BB%9Di-gia/1315407470625527/,"Chân dung ông Lê Minh Hưng:
https://www.bbc.com/vietnamese/articles/cz7npeepzdeo",chân dung ông lê minh hưng,10.0,Trung lập,Lê Minh Hưng,Thủ tướng,Khác,Không có từ khóa tiêu biểu
Facebook,https://www.facebook.com/BBCnewsVietnamese/posts/tr%C6%B0%E1%BB%9Fng-ban-t%E1%BB%95-ch%E1%BB%A9c-l%C3%AA-minh-h%C6%B0ng-v%C3%A0o-t%E1%BA%A7m-ng%E1%BA%AFm-gh%E1%BA%BF-n%C3%B3ng%C4%91%E1%BB%99ng-th%C3%A1i-r%C3%BAt-ng%E1%BA%AFn-th%E1%BB%9Di-gia/1315407470625527/,"Bác Hưng sẽ chung tay cùng bác Lâm đưa đất nước ta vào kỷ nguyên mới. Tên Hưng, sẽ là Hưng Thịnh, Giàu Có. Bác Lâm quê Hưng Yên: Giàu có, yên bình, thịnh vượng. Đất nước ta chắp cánh bay lên. Toàn dân rất phấn khởi.",bác hưng sẽ chung tay cùng bác lâm đưa đất nước ta vào kỷ nguyên mới tên hưng sẽ là hưng thịnh giàu có bác lâm quê hưng yên giàu có yên bình thịnh vượng đất nước ta chắp cánh bay lên toàn dân rất phấn khởi,32.0,Trung lập,Tô Lâm,Tổng Bí thư / Chủ tịch nước,Khác,Không có từ khóa tiêu biểu
Facebook,https://www.facebook.com/BBCnewsVietnamese/posts/tr%C6%B0%E1%BB%9Fng-ban-t%E1%BB%95-ch%E1%BB%A9c-l%C3%AA-minh-h%C6%B0ng-v%C3%A0o-t%E1%BA%A7m-ng%E1%BA%AFm-gh%E1%BA%BF-n%C3%B3ng%C4%91%E1%BB%99ng-th%C3%A1i-r%C3%BAt-ng%E1%BA%AFn-th%E1%BB%9Di-gia/1315407470625527/,Lê Minh Hưng là COCC có cơ hội ngồi ghế nóng với thể chế Vietnam cũng ko có gì là lạ. Hơn nữa lợi thế cùng vây cánh của bộ ca.,lê minh hưng là cocc có cơ hội ngồi ghế nóng với thể chế vietnam cũng ko có gì là lạ hơn nữa lợi thế cùng vây cánh của bộ ca,0.0,Tiêu cực,Lê Minh Hưng,Thủ tướng,Khác,[-] ghế nóng
Facebook,https://www.facebook.com/BBCnewsVietnamese/posts/tr%C6%B0%E1%BB%9Fng-ban-t%E1%BB%95-ch%E1%BB%A9c-l%C3%AA-minh-h%C6%B0ng-v%C3%A0o-t%E1%BA%A7m-ng%E1%BA%AFm-gh%E1%BA%BF-n%C3%B3ng%C4%91%E1%BB%99ng-th%C3%A1i-r%C3%BAt-ng%E1%BA%AFn-th%E1%BB%9Di-gia/1315407470625527/,Cái chức thủ tướng biết trước rồi. Ông Hưng sẽ lên thay ông Chính,cái chức thủ tướng biết trước rồi ông hưng sẽ lên thay ông chính,0.0,Trung lập,Lê Minh Hưng,Thủ tướng,Khác,Không có từ khóa tiêu biểu
Facebook,https://www.facebook.com/100008748788130/posts/sang-n%C4%83m-2026-t%E1%BA%A1i-%C4%91%E1%BA%A1i-h%E1%BB%99i-%C4%91%E1%BA%A3ng-xiv-ch%C3%ADnh-ph%E1%BB%A7-vi%E1%BB%87t-nam-s%E1%BA%BD-ch%E1%BB%A9ng-ki%E1%BA%BFn-s%E1%BB%B1-hi%E1%BB%87n-di%E1%BB%87n/3820682748233314/,"Công Lý Việt Nam: Thả ""Trùm"" Rút Ruột Nghìn Tỷ – Giam Hồ Duy Hải Không Đồng Xu
https://youtu.be/QLLInniD6m8

Hai trái mít 387.000 đồng và TrỊnh Văn Quyết, Đỗ Hữu Ca.
https://youtu.be/4RSC19mMZ7Y

9 Phó thủ tướng ""lặn"" đâu mất rồi?
https://youtu.be/RbNJQt7JlTg

Thủ tướng Phạm Minh Chính đề nghị Nhật Bản hỗ trợ ODA
https://youtu.be/7uI05dJTMYY",công lý việt nam thả trùm rút ruột nghìn tỷ giam hồ duy hải không đồng xu hai trái mít 387 000 đồng và trịnh văn quyết đỗ hữu ca 9 phó thủ tướng lặn đâu mất rồi thủ tướng phạm minh chính đề nghị nhật bản hỗ trợ oda,4.0,Trung lập,Phạm Minh Chính,Thủ tướng (Tái cử),Khác,Không có từ khóa tiêu biểu
Facebook,https://www.facebook.com/100008748788130/posts/sang-n%C4%83m-2026-t%E1%BA%A1i-%C4%91%E1%BA%A1i-h%E1%BB%99i-%C4%91%E1%BA%A3ng-xiv-ch%C3%ADnh-ph%E1%BB%A7-vi%E1%BB%87t-nam-s%E1%BA%BD-ch%E1%BB%A9ng-ki%E1%BA%BFn-s%E1%BB%B1-hi%E1%BB%87n-di%E1%BB%87n/3820682748233314/,"CÔNG LÝ Ở VIỆT NAM
https://ongtam.blog/2025/10/30/cong-ly-o-viet-nam/

TÔ LÂM – LÃNH ĐẠO “TƯ BẢN ĐỎ”
https://ongtam.blog/2025/10/30/to-lam-lanh-dao-tu-ban-do/

NGƯỜI DÂN HÀ TĨNH NHẬN CỨU TRỢ KIỂU XHCN
https://ongtam.blog/2025/10/30/nguoi-dan-ha-tinh-nhan-cuu-tro-kieu-xhcn/",công lý ở việt nam tô lâm lãnh đạo tư bản đỏ người dân hà tĩnh nhận cứu trợ kiểu xhcn,4.0,Trung lập,Tô Lâm,Tổng Bí thư / Chủ tịch nước,Khác,Không có từ khóa tiêu biểu
Facebook,https://www.facebook.com/NguoiVietOnline/posts/t%C3%B4-l%C3%A2m-%C4%91%C6%B0a-th%C3%AAm-%C4%91%E1%BB%87-ru%E1%BB%99t-gi%E1%BB%AF-gh%E1%BA%BF-ph%C3%B3-b%C3%AD-th%C6%B0-t%E1%BB%89nh-ninh-b%C3%ACnhchi%E1%BB%81u-16-th%C3%A1ng-ba-thi%E1%BA%BFu/1381251147370180/,"Ông Tô Lâm ổng làm gì bổ nhiệm ai là việc của ổng, chỉ có người dân Việt Nam mới có đủ tư cách bình luận, còn cái bọn báo người việt bọn bay không đủ tư cách.",ông tô lâm ổng làm gì bổ nhiệm ai là việc của ổng chỉ có người dân việt nam mới có đủ tư cách bình luận còn cái bọn báo người việt bọn bay không đủ tư cách,51.0,Trung lập,Tô Lâm,Tổng Bí thư / Chủ tịch nước,Khác,Không có từ khóa tiêu biểu
Facebook,https://www.facebook.com/NguoiVietOnline/posts/t%C3%B4-l%C3%A2m-%C4%91%C6%B0a-th%C3%AAm-%C4%91%E1%BB%87-ru%E1%BB%99t-gi%E1%BB%AF-gh%E1%BA%BF-ph%C3%B3-b%C3%AD-th%C6%B0-t%E1%BB%89nh-ninh-b%C3%ACnhchi%E1%BB%81u-16-th%C3%A1ng-ba-thi%E1%BA%BFu/1381251147370180/,Thiếu tướng tương đương giám đốc CA tỉnh thì phải là thường vụ rồi. Giờ làm phó bí thư thì là bình thường chứ có gì đâu. Những trường hợp mà được tổng bí thư dùng làm trợ lý chắc chắn là phải cực giỏi và trung thành. Giờ chỉ cần xem có đức hay ko thôi. Soi mói vừa thôi,thiếu tướng tương đương giám đốc ca tỉnh thì phải là thường vụ rồi giờ làm phó bí thư thì là bình thường chứ có gì đâu những trường hợp mà được tổng bí thư dùng làm trợ lý chắc chắn là phải cực giỏi và trung thành giờ chỉ cần xem có đức hay ko thôi soi mói vừa thôi,23.0,Trung lập,Tô Lâm,Tổng Bí thư / Chủ tịch nước,Khác,Không có từ khóa tiêu biểu
Facebook,https://www.facebook.com/NguoiVietOnline/posts/l%C3%AA-minh-h%C6%B0ng-s%E1%BA%AFp-thay-gh%E1%BA%BF-ph%E1%BA%A1m-minh-ch%C3%ADnh-tr%C3%BAng-c%E1%BB%AD-v%E1%BB%9Bi-t%E1%BB%89-l%E1%BB%87-999%C3%B4ng-l%C3%AA-minh-h%C6%B0ng/1384572583704703/,Ông nào làm cũng được miễn bằng hoặc hơn ông Chính là OK.,ông nào làm cũng được miễn bằng hoặc hơn ông chính là ok,69.0,Trung lập,Phạm Minh Chính,Thủ tướng (Tái cử),Khác,Không có từ khóa tiêu biểu
Facebook,https://www.facebook.com/NguoiVietOnline/posts/l%C3%AA-minh-h%C6%B0ng-s%E1%BA%AFp-thay-gh%E1%BA%BF-ph%E1%BA%A1m-minh-ch%C3%ADnh-tr%C3%BAng-c%E1%BB%AD-v%E1%BB%9Bi-t%E1%BB%89-l%E1%BB%87-999%C3%B4ng-l%C3%AA-minh-h%C6%B0ng/1384572583704703/,"Mọi chuyện như thế nào thì tôi không biết. Còn cá nhân tôi, tôi rất muốn Ông Chính làm thêm một khóa nữa vì Ông làm rất được việc, mọi người dân việt Nam ai cũng tin tưởng và yêu quý Ông",mọi chuyện như thế nào thì tôi không biết còn cá nhân tôi tôi rất muốn ông chính làm thêm một khóa nữa vì ông làm rất được việc mọi người dân việt nam ai cũng tin tưởng và yêu quý ông,51.0,Tích cực,Phạm Minh Chính,Thủ tướng (Tái cử),Khác,[+] tin tưởng
Facebook,https://www.facebook.com/NguoiVietOnline/posts/l%C3%AA-minh-h%C6%B0ng-s%E1%BA%AFp-thay-gh%E1%BA%BF-ph%E1%BA%A1m-minh-ch%C3%ADnh-tr%C3%BAng-c%E1%BB%AD-v%E1%BB%9Bi-t%E1%BB%89-l%E1%BB%87-999%C3%B4ng-l%C3%AA-minh-h%C6%B0ng/1384572583704703/,"Cả ô Trương Quôc Huy ở  NB,đc ông Hưng trao QĐ ...rồi chuyển  lên Phú  Thọ...rồi bay luôn.",cả ô trương quôc huy ở nb đc ông hưng trao qđ rồi chuyển lên phú thọ rồi bay luôn,21.0,Trung lập,Lê Minh Hưng,Thủ tướng,Khác,Không có từ khóa tiêu biểu
Facebook,https://www.facebook.com/BBCnewsVietnamese/photos/l%C3%AA-minh-h%C6%B0ng-c%C6%A1-h%E1%BB%99i-v%C3%A0-%E1%BA%A9n-s%E1%BB%91-cho-chi%E1%BA%BFc-gh%E1%BA%BF-th%E1%BB%A7-t%C6%B0%E1%BB%9Bngth%E1%BB%A7-t%C6%B0%E1%BB%9Bng-%C4%91%C6%B0%C6%A1ng-nhi%E1%BB%87m-ph%E1%BA%A1m-m/1308599851306289/,Ông Chính làm quá tốt ! Guồng máy đang chạy tốt ! Sao phải đổi ngôi ! Nên vì sự phát triển của đất nước ! Nếu để toàn dân bầu thủ tướng ! Ông Chính trúng 99 phần trăm !,ông chính làm quá tốt guồng máy đang chạy tốt sao phải đổi ngôi nên vì sự phát triển của đất nước nếu để toàn dân bầu thủ tướng ông chính trúng 99 phần trăm,0.0,Trung lập,Phạm Minh Chính,Thủ tướng (Tái cử),Khác,Không có từ khóa tiêu biểu
Facebook,https://www.facebook.com/100053757524611/posts/gh%E1%BA%BF-th%E1%BB%A7-t%C6%B0%E1%BB%9Bng-v%C3%A0-b%C3%B3ng-ma-v%E1%BA%A1n-th%E1%BB%8Bnh-ph%C3%A1t-v%C3%AC-sao-l%C3%AA-minh-h%C6%B0ng-h%E1%BB%A5t-h%C6%A1i06022026-ng%C3%A0y/1439990231136214/,"Mong muốn TBT Tô Lâm thật sáng suốt, thật công minh. Miễn làm sao cho Đất nước VN mình thực sự phải được VƯƠN MÌNH như những năm qua bác nhé. Bác cứ soi xét thật kỹ xem ai có thể thực chất làm được việc kể cả những người cũ nếu họ chỉ sai xót một phần nhỏ gì đó thôi, (sau có thể chấn chỉnh lại họ) nhưng họ có đức, có tâm là vẫn có thể duyệt  được bác ơi. Nếu không là rất nguy hiểm đấy ạ. Em thấy đội ngũ lãnh đạo như khoá vừa qua là tuyệt vời đấy ạ. Toàn những người làm việc rất vô tư, có tâm lại có tầm ạ thưa bác?",mong muốn tbt tô lâm thật sáng suốt thật công minh miễn làm sao cho đất nước vn mình thực sự phải được vươn mình như những năm qua bác nhé bác cứ soi xét thật kỹ xem ai có thể thực chất làm được việc kể cả những người cũ nếu họ chỉ sai xót một phần nhỏ gì đó thôi sau có thể chấn chỉnh lại họ nhưng họ có đức có tâm là vẫn có thể duyệt được bác ơi nếu không là rất nguy hiểm đấy ạ em thấy đội ngũ lãnh đạo như khoá vừa qua là tuyệt vời đấy ạ toàn những người làm việc rất vô tư có tâm lại có tầm ạ thưa bác,19.0,Tích cực,Tô Lâm,Tổng Bí thư / Chủ tịch nước,Uy tín - Đời tư,[+] tuyệt vời
Facebook,https://www.facebook.com/100053757524611/posts/gh%E1%BA%BF-th%E1%BB%A7-t%C6%B0%E1%BB%9Bng-v%C3%A0-b%C3%B3ng-ma-v%E1%BA%A1n-th%E1%BB%8Bnh-ph%C3%A1t-v%C3%AC-sao-l%C3%AA-minh-h%C6%B0ng-h%E1%BB%A5t-h%C6%A1i06022026-ng%C3%A0y/1439990231136214/,"Công nhận là bài viết có lí có tình , qhân tích chính xác luôn. Bóng ma vạn thịnh qhát đã làm cho Ông Hưng ám ảnh bởi những đồng tiền bẩn thỉu , nên không thể leo lên chức thủ tướng.",công nhận là bài viết có lí có tình qhân tích chính xác luôn bóng ma vạn thịnh qhát đã làm cho ông hưng ám ảnh bởi những đồng tiền bẩn thỉu nên không thể leo lên chức thủ tướng,21.0,Trung lập,Lê Minh Hưng,Thủ tướng,Khác,Không có từ khóa tiêu biểu
Facebook,https://www.facebook.com/BBCnewsVietnamese/photos/%C3%B4ng-l%C3%AA-minh-h%C6%B0ng-tr%C3%BAng-c%E1%BB%AD-v%E1%BB%9Bi-t%E1%BB%89-l%E1%BB%87-phi%E1%BA%BFu-b%E1%BA%A7u-cao-nh%E1%BA%A5t%C3%B4ng-l%C3%AA-minh-h%C6%B0ng-tr%C6%B0%E1%BB%9Fng-ba/1365514325614841/,"Chỉ có bác phạm minh chính là xứng đáng nhất thôi tuy bác ko ở lại nhưng nhân dân cả nước vẫn ghi nhớ công lao và biết ơn Bác chính, hình ảnh của bác là tượng đài trong trái tim của mỗi người dân vn",chỉ có bác phạm minh chính là xứng đáng nhất thôi tuy bác ko ở lại nhưng nhân dân cả nước vẫn ghi nhớ công lao và biết ơn bác chính hình ảnh của bác là tượng đài trong trái tim của mỗi người dân vn,76.0,Tích cực,Phạm Minh Chính,Thủ tướng (Tái cử),Khác,[+] xứng đáng
Facebook,https://www.facebook.com/BBCnewsVietnamese/photos/%C3%B4ng-l%C3%AA-minh-h%C6%B0ng-tr%C3%BAng-c%E1%BB%AD-v%E1%BB%9Bi-t%E1%BB%89-l%E1%BB%87-phi%E1%BA%BFu-b%E1%BA%A7u-cao-nh%E1%BA%A5t%C3%B4ng-l%C3%AA-minh-h%C6%B0ng-tr%C6%B0%E1%BB%9Fng-ba/1365514325614841/,"bầu hay không, thì đâu vào đấy cả rồi, tin ông Hưng làm thủ tướng cách đây mấy tháng nay i, giờ bầu lấy lệ thôi",bầu hay không thì đâu vào đấy cả rồi tin ông hưng làm thủ tướng cách đây mấy tháng nay i giờ bầu lấy lệ thôi,17.0,Trung lập,Lê Minh Hưng,Thủ tướng,Khác,Không có từ khóa tiêu biểu
Facebook,https://www.facebook.com/BBCnewsVietnamese/photos/%C4%91%E1%BA%A1i-h%E1%BB%99i-14-th%E1%BB%A7-t%C6%B0%E1%BB%9Bng-ph%E1%BA%A1m-minh-ch%C3%ADnh-b%C6%B0%E1%BB%9Bc-ti%E1%BA%BFp-hay-d%E1%BB%ABng-l%E1%BA%A1ich%E1%BB%A9c-v%E1%BB%A5-th%E1%BB%A7-t%C6%B0%E1%BB%9Bng-ch%C3%AD/1311067874392820/,"Ông Chính nên làm một nhiệm kỳ Thủ tướng nữa là hợp
 lý, mọi công việc đối nội, đối ngoại ông làm rất chỉn chu, bài bản, xông sáo, năng nổ có trách nhiệm rất cao mà toàn dân Việt Nam công nhận . Ông Chính là một Thủ tướng thời làm kinh tế một số Thủ tướng trước ông khó mà theo kịp về mọi mặt . 
    Ông làm một nhiệm kỳ nữa thì toàn dân sẽ biết ơn ông, để giải quyết hoàn chỉnh về những công việc đồ sộ còn đang dang dở như: đường sắt cao tốc,đường bộ cao tốc xuyên Việt, điện hạt nhân Ninh thuận, sân bay Long Thành...
   Một Thủ tướng đa năng của nhân dân Việt !",ông chính nên làm một nhiệm kỳ thủ tướng nữa là hợp lý mọi công việc đối nội đối ngoại ông làm rất chỉn chu bài bản xông sáo năng nổ có trách nhiệm rất cao mà toàn dân việt nam công nhận ông chính là một thủ tướng thời làm kinh tế một số thủ tướng trước ông khó mà theo kịp về mọi mặt ông làm một nhiệm kỳ nữa thì toàn dân sẽ biết ơn ông để giải quyết hoàn chỉnh về những công việc đồ sộ còn đang dang dở như đường sắt cao tốc đường bộ cao tốc xuyên việt điện hạt nhân ninh thuận sân bay long thành một thủ tướng đa năng của nhân dân việt,113.0,Trung lập,Phạm Minh Chính,Thủ tướng (Tái cử),Kinh tế - Tài chính,Không có từ khóa tiêu biểu
Facebook,https://www.facebook.com/BBCnewsVietnamese/photos/%C4%91%E1%BA%A1i-h%E1%BB%99i-14-th%E1%BB%A7-t%C6%B0%E1%BB%9Bng-ph%E1%BA%A1m-minh-ch%C3%ADnh-b%C6%B0%E1%BB%9Bc-ti%E1%BA%BFp-hay-d%E1%BB%ABng-l%E1%BA%A1ich%E1%BB%A9c-v%E1%BB%A5-th%E1%BB%A7-t%C6%B0%E1%BB%9Bng-ch%C3%AD/1311067874392820/,Tôi và rất rất nhiều người dân Việt Nam rất thích và rất muốn bác Chính sẽ tiếp tục làm thủ tướng chính phủ hoặc cao hơn thế vì nhìn lên và nhìn xuống chỉ thấy bác Chính  thôi - bác ấy đã khôi phục và thúc đẩy xây dựng và phát triển đất nước …và đang rất có triển vọng!,tôi và rất rất nhiều người dân việt nam rất thích và rất muốn bác chính sẽ tiếp tục làm thủ tướng chính phủ hoặc cao hơn thế vì nhìn lên và nhìn xuống chỉ thấy bác chính thôi bác ấy đã khôi phục và thúc đẩy xây dựng và phát triển đất nước và đang rất có triển vọng,136.0,Trung lập,Phạm Minh Chính,Thủ tướng (Tái cử),Khác,Không có từ khóa tiêu biểu
Facebook,https://www.facebook.com/BBCnewsVietnamese/photos/%C4%91%E1%BA%A1i-h%E1%BB%99i-14-th%E1%BB%A7-t%C6%B0%E1%BB%9Bng-ph%E1%BA%A1m-minh-ch%C3%ADnh-b%C6%B0%E1%BB%9Bc-ti%E1%BA%BFp-hay-d%E1%BB%ABng-l%E1%BA%A1ich%E1%BB%A9c-v%E1%BB%A5-th%E1%BB%A7-t%C6%B0%E1%BB%9Bng-ch%C3%AD/1311067874392820/,Không ai hoàn hảo tuyệt đối cả nhưng riêng ông chính ở lại thì đây sẽ là một điều tuyệt vời nhất đối với người dân Việt Nam ta,không ai hoàn hảo tuyệt đối cả nhưng riêng ông chính ở lại thì đây sẽ là một điều tuyệt vời nhất đối với người dân việt nam ta,89.0,Tích cực,Phạm Minh Chính,Thủ tướng (Tái cử),Khác,[+] tuyệt vời
Facebook,https://www.facebook.com/100082081114673/posts/c%C3%B4ng-b%E1%BB%91-b%E1%BB%99-ch%C3%ADnh-tr%E1%BB%8B-kh%C3%B3a-14ch%E1%BB%A7-t%E1%BB%8Bch-qu%E1%BB%91c-h%E1%BB%99i-tr%E1%BA%A7n-thanh-m%E1%BA%ABn-cho-bi%E1%BA%BFt-ban-ch%E1%BA%A5p-h/891388920273804/,"Lê Minh Hưng sinh năm 1970. Nguyễn Thanh Nghị sinh năm 1976. Đây là hai ủy viên Bộ chính trị trẻ nhất...Hi vọng rằng sau đại hội 14 này, Đất nước ta sẽ vươn lên, chuyển mình mạnh mẽ...",lê minh hưng sinh năm 1970 nguyễn thanh nghị sinh năm 1976 đây là hai ủy viên bộ chính trị trẻ nhất hi vọng rằng sau đại hội 14 này đất nước ta sẽ vươn lên chuyển mình mạnh mẽ,36.0,Trung lập,Lê Minh Hưng,Thủ tướng,Nhân sự - Quyền lực,Không có từ khóa tiêu biểu
Facebook,https://www.facebook.com/100082081114673/posts/c%C3%B4ng-b%E1%BB%91-b%E1%BB%99-ch%C3%ADnh-tr%E1%BB%8B-kh%C3%B3a-14ch%E1%BB%A7-t%E1%BB%8Bch-qu%E1%BB%91c-h%E1%BB%99i-tr%E1%BA%A7n-thanh-m%E1%BA%ABn-cho-bi%E1%BA%BFt-ban-ch%E1%BA%A5p-h/891388920273804/,Dự đoán một tổng bí thư tô Lâm hai Chủ tịch nước Phan Văn Giang 3 thủ tướng Chính phủ Lê Minh Hưng,dự đoán một tổng bí thư tô lâm hai chủ tịch nước phan văn giang 3 thủ tướng chính phủ lê minh hưng,6.0,Trung lập,Lê Minh Hưng,Thủ tướng,Khác,Không có từ khóa tiêu biểu
Facebook,https://www.facebook.com/100082081114673/posts/c%C3%B4ng-b%E1%BB%91-b%E1%BB%99-ch%C3%ADnh-tr%E1%BB%8B-kh%C3%B3a-14ch%E1%BB%A7-t%E1%BB%8Bch-qu%E1%BB%91c-h%E1%BB%99i-tr%E1%BA%A7n-thanh-m%E1%BA%ABn-cho-bi%E1%BA%BFt-ban-ch%E1%BA%A5p-h/891388920273804/,Vậy ông hưng thủ tướng?,vậy ông hưng thủ tướng,4.0,Trung lập,Lê Minh Hưng,Thủ tướng,Khác,Không có từ khóa tiêu biểu
Facebook,https://www.facebook.com/100082081114673/posts/c%C3%B4ng-b%E1%BB%91-b%E1%BB%99-ch%C3%ADnh-tr%E1%BB%8B-kh%C3%B3a-14ch%E1%BB%A7-t%E1%BB%8Bch-qu%E1%BB%91c-h%E1%BB%99i-tr%E1%BA%A7n-thanh-m%E1%BA%ABn-cho-bi%E1%BA%BFt-ban-ch%E1%BA%A5p-h/891388920273804/,"Vậy là ông Hưng sẽ thay ông Chính làm thủ tướng khoá tới, ông Giang vẫn BT quốc phòng. Ông Trung phó thủ tướng kiêm BT ngoại giao, ông Phạm gia Túc sẽ là trưởng ban tổ chức tw",vậy là ông hưng sẽ thay ông chính làm thủ tướng khoá tới ông giang vẫn bt quốc phòng ông trung phó thủ tướng kiêm bt ngoại giao ông phạm gia túc sẽ là trưởng ban tổ chức tw,2.0,Trung lập,Lê Minh Hưng,Thủ tướng,Khác,Không có từ khóa tiêu biểu
Facebook,https://www.facebook.com/100082081114673/posts/c%C3%B4ng-b%E1%BB%91-b%E1%BB%99-ch%C3%ADnh-tr%E1%BB%8B-kh%C3%B3a-14ch%E1%BB%A7-t%E1%BB%8Bch-qu%E1%BB%91c-h%E1%BB%99i-tr%E1%BA%A7n-thanh-m%E1%BA%ABn-cho-bi%E1%BA%BFt-ban-ch%E1%BA%A5p-h/891388920273804/,Tưởng tt Phạm Minh Chính phải tiếp tục làm đến trăm tuổi chứ.Đúng là chuyện gì cũng có thể xảy ra.,tưởng tt phạm minh chính phải tiếp tục làm đến trăm tuổi chứ đúng là chuyện gì cũng có thể xảy ra,28.0,Trung lập,Phạm Minh Chính,Thủ tướng (Tái cử),Khác,Không có từ khóa tiêu biểu
Facebook,https://www.facebook.com/NguoiVietOnline/posts/h%E1%BA%ADu-%C4%91%E1%BA%A1i-h%E1%BB%99i-14-%C3%B4ng-ph%E1%BA%A1m-minh-ch%C3%ADnh-r%E1%BB%9Di-gh%E1%BA%BF-th%E1%BB%A7-t%C6%B0%E1%BB%9Bng-k%E1%BA%BFt-th%C3%BAc-k%E1%BB%B7-nguy%C3%AAn-ng%C6%B0%E1%BB%9Di-s%C3%B3/1337064078455554/,"Trong  quá trình  công tác, hay sự  nghiệp  con người, đều  có  thăng  có giáng, tốt  nhiều  và  ít  bụi  là điều  tuyệt vời  vời  của  nhà  lãnh đạo  này, được  coi  là  thành công  nhất  đối với  với  mấy  vị  thủ  tướng  trước  đó. Một  cuộc  tấn công rất  mạnh  của  kẻ  thù  mới, có  mấy  người  sử  lý  nhanh  được  như  tt Phạm minh Chính, tôi  cho là  thành  công  trên  cả  mong muốn. Một  nền  kinh tế  còn  hạn  hẹp  mà  đại  dịch  lớn  như  vậy mà  giải quyết  xong rất  nhanh chóng, không  bám  theo  lối  mòn  của  các  nước  khác  ,đó  là  độc  lập tự  chủ, chủ  động  hành  động  để  đem  lại  điều  tốt đẹp nhất  cho mọi  người. Còn  hiện  tại  ông  chủ  động  nghỉ  vì tuân  theo  quy định của  tổ  chức  đảng để lớp  trẻ  với  một  sức bật  mới nó  mang  tính  quy  luật  ,nhưng cũng  nên  nhớ  câu  gừng  càng  già  càng  cay. Lớp  lãnh đạo  mới nếu  nghĩ  ko chuẩn  cả  mọi  yếu  tố  thì  cũng nguy lắm  nhất  là  lúc  này  người  dân  có  thêm  luồng suy  nghĩ  ko khéo...là. nhà  Hồ ngày  xưa  có  những  Chính  sách  đúng vì  có  đổi  mới  nhưng đi  trước  lịch  sử  đã  gây  họa  cho cả  đất  nước...",trong quá trình công tác hay sự nghiệp con người đều có thăng có giáng tốt nhiều và ít bụi là điều tuyệt vời vời của nhà lãnh đạo này được coi là thành công nhất đối với với mấy vị thủ tướng trước đó một cuộc tấn công rất mạnh của kẻ thù mới có mấy người sử lý nhanh được như tt phạm minh chính tôi cho là thành công trên cả mong muốn một nền kinh tế còn hạn hẹp mà đại dịch lớn như vậy mà giải quyết xong rất nhanh chóng không bám theo lối mòn của các nước khác đó là độc lập tự chủ chủ động hành động để đem lại điều tốt đẹp nhất cho mọi người còn hiện tại ông chủ động nghỉ vì tuân theo quy định của tổ chức đảng để lớp trẻ với một sức bật mới nó mang tính quy luật nhưng cũng nên nhớ câu gừng càng già càng cay lớp lãnh đạo mới nếu nghĩ ko chuẩn cả mọi yếu tố thì cũng nguy lắm nhất là lúc này người dân có thêm luồng suy nghĩ ko khéo là nhà hồ ngày xưa có những chính sách đúng vì có đổi mới nhưng đi trước lịch sử đã gây họa cho cả đất nước,183.0,Tích cực,Phạm Minh Chính,Thủ tướng (Tái cử),Kinh tế - Tài chính,"[+] tuyệt vời, đổi mới"
Facebook,https://www.facebook.com/NguoiVietOnline/posts/h%E1%BA%ADu-%C4%91%E1%BA%A1i-h%E1%BB%99i-14-%C3%B4ng-ph%E1%BA%A1m-minh-ch%C3%ADnh-r%E1%BB%9Di-gh%E1%BA%BF-th%E1%BB%A7-t%C6%B0%E1%BB%9Bng-k%E1%BA%BFt-th%C3%BAc-k%E1%BB%B7-nguy%C3%AAn-ng%C6%B0%E1%BB%9Di-s%C3%B3/1337064078455554/,"Tể tướng lưu gù Phạm Minh Chính. Bác được lòng dân, dân yêu dân quý. Dó quá tuổi phải về.",tể tướng lưu gù phạm minh chính bác được lòng dân dân yêu dân quý dó quá tuổi phải về,134.0,Trung lập,Phạm Minh Chính,Thủ tướng (Tái cử),Khác,Không có từ khóa tiêu biểu
Facebook,https://www.facebook.com/NguoiVietOnline/posts/h%E1%BA%ADu-%C4%91%E1%BA%A1i-h%E1%BB%99i-14-%C3%B4ng-ph%E1%BA%A1m-minh-ch%C3%ADnh-r%E1%BB%9Di-gh%E1%BA%BF-th%E1%BB%A7-t%C6%B0%E1%BB%9Bng-k%E1%BA%BFt-th%C3%BAc-k%E1%BB%B7-nguy%C3%AAn-ng%C6%B0%E1%BB%9Di-s%C3%B3/1337064078455554/,"Đây là nhân vật được dân  mến theo cách đánh giá rất  bình dân :
   _ông ấy (TT PHẠM MINH CHÍNH )Luôn tươi cười ,xuề xoà  ,yêu trẻ . Thật dễ ưa !
  _Gặp lãnh đạo các nước luôn tỏ ra thân mật , thân thiện .
 _ Công trình An sinh xã hội  như điện , đường xá , nhà ở cbo dân nhanh  và kịp thời .
   Thêm cái vốn quí trong vấn đề ứng xử ngoại giao ..
  Tiếc cho ông  ; Tiếc cho V N !  Người dân còn đòi hỏi gì nữa ?!",đây là nhân vật được dân mến theo cách đánh giá rất bình dân _ông ấy tt phạm minh chính luôn tươi cười xuề xoà yêu trẻ thật dễ ưa _gặp lãnh đạo các nước luôn tỏ ra thân mật thân thiện _ công trình an sinh xã hội như điện đường xá nhà ở cbo dân nhanh và kịp thời thêm cái vốn quí trong vấn đề ứng xử ngoại giao tiếc cho ông tiếc cho v n người dân còn đòi hỏi gì nữa,43.0,Trung lập,Phạm Minh Chính,Thủ tướng (Tái cử),Khác,Không có từ khóa tiêu biểu
Facebook,https://www.facebook.com/kienthuc2026/videos/l%C3%AA-minh-h%C6%B0ng-s%E1%BA%AFp-thay-gh%E1%BA%BF-ph%E1%BA%A1m-minh-ch%C3%ADnh-tr%C3%BAng-c%E1%BB%AD-v%E1%BB%9Bi-t%E1%BB%89-l%E1%BB%87-999%C3%B4ng-l%C3%AA-minh-h%C6%B0ng/957724203445592/,Năng lực ông Hưng không bằng nửa ông chính,năng lực ông hưng không bằng nửa ông chính,5.0,Trung lập,Lê Minh Hưng,Thủ tướng,Khác,Không có từ khóa tiêu biểu
Facebook,https://www.facebook.com/kienthuc2026/videos/l%C3%AA-minh-h%C6%B0ng-s%E1%BA%AFp-thay-gh%E1%BA%BF-ph%E1%BA%A1m-minh-ch%C3%ADnh-tr%C3%BAng-c%E1%BB%AD-v%E1%BB%9Bi-t%E1%BB%89-l%E1%BB%87-999%C3%B4ng-l%C3%AA-minh-h%C6%B0ng/957724203445592/,"Lê Minh Hưng thời thống đốc ngân hàng Trương Mỹ Lan lấy hàng triệu tỷ mà không biết hỏi quản lý như vậy đất nước đi về đâu ..??
Ai tín nhiệm bầu ông số phiếu cao ..??",lê minh hưng thời thống đốc ngân hàng trương mỹ lan lấy hàng triệu tỷ mà không biết hỏi quản lý như vậy đất nước đi về đâu ai tín nhiệm bầu ông số phiếu cao,1.0,Trung lập,Lê Minh Hưng,Thủ tướng,Kinh tế - Tài chính,Không có từ khóa tiêu biểu
Facebook,https://www.facebook.com/kienthuc2026/videos/l%C3%AA-minh-h%C6%B0ng-s%E1%BA%AFp-thay-gh%E1%BA%BF-ph%E1%BA%A1m-minh-ch%C3%ADnh-tr%C3%BAng-c%E1%BB%AD-v%E1%BB%9Bi-t%E1%BB%89-l%E1%BB%87-999%C3%B4ng-l%C3%AA-minh-h%C6%B0ng/957724203445592/,Sai phạm của ông Lê Minh Hưng liệu có thể lãnh đạo nhận chức thủ tướng chính phủ được không ạ ?khi được bổ nhiệm chức thủ tướng chính phủ thay ông phạm minh chính xem ông Lê Minh Hưng nắm giữ vai trò một người lãnh đạo không?sẽ mang cho đất nước một tương lai tốt đẹp hơn,sai phạm của ông lê minh hưng liệu có thể lãnh đạo nhận chức thủ tướng chính phủ được không ạ khi được bổ nhiệm chức thủ tướng chính phủ thay ông phạm minh chính xem ông lê minh hưng nắm giữ vai trò một người lãnh đạo không sẽ mang cho đất nước một tương lai tốt đẹp hơn,2.0,Tiêu cực,Lê Minh Hưng,Thủ tướng,Khác,[-] sai phạm
Facebook,https://www.facebook.com/tinnoichinh/photos/%C3%B4ng-l%C3%AA-minh-h%C6%B0ng-%C3%B4ng-l%C3%AA-minh-h%C6%B0ng-tr%C6%B0%E1%BB%9Fng-ban-t%E1%BB%95-ch%E1%BB%A9c-trung-%C6%B0%C6%A1ng-v%E1%BB%ABa-tr%C3%BAng-c%E1%BB%AD-%C4%91%E1%BA%A1i/1314076274164412/,"Nhiều chuyên gia quốc tế cũng đánh giá ông Lê Minh Hưng là mẫu lãnh đạo kỹ trị, kỷ luật, có tư duy điều hành hiện đại và đề cao hiệu quả thực chất. Đây được xem là kiểu lãnh đạo phù hợp với giai đoạn Việt Nam đang đặt mục tiêu tăng tốc phát triển, tinh gọn bộ máy và thúc đẩy cải cách mạnh mẽ hơn trong thời gian tới.",nhiều chuyên gia quốc tế cũng đánh giá ông lê minh hưng là mẫu lãnh đạo kỹ trị kỷ luật có tư duy điều hành hiện đại và đề cao hiệu quả thực chất đây được xem là kiểu lãnh đạo phù hợp với giai đoạn việt nam đang đặt mục tiêu tăng tốc phát triển tinh gọn bộ máy và thúc đẩy cải cách mạnh mẽ hơn trong thời gian tới,32.0,Tiêu cực,Lê Minh Hưng,Thủ tướng,Khác,[-] kỷ luật
Facebook,https://www.facebook.com/tinnoichinh/photos/%C3%B4ng-l%C3%AA-minh-h%C6%B0ng-%C3%B4ng-l%C3%AA-minh-h%C6%B0ng-tr%C6%B0%E1%BB%9Fng-ban-t%E1%BB%95-ch%E1%BB%A9c-trung-%C6%B0%C6%A1ng-v%E1%BB%ABa-tr%C3%BAng-c%E1%BB%AD-%C4%91%E1%BA%A1i/1314076274164412/,"Muốn đất nc phát triển trong nhóm lãnh đạo chủ chốt nhất là vị trí thủ tướng phải dân kinh tế đi lên, ko thể là quân đội hay công an đc. Ông Hưng là 1trong số ít UV BTT đáp ứng đc nhất là ông đã từng đi học tại Nhật 1 thời gian tiếp xúc với cách làm việc của tư bản.",muốn đất nc phát triển trong nhóm lãnh đạo chủ chốt nhất là vị trí thủ tướng phải dân kinh tế đi lên ko thể là quân đội hay công an đc ông hưng là 1trong số ít uv btt đáp ứng đc nhất là ông đã từng đi học tại nhật 1 thời gian tiếp xúc với cách làm việc của tư bản,11.0,Trung lập,Lê Minh Hưng,Thủ tướng,Kinh tế - Tài chính,Không có từ khóa tiêu biểu
Facebook,https://www.facebook.com/BBCnewsVietnamese/posts/hai-tr%C6%B0%E1%BB%9Dng-h%E1%BB%A3p-%C4%91%E1%BA%B7c-bi%E1%BB%87t-c%E1%BB%A7a-b%E1%BB%99-ch%C3%ADnh-tr%E1%BB%8B-kh%C3%B3a-13trong-s%E1%BB%91-c%C3%A1c-%E1%BB%A7y-vi%C3%AAn-b%E1%BB%99-ch%C3%ADnh-tr/1316053530560921/,Ông Giang sẽ là thủ tướng ông mẫn sang chủ tịch nước ông Tú sẽ chủ tịch quốc hội,ông giang sẽ là thủ tướng ông mẫn sang chủ tịch nước ông tú sẽ chủ tịch quốc hội,16.0,Trung lập,Trần Thanh Mẫn,Chủ tịch Quốc hội,Khác,Không có từ khóa tiêu biểu
Facebook,https://www.facebook.com/BBCnewsVietnamese/posts/hai-tr%C6%B0%E1%BB%9Dng-h%E1%BB%A3p-%C4%91%E1%BA%B7c-bi%E1%BB%87t-c%E1%BB%A7a-b%E1%BB%99-ch%C3%ADnh-tr%E1%BB%8B-kh%C3%B3a-13trong-s%E1%BB%91-c%C3%A1c-%E1%BB%A7y-vi%C3%AAn-b%E1%BB%99-ch%C3%ADnh-tr/1316053530560921/,"Thật tiếc vì TT Phạm Minh Chính về hưu. Một rừng không thể có 2 hổ, TBT Tô Lâm có vẻ không muốn để TT Chính làm lu mờ hình của mình. Lê Minh Hưng khả năng cao làm Thủ Tướng nhưng tôi không kỳ vọng nhiều vì đây là một người có background tài chính và bàn giấy. Nhưng Lê Minh Hưng có thể chỉ là bình phong để ông Tô Lâm điều hành. Theo những gì đã xảy ra trong năm 2025, tôi cũng đánh giá và kỳ vọng cao vào TBT Tô Lâm vì ông cũng là người có tầm nhìn vĩ mô. Người của Công An và Quân Đội lãnh đạo đất nước cũng ko thành vấn đề, miễn họ có tầm nhìn, có tâm đưa đất nước đi lên thì luôn được ủng hộ.",thật tiếc vì tt phạm minh chính về hưu một rừng không thể có 2 hổ tbt tô lâm có vẻ không muốn để tt chính làm lu mờ hình của mình lê minh hưng khả năng cao làm thủ tướng nhưng tôi không kỳ vọng nhiều vì đây là một người có background tài chính và bàn giấy nhưng lê minh hưng có thể chỉ là bình phong để ông tô lâm điều hành theo những gì đã xảy ra trong năm 2025 tôi cũng đánh giá và kỳ vọng cao vào tbt tô lâm vì ông cũng là người có tầm nhìn vĩ mô người của công an và quân đội lãnh đạo đất nước cũng ko thành vấn đề miễn họ có tầm nhìn có tâm đưa đất nước đi lên thì luôn được ủng hộ,174.0,Tích cực,Lê Minh Hưng,Thủ tướng,Uy tín - Đời tư,"[+] ủng hộ, kỳ vọng"
Facebook,https://www.facebook.com/BBCnewsVietnamese/posts/phe-ph%C3%A1i-trong-%C4%91%E1%BA%A3ng-t%E1%BB%AB-l%E1%BB%8Bch-s%E1%BB%AD-%C4%91%E1%BA%BFn-b%E1%BB%91i-c%E1%BA%A3nh-%C4%91%E1%BA%A1i-h%E1%BB%99i-14t%E1%BB%AB-nhi%E1%BB%81u-th%C3%A1ng-tr%C6%B0%E1%BB%9Bc-ch%C3%ADnh/1311916077641333/,Riêng tôi thấy ông tô làm tham mưu thì được chứ ông làm tổng bí thư thì có lẽ chỉ còn một bộ là bộ công an,riêng tôi thấy ông tô làm tham mưu thì được chứ ông làm tổng bí thư thì có lẽ chỉ còn một bộ là bộ công an,65.0,Trung lập,Tô Lâm,Tổng Bí thư / Chủ tịch nước,An ninh - Nội chính,Không có từ khóa tiêu biểu
Facebook,https://www.facebook.com/BBCnewsVietnamese/posts/phe-ph%C3%A1i-trong-%C4%91%E1%BA%A3ng-t%E1%BB%AB-l%E1%BB%8Bch-s%E1%BB%AD-%C4%91%E1%BA%BFn-b%E1%BB%91i-c%E1%BA%A3nh-%C4%91%E1%BA%A1i-h%E1%BB%99i-14t%E1%BB%AB-nhi%E1%BB%81u-th%C3%A1ng-tr%C6%B0%E1%BB%9Bc-ch%C3%ADnh/1311916077641333/,"Công việc của Đảng và Nhà nước thì trước tiên Người lãnh đạo của Đảng,của Nhà nước phải lo cho chu toàn và đẹp đẽ . Nếu Đảng không mạnh,nhà nước không cường thịnh thì dân khổ,đất nước mất văn minh . Là người dân tôi mong mỏi được sống cuộc sống yên lành trong xã hội văn minh,văn nhân ,đừng để kẻ trên bắt nạt người dưới,người quyền cao chức trọng đặt nhiều luật không hợp lý làm khổ dân. Chúc đại hội 14 có kết quả tốt đẹp để Tết này ăn Tết vui .",công việc của đảng và nhà nước thì trước tiên người lãnh đạo của đảng của nhà nước phải lo cho chu toàn và đẹp đẽ nếu đảng không mạnh nhà nước không cường thịnh thì dân khổ đất nước mất văn minh là người dân tôi mong mỏi được sống cuộc sống yên lành trong xã hội văn minh văn nhân đừng để kẻ trên bắt nạt người dưới người quyền cao chức trọng đặt nhiều luật không hợp lý làm khổ dân chúc đại hội 14 có kết quả tốt đẹp để tết này ăn tết vui,10.0,Trung lập,Lương Cường,Chủ tịch nước,Khác,Không có từ khóa tiêu biểu
Facebook,https://www.facebook.com/nhatkyyeunuoc1/posts/khi-h%C3%B2m-phi%E1%BA%BFu-kh%C3%B4ng-c%C3%B2n-trung-l%E1%BA%ADp-phe-qu%C3%A2n-%C4%91%E1%BB%99i-ra-tay-tr%C6%B0%E1%BB%9Bc-%C4%91%E1%BA%A1i-h%E1%BB%99i-xivc%C3%A0ng-ti%E1%BA%BFn/1321871226649020/,"Thời cố Tổng Bí thư Nguyễn Văn Linh cũng vậy, cuộc cải cách vô cùng khó khăn, bao nhiêu thế lực trong và ngoài nước chống phá. Bây giờ sau mấy chục năm nhìn lại, mọi người mới thấy được thành quả, đã thay đổi hẳn một đất nước. Từ đói nghèo trở thành nền kinh tế tốp đầu khu vực, thế giới nhìn mình với ánh mắt khác. 
  
Bây giờ cũng vậy, muốn vươn tầm thế giới, Đất Nước phải có con người như, Tổng Bí thư Tô Lâm, tầm nhìn chiến lược, xa, rộng, ý chí kiên cường, bất khuất, không sợ bất cứ một thế lực nào. 

   Rất, rất nhiều người dân Việt Nam trong và ngoài nước, mong Tổng Bí thư có nhiều sức khỏe. Để cầm lái con thuyền trong cơn sóng dữ, đưa đất nước Việt Nam, phát triển sánh vai cùng các cường quốc năm châu.

   Ai rồi cũng đến lúc nghỉ ngơi, tin rằng thế hệ trẻ sẽ tiếp bước truyền thống, cha, anh lãnh đạo đất nước Việt Nam hùng cường hơn.,.",thời cố tổng bí thư nguyễn văn linh cũng vậy cuộc cải cách vô cùng khó khăn bao nhiêu thế lực trong và ngoài nước chống phá bây giờ sau mấy chục năm nhìn lại mọi người mới thấy được thành quả đã thay đổi hẳn một đất nước từ đói nghèo trở thành nền kinh tế tốp đầu khu vực thế giới nhìn mình với ánh mắt khác bây giờ cũng vậy muốn vươn tầm thế giới đất nước phải có con người như tổng bí thư tô lâm tầm nhìn chiến lược xa rộng ý chí kiên cường bất khuất không sợ bất cứ một thế lực nào rất rất nhiều người dân việt nam trong và ngoài nước mong tổng bí thư có nhiều sức khỏe để cầm lái con thuyền trong cơn sóng dữ đưa đất nước việt nam phát triển sánh vai cùng các cường quốc năm châu ai rồi cũng đến lúc nghỉ ngơi tin rằng thế hệ trẻ sẽ tiếp bước truyền thống cha anh lãnh đạo đất nước việt nam hùng cường hơn,8.0,Tiêu cực,Tô Lâm,Tổng Bí thư / Chủ tịch nước,Kinh tế - Tài chính,[-] khó khăn
Facebook,https://www.facebook.com/nhatkyyeunuoc1/posts/khi-h%C3%B2m-phi%E1%BA%BFu-kh%C3%B4ng-c%C3%B2n-trung-l%E1%BA%ADp-phe-qu%C3%A2n-%C4%91%E1%BB%99i-ra-tay-tr%C6%B0%E1%BB%9Bc-%C4%91%E1%BA%A1i-h%E1%BB%99i-xivc%C3%A0ng-ti%E1%BA%BFn/1321871226649020/,"Cầu cho tô lâm tái đắc cử tbt, để VN ta tiến nhanh thật nhanh đến thiên đường xhcn : như Venezuela.",cầu cho tô lâm tái đắc cử tbt để vn ta tiến nhanh thật nhanh đến thiên đường xhcn như venezuela,82.0,Trung lập,Tô Lâm,Tổng Bí thư / Chủ tịch nước,Khác,Không có từ khóa tiêu biểu
Facebook,https://www.facebook.com/nhatkyyeunuoc1/posts/khi-h%C3%B2m-phi%E1%BA%BFu-kh%C3%B4ng-c%C3%B2n-trung-l%E1%BA%ADp-phe-qu%C3%A2n-%C4%91%E1%BB%99i-ra-tay-tr%C6%B0%E1%BB%9Bc-%C4%91%E1%BA%A1i-h%E1%BB%99i-xivc%C3%A0ng-ti%E1%BA%BFn/1321871226649020/,Toàn Dân luôn luôn ủng hộ bác Giang lên làm tổng bí thư !!!!,toàn dân luôn luôn ủng hộ bác giang lên làm tổng bí thư,49.0,Tích cực,Tô Lâm,Tổng Bí thư / Chủ tịch nước,Khác,[+] ủng hộ
Facebook,https://www.facebook.com/BBCnewsVietnamese/videos/nh%C3%A2n-s%E1%BB%B1-kh%C3%B3a-14-ai-%E1%BB%9F-l%E1%BA%A1i-ai-r%E1%BB%9Di-b%E1%BB%99-ch%C3%ADnh-tr%E1%BB%8Bban-ch%E1%BA%A5p-h%C3%A0nh-trung-%C6%B0%C6%A1ng-%C4%91%E1%BA%A3ng-kh%C3%B3a-1/1160961302528203/,Chúc Mừng Ông Chính chúc Ông khoẻ .,chúc mừng ông chính chúc ông khoẻ,0.0,Trung lập,Phạm Minh Chính,Thủ tướng (Tái cử),Khác,Không có từ khóa tiêu biểu
Facebook,https://www.facebook.com/hieubuongio.09/posts/b%C3%ACnh-lu%E1%BA%ADn-v%E1%BB%81-tin-%C4%91%E1%BB%93n-nh%C3%A2n-s%E1%BB%B1-tr%C3%AAn-m%E1%BA%A1ng-x%C3%A3-h%E1%BB%99ihi%E1%BB%87n-nay-tin-%C4%91%E1%BB%93n-c%C3%B3-danh-s%C3%A1ch-%C4%91%E1%BA%A7y-%C4%91/875599674979752/,"Quy định 214                                                                            2.3. Tổng Bí thư
Bảo đảm đầy đủ các tiêu chuẩn chung của Uỷ viên Bộ Chính trị, Ban Bí thư, đồng thời, cần có những phẩm chất, năng lực: Có uy tín cao trong Trung ương, Bộ Chính trị, trong toàn Đảng và nhân dân; là trung tâm đoàn kết, quy tụ và phát huy sức mạnh tổng hợp của cả hệ thống chính trị, của toàn Đảng, toàn dân và sức mạnh thời đại để thực hiện thắng lợi hai nhiệm vụ chiến lược xây dựng và bảo vệ Tổ quốc, mục tiêu ""dân giàu, nước mạnh, dân chủ, công bằng, văn minh"". Tiêu biểu nhất về đạo đức, trí tuệ của toàn Đảng. Có trình độ cao về lý luận chính trị. Có kiến thức sâu, rộng, toàn diện trên các lĩnh vực chính trị, kinh tế, văn hoá, xã hội, quốc phòng, an ninh, đối ngoại, xây dựng Đảng, quản lý nhà nước… Có bản lĩnh chính trị, tư duy nhạy bén, năng lực nghiên cứu, phát hiện, đề xuất và quyết đoán; bình tĩnh, sáng suốt trước những vấn đề khó, phức tạp liên quan đến vận mệnh của Đảng, của quốc gia, của dân tộc. Có năng lực lãnh đạo, điều hành Ban Chấp hành Trung ương, Bộ Chính trị, Ban Bí thư; có năng lực lãnh đạo xây dựng đội ngũ cán bộ cấp chiến lược, đặc biệt là người kế nhiệm, cán bộ chủ chốt. Đã kinh qua và hoàn thành tốt nhiệm vụ ở chức vụ bí thư tỉnh uỷ, thành uỷ hoặc trưởng ban, bộ, ngành Trung ương; tham gia Bộ Chính trị trọn một nhiệm kỳ trở lên; trường hợp đặc biệt do Ban Chấp hành Trung ương quyết định.",quy định 214 2 3 tổng bí thư bảo đảm đầy đủ các tiêu chuẩn chung của uỷ viên bộ chính trị ban bí thư đồng thời cần có những phẩm chất năng lực có uy tín cao trong trung ương bộ chính trị trong toàn đảng và nhân dân là trung tâm đoàn kết quy tụ và phát huy sức mạnh tổng hợp của cả hệ thống chính trị của toàn đảng toàn dân và sức mạnh thời đại để thực hiện thắng lợi hai nhiệm vụ chiến lược xây dựng và bảo vệ tổ quốc mục tiêu dân giàu nước mạnh dân chủ công bằng văn minh tiêu biểu nhất về đạo đức trí tuệ của toàn đảng có trình độ cao về lý luận chính trị có kiến thức sâu rộng toàn diện trên các lĩnh vực chính trị kinh tế văn hoá xã hội quốc phòng an ninh đối ngoại xây dựng đảng quản lý nhà nước có bản lĩnh chính trị tư duy nhạy bén năng lực nghiên cứu phát hiện đề xuất và quyết đoán bình tĩnh sáng suốt trước những vấn đề khó phức tạp liên quan đến vận mệnh của đảng của quốc gia của dân tộc có năng lực lãnh đạo điều hành ban chấp hành trung ương bộ chính trị ban bí thư có năng lực lãnh đạo xây dựng đội ngũ cán bộ cấp chiến lược đặc biệt là người kế nhiệm cán bộ chủ chốt đã kinh qua và hoàn thành tốt nhiệm vụ ở chức vụ bí thư tỉnh uỷ thành uỷ hoặc trưởng ban bộ ngành trung ương tham gia bộ chính trị trọn một nhiệm kỳ trở lên trường hợp đặc biệt do ban chấp hành trung ương quyết định,14.0,Tích cực,Tô Lâm,Tổng Bí thư / Chủ tịch nước,Nhân sự - Quyền lực,[+] bản lĩnh
Facebook,https://www.facebook.com/hieubuongio.09/posts/b%C3%ACnh-lu%E1%BA%ADn-v%E1%BB%81-tin-%C4%91%E1%BB%93n-nh%C3%A2n-s%E1%BB%B1-tr%C3%AAn-m%E1%BA%A1ng-x%C3%A3-h%E1%BB%99ihi%E1%BB%87n-nay-tin-%C4%91%E1%BB%93n-c%C3%B3-danh-s%C3%A1ch-%C4%91%E1%BA%A7y-%C4%91/875599674979752/,"Đồn gì thì đồn, tôi tin tưởng anh Tô Lâm sẽ là tổng bí thư!",đồn gì thì đồn tôi tin tưởng anh tô lâm sẽ là tổng bí thư,3.0,Tích cực,Tô Lâm,Tổng Bí thư / Chủ tịch nước,Khác,[+] tin tưởng
Facebook,https://www.facebook.com/100066616718413/posts/theo-danh-s%C3%A1ch-ban-ch%E1%BA%A5p-h%C3%A0nh-trung-%C6%B0%C6%A1ng-%C4%91%E1%BA%A3ng-kh%C3%B3a-xiv-%C4%91%C6%B0%E1%BB%A3c-c%C3%B4ng-b%E1%BB%91-t%E1%BA%A1i-%C4%91%E1%BA%A1i-h%E1%BB%99i-%C4%91/1225711799659366/,"Ôi tiếc quá, bác Phạm Minh Chính và bác Lương Cường đã đến tuổi hưu, thảo nào mà nghe mãi chưa thấy tên, tưởng mình nghe nhầm.
Dù cao tuổi dân vẫn tín nhiệm 2 bác trên đã làm tốt khóa trước. Mong 2 bác tiếp tục cống hiến ạ. Vì Đảng là k có tuổi như bác cố Tổng BT Nguyễn Phú Trọng ý ạ !",ôi tiếc quá bác phạm minh chính và bác lương cường đã đến tuổi hưu thảo nào mà nghe mãi chưa thấy tên tưởng mình nghe nhầm dù cao tuổi dân vẫn tín nhiệm 2 bác trên đã làm tốt khóa trước mong 2 bác tiếp tục cống hiến ạ vì đảng là k có tuổi như bác cố tổng bt nguyễn phú trọng ý ạ,82.0,Trung lập,Phạm Minh Chính,Thủ tướng (Tái cử),Khác,Không có từ khóa tiêu biểu
Facebook,https://www.facebook.com/100066616718413/posts/theo-danh-s%C3%A1ch-ban-ch%E1%BA%A5p-h%C3%A0nh-trung-%C6%B0%C6%A1ng-%C4%91%E1%BA%A3ng-kh%C3%B3a-xiv-%C4%91%C6%B0%E1%BB%A3c-c%C3%B4ng-b%E1%BB%91-t%E1%BA%A1i-%C4%91%E1%BA%A1i-h%E1%BB%99i-%C4%91/1225711799659366/,Đất nước rất cần bác Phạm Minh Chính,đất nước rất cần bác phạm minh chính,67.0,Trung lập,Phạm Minh Chính,Thủ tướng (Tái cử),Khác,Không có từ khóa tiêu biểu
Facebook,https://www.facebook.com/nguoibuon.gio.9/posts/tin-n%E1%BB%99i-b%E1%BB%99-r%C3%B2-r%E1%BB%89-nh%C3%A2n-s%E1%BB%B1-v%C3%A0-so-s%C3%A1nh-th%E1%BB%B1c-t%E1%BA%BFh%E1%BB%99i-ngh%E1%BB%8B-trung-%C6%B0%C6%A1ng-14-nh%C3%B3m-h%E1%BB%8Dp-v%E1%BB%ABa-q/25201599842804971/,Có ông thủ tướng nào ga lăng với phụ nữ như ông Chính ko:)),có ông thủ tướng nào ga lăng với phụ nữ như ông chính ko,26.0,Trung lập,Phạm Minh Chính,Thủ tướng (Tái cử),Khác,Không có từ khóa tiêu biểu
Facebook,https://www.facebook.com/nguoibuon.gio.9/posts/tin-n%E1%BB%99i-b%E1%BB%99-r%C3%B2-r%E1%BB%89-nh%C3%A2n-s%E1%BB%B1-v%C3%A0-so-s%C3%A1nh-th%E1%BB%B1c-t%E1%BA%BFh%E1%BB%99i-ngh%E1%BB%8B-trung-%C6%B0%C6%A1ng-14-nh%C3%B3m-h%E1%BB%8Dp-v%E1%BB%ABa-q/25201599842804971/,Ông chính vẫn thủ tuóng,ông chính vẫn thủ tuóng,18.0,Trung lập,Phạm Minh Chính,Thủ tướng (Tái cử),Khác,Không có từ khóa tiêu biểu
Facebook,https://www.facebook.com/hocgiahd/posts/b%C3%A1c-m%E1%BA%ABn-s%E1%BA%BD-%C4%91%C6%B0%E1%BB%A3c-canh-d%C6%B0a-h%E1%BA%BFt-th%C3%A1ng-10-r%E1%BB%93i-v%E1%BB%81-nghe-%C4%91%C3%A0i-b%C3%A1c-tr%E1%BA%A7n-c%E1%BA%A9m-t%C3%BA-m%E1%BA%B7c-d%C3%B9-d%C3%ADn/24404143382576431/,"Như bình luận ở trên tính đến 30/8/2025 gần như chắc chắn các vị trí đã đoán đc và khá nhiều người đồng tình ở nhiệm kỳ TW khoá 14
 I Các vị trí 
   1- Tứ trụ: TBT TW ông Tô Lâm- UVBCT 
    2- bí thư tp HCM: ông Trần Lưu Quang - UVBCT
    3- Bộ trưởng Bộ ngoại giao ông Lê Hoài Trung - UVBCT 
    4- Bộ trưởng Bộ Công an ông Lương Tam Quang UVBCT
 II - Các UVBCT khoá 14:
   a- Tái đắc cử: 5 ( Tô Lâm, Nguyễn Duy Ngọc, Lê Minh Hưng, Lương Tam Quang, Nguyễn Thị Hoài, )
   b- bầu mới  4 (Lê Minh Trí,  Lê Hoài Trung, Trịnh Văn Quyết, Trần Lưu Quang)
    c- khả năng cao : 1 (Nguyễn Thanh Nghị)
   Tổng đã có đáp án: 10 UVBCT. đã có vị trí 4
     Đây là khung sườn các vị trí khác sẽ linh hoạt theo. Chẳng hạn nghe nói ông Nguyễn Duy Ngọc sẽ về bí thư tp HN vậy bà Hoài chuyển sang vị trí nào? Và ai trám chân CN UBKT?  Tôi nghĩ người thay ông Ngọc sẽ là ông Lê Minh Trí.
   Với vị trí Thủ tướng tôi nghĩ phù hợp là ông Chính tái đắc cử hoặc ông Lê Minh Hưng ( ông Hưng học kinh tế bài bản là UVBCT khoá trước nhưng chưa đủ 5 năm trở lên theo điều lệ)
   Với vị trí bộ trưởng bộ Quốc phòng có 3 khả năng:
1- ông Phan Văn Giang đang làm tốt, có tín nhiệm, có thể lên cao hơn hoặc nghỉ hưu, 2- ông Trịnh Văn Quyết hiện đang là UV ban BT sẽ là UVBCT khoá 14, hạn chế bên chính trị ít khi lên bộ trưởng (trừ trường hợp bác Lịch), 3- ông Nguyễn Tân Cương lợi thế bên ngạch Tổng tham mưu trưởng, hạn chế hiện mới là UVTWD, lên bộ trưởng thì cần đc bầu vào UCVBCT khoá 14. Tôi nghiêng về ông Cương. Ông Giang sẽ lên Chủ tịch nước.",như bình luận ở trên tính đến 30 8 2025 gần như chắc chắn các vị trí đã đoán đc và khá nhiều người đồng tình ở nhiệm kỳ tw khoá 14 i các vị trí 1 tứ trụ tbt tw ông tô lâm uvbct 2 bí thư tp hcm ông trần lưu quang uvbct 3 bộ trưởng bộ ngoại giao ông lê hoài trung uvbct 4 bộ trưởng bộ công an ông lương tam quang uvbct ii các uvbct khoá 14 a tái đắc cử 5 tô lâm nguyễn duy ngọc lê minh hưng lương tam quang nguyễn thị hoài b bầu mới 4 lê minh trí lê hoài trung trịnh văn quyết trần lưu quang c khả năng cao 1 nguyễn thanh nghị tổng đã có đáp án 10 uvbct đã có vị trí 4 đây là khung sườn các vị trí khác sẽ linh hoạt theo chẳng hạn nghe nói ông nguyễn duy ngọc sẽ về bí thư tp hn vậy bà hoài chuyển sang vị trí nào và ai trám chân cn ubkt tôi nghĩ người thay ông ngọc sẽ là ông lê minh trí với vị trí thủ tướng tôi nghĩ phù hợp là ông chính tái đắc cử hoặc ông lê minh hưng ông hưng học kinh tế bài bản là uvbct khoá trước nhưng chưa đủ 5 năm trở lên theo điều lệ với vị trí bộ trưởng bộ quốc phòng có 3 khả năng 1 ông phan văn giang đang làm tốt có tín nhiệm có thể lên cao hơn hoặc nghỉ hưu 2 ông trịnh văn quyết hiện đang là uv ban bt sẽ là uvbct khoá 14 hạn chế bên chính trị ít khi lên bộ trưởng trừ trường hợp bác lịch 3 ông nguyễn tân cương lợi thế bên ngạch tổng tham mưu trưởng hạn chế hiện mới là uvtwd lên bộ trưởng thì cần đc bầu vào ucvbct khoá 14 tôi nghiêng về ông cương ông giang sẽ lên chủ tịch nước,1.0,Trung lập,Lê Minh Hưng,Thủ tướng,Nhân sự - Quyền lực,Không có từ khóa tiêu biểu
Facebook,https://www.facebook.com/DatNuocVuonMinhVN/posts/kh%E1%BA%A3-n%C4%83ng-c%E1%BB%A7a-%C4%91%E1%BB%93ng-ch%C3%AD-l%C3%AA-minh-h%C6%B0ng-v%E1%BB%81-%C4%91i%E1%BB%81u-h%C3%A0nh-kinh-t%E1%BA%BF-v%C4%A9-m%C3%B4-l%C3%A0-kh%C3%B4ng-ph%E1%BA%A3i-b%C3%A0n-/122124037971006011/,"Bất kỳ ai kế nhiệm ông Chính nếu không mở mắt to nhìn nhân dân, thương dân thì sau này cũng chỉ là cái bóng của ông mà thôi, hãy nhớ rằng nhân dân là tấm gương phản chiếu to và sáng nhất!",bất kỳ ai kế nhiệm ông chính nếu không mở mắt to nhìn nhân dân thương dân thì sau này cũng chỉ là cái bóng của ông mà thôi hãy nhớ rằng nhân dân là tấm gương phản chiếu to và sáng nhất,148.0,Trung lập,Phạm Minh Chính,Thủ tướng (Tái cử),Nhân sự - Quyền lực,Không có từ khóa tiêu biểu
Facebook,https://www.facebook.com/DatNuocVuonMinhVN/posts/kh%E1%BA%A3-n%C4%83ng-c%E1%BB%A7a-%C4%91%E1%BB%93ng-ch%C3%AD-l%C3%AA-minh-h%C6%B0ng-v%E1%BB%81-%C4%91i%E1%BB%81u-h%C3%A0nh-kinh-t%E1%BA%BF-v%C4%A9-m%C3%B4-l%C3%A0-kh%C3%B4ng-ph%E1%BA%A3i-b%C3%A0n-/122124037971006011/,"Lê Minh Hưng chắc chắn sẽ là Thủ tướng khóa 2026/2031 thay Bác Chính. Sinh năm 1970, đã kinh qua Thống đốc ngân hàng nhà nước..Ông Hưng được kỳ vọng sẽ tiếp bước Bác Chính để thúc đẩy kinh tế xã hội của Đất nước phát triển mạnh mẽ...",lê minh hưng chắc chắn sẽ là thủ tướng khóa 2026 2031 thay bác chính sinh năm 1970 đã kinh qua thống đốc ngân hàng nhà nước ông hưng được kỳ vọng sẽ tiếp bước bác chính để thúc đẩy kinh tế xã hội của đất nước phát triển mạnh mẽ,5.0,Tích cực,Lê Minh Hưng,Thủ tướng,Kinh tế - Tài chính,[+] kỳ vọng
Facebook,https://www.facebook.com/DatNuocVuonMinhVN/posts/kh%E1%BA%A3-n%C4%83ng-c%E1%BB%A7a-%C4%91%E1%BB%93ng-ch%C3%AD-l%C3%AA-minh-h%C6%B0ng-v%E1%BB%81-%C4%91i%E1%BB%81u-h%C3%A0nh-kinh-t%E1%BA%BF-v%C4%A9-m%C3%B4-l%C3%A0-kh%C3%B4ng-ph%E1%BA%A3i-b%C3%A0n-/122124037971006011/,Về làm kinh tế anh Hưng là ok nhé. Thực ra để đạt GDP 2 con số mà xuyên suốt thì a Lê Minh Hưng là sự lựa chọn hợp lý.,về làm kinh tế anh hưng là ok nhé thực ra để đạt gdp 2 con số mà xuyên suốt thì a lê minh hưng là sự lựa chọn hợp lý,11.0,Trung lập,Lê Minh Hưng,Thủ tướng,Kinh tế - Tài chính,Không có từ khóa tiêu biểu
Facebook,https://www.facebook.com/thongtinchinhphu/photos/th%E1%BB%A7-t%C6%B0%E1%BB%9Bng-ch%C3%ADnh-ph%E1%BB%A7-ph%E1%BA%A1m-minh-ch%C3%ADnh-v%C3%A0-phu-nh%C3%A2n-tr%C3%B2-chuy%E1%BB%87n-v%E1%BB%9Bi-c%E1%BB%AD-tri-khu-v%E1%BB%B1c-b%E1%BB%8F/1398478598983583/,"Sáng 15/3, hoà chung ngày hội lớn với gần 79 triệu cử tri trên khắp mọi miền đất nước, tại tổ bầu cử số 21 thuộc đơn vị bầu cử số 7, phường Tây Hồ, Hà Nội, Thủ tướng Chính phủ Phạm Minh Chính và Phu nhân thực hiện quyền và nghĩa vụ công dân, bỏ phiếu lựa chọn những người xứng đáng nhất làm đại biểu Quốc hội khóa XVI và đại biểu Hội đồng nhân dân các cấp nhiệm kỳ 2026-2031.",sáng 15 3 hoà chung ngày hội lớn với gần 79 triệu cử tri trên khắp mọi miền đất nước tại tổ bầu cử số 21 thuộc đơn vị bầu cử số 7 phường tây hồ hà nội thủ tướng chính phủ phạm minh chính và phu nhân thực hiện quyền và nghĩa vụ công dân bỏ phiếu lựa chọn những người xứng đáng nhất làm đại biểu quốc hội khóa xvi và đại biểu hội đồng nhân dân các cấp nhiệm kỳ 2026 2031,31.0,Tích cực,Phạm Minh Chính,Thủ tướng (Tái cử),Nhân sự - Quyền lực,[+] xứng đáng
Facebook,https://www.facebook.com/thongtinchinhphu/posts/-th%E1%BB%A7-t%C6%B0%E1%BB%9Bng-ch%E1%BB%A7-tr%C3%AC-cu%E1%BB%99c-h%E1%BB%8Dp-v%E1%BB%81-s%E1%BA%AFp-x%E1%BA%BFp-%C4%91%C6%A1n-v%E1%BB%8B-s%E1%BB%B1-nghi%E1%BB%87p-c%C3%B4ng-l%E1%BA%ADp-thu%E1%BB%99c-c%C3%A1c-b%E1%BB%99-ng/1265044515660326/,"Chiều tối 6/10, tại trụ sở Chính phủ, Thủ tướng Chính phủ Phạm Minh Chính chủ trì họp Ban Chỉ đạo của Chính phủ về tổng kết Nghị quyết số 18-NQ/TW về sắp xếp đơn vị sự nghiệp công lập thuộc các bộ, ngành, địa phương theo Công văn số 59-CV/BCĐ của Ban Chỉ đạo Trung ương về tổng kết Nghị quyết số 18-NQ/TW.

Dự cuộc họp có các Phó Thủ tướng Chính phủ; các Phó Bí thư Đảng ủy Chính phủ; các Bộ trưởng, Thủ trưởng cơ quan ngang bộ; lãnh đạo các bộ, ngành là thành viên Ban Chỉ đạo.",chiều tối 6 10 tại trụ sở chính phủ thủ tướng chính phủ phạm minh chính chủ trì họp ban chỉ đạo của chính phủ về tổng kết nghị quyết số 18 nq tw về sắp xếp đơn vị sự nghiệp công lập thuộc các bộ ngành địa phương theo công văn số 59 cv bcđ của ban chỉ đạo trung ương về tổng kết nghị quyết số 18 nq tw dự cuộc họp có các phó thủ tướng chính phủ các phó bí thư đảng ủy chính phủ các bộ trưởng thủ trưởng cơ quan ngang bộ lãnh đạo các bộ ngành là thành viên ban chỉ đạo,69.0,Trung lập,Phạm Minh Chính,Thủ tướng (Tái cử),Khác,Không có từ khóa tiêu biểu
Facebook,https://www.facebook.com/quetui38/posts/ch%C3%BAc-m%E1%BB%ABng-%C4%91%E1%BB%93ng-ch%C3%AD-l%C3%AA-minh-h%C6%B0ng-%C4%91%C6%B0%E1%BB%A3c-b%E1%BA%A7u-l%C3%A0m-%E1%BB%A7y-vi%C3%AAn-b%E1%BB%99-ch%C3%ADnh-tr%E1%BB%8B-tr%C6%B0%E1%BB%9Fng-ban-t%E1%BB%95-/1200722822188321/,"Không rõ ai viết thiếu chuẩn thế này, nên đính chính lại. thứ nhất: Đ/c Lê Minh Hưng là UV Bộ CT, Ban BT TW Đảng, Trưởng Ban TC khoá XIII, chiều 22.1 Đại hội XIV gồm 1586 đại biểu mới bầu ra 200 uỷ viên khoá XIV (180 CT 20 DK), trong đó có đ/c LMH tái cử BCH, theo chương trình ĐH sáng 23.1 BCH khoá mới sẽ họp phiên đầu tiên để bầu ra BCT, TBT, CN. UBKT, sau khi có kq Bộ CT sẽ tiến hành phân công NV trong Đảng trong đó có chức danh Trưởng Ban TCTW. Thứ hai theo Điều lệ Đảng và phân tích trên đã rõ chức danh Trưởng Ban Tổ chức TW là phân công hoặc bổ nhiệm không phải chức danh bầu cử.
Như vậy, bài viết đồng chí Lê Minh Hưng được bầu làm UV Bộ Chính trị, Trưởng Ban Tổ chức TW Đảng tại ĐH này là chưa chính xác",không rõ ai viết thiếu chuẩn thế này nên đính chính lại thứ nhất đ c lê minh hưng là uv bộ ct ban bt tw đảng trưởng ban tc khoá xiii chiều 22 1 đại hội xiv gồm 1586 đại biểu mới bầu ra 200 uỷ viên khoá xiv 180 ct 20 dk trong đó có đ c lmh tái cử bch theo chương trình đh sáng 23 1 bch khoá mới sẽ họp phiên đầu tiên để bầu ra bct tbt cn ubkt sau khi có kq bộ ct sẽ tiến hành phân công nv trong đảng trong đó có chức danh trưởng ban tctw thứ hai theo điều lệ đảng và phân tích trên đã rõ chức danh trưởng ban tổ chức tw là phân công hoặc bổ nhiệm không phải chức danh bầu cử như vậy bài viết đồng chí lê minh hưng được bầu làm uv bộ chính trị trưởng ban tổ chức tw đảng tại đh này là chưa chính xác,36.0,Trung lập,Lê Minh Hưng,Thủ tướng,Nhân sự - Quyền lực,Không có từ khóa tiêu biểu
Facebook,https://www.facebook.com/quetui38/posts/ch%C3%BAc-m%E1%BB%ABng-%C4%91%E1%BB%93ng-ch%C3%AD-l%C3%AA-minh-h%C6%B0ng-%C4%91%C6%B0%E1%BB%A3c-b%E1%BA%A7u-l%C3%A0m-%E1%BB%A7y-vi%C3%AAn-b%E1%BB%99-ch%C3%ADnh-tr%E1%BB%8B-tr%C6%B0%E1%BB%9Fng-ban-t%E1%BB%95-/1200722822188321/,"Lê Minh Hưng tướng tá cao đẹp, phong độ, vừa có tài, vừa có đức, vừa giỏi về kinh tế. Bầu làm TT là chính xác nhất!",lê minh hưng tướng tá cao đẹp phong độ vừa có tài vừa có đức vừa giỏi về kinh tế bầu làm tt là chính xác nhất,21.0,Trung lập,Lê Minh Hưng,Thủ tướng,Kinh tế - Tài chính,Không có từ khóa tiêu biểu
Facebook,https://www.facebook.com/100082081114673/posts/th%E1%BB%A7-t%C6%B0%E1%BB%9Bng-ph%E1%BA%A1m-minh-ch%C3%ADnh-l%C3%A0-ng%C6%B0%E1%BB%9Di-cu%E1%BB%91i-c%C3%B9ng-r%E1%BB%9Di-kh%E1%BB%8Fi-b%E1%BB%A5c-%C4%91o%C3%A0n-ch%E1%BB%A7-t%E1%BB%8Bch-%C4%91%E1%BA%A1i-h%E1%BB%99i-/892054943540535/,Cảm ơn bác phạm minh chính người hùng đất việt,cảm ơn bác phạm minh chính người hùng đất việt,11.0,Trung lập,Phạm Minh Chính,Thủ tướng (Tái cử),Khác,Không có từ khóa tiêu biểu
Facebook,https://www.facebook.com/le.t.khoa.1/posts/k%E1%BA%BFt-qu%E1%BA%A3-s%E1%BA%AFp-x%E1%BA%BFp-nh%C3%A2n-s%E1%BB%B1-cho-%C4%91%E1%BA%A1i-h%E1%BB%99i-%C4%91%E1%BA%A3ng-c%E1%BB%99ng-s%E1%BA%A3n-vi%E1%BB%87t-nam-kh%C3%B3a-14-v%C3%A0o-n%C4%83m-2026-/10237523954426245/,bác chính . bác lâm .bác giang oke,bác chính bác lâm bác giang oke,3.0,Trung lập,Tô Lâm,Tổng Bí thư / Chủ tịch nước,Khác,Không có từ khóa tiêu biểu
Facebook,https://www.facebook.com/le.t.khoa.1/posts/k%E1%BA%BFt-qu%E1%BA%A3-s%E1%BA%AFp-x%E1%BA%BFp-nh%C3%A2n-s%E1%BB%B1-cho-%C4%91%E1%BA%A1i-h%E1%BB%99i-%C4%91%E1%BA%A3ng-c%E1%BB%99ng-s%E1%BA%A3n-vi%E1%BB%87t-nam-kh%C3%B3a-14-v%C3%A0o-n%C4%83m-2026-/10237523954426245/,Bác chính và bác lâm yêu cả hai tuyệt vời cả hai lãnh tụ cao cấp,bác chính và bác lâm yêu cả hai tuyệt vời cả hai lãnh tụ cao cấp,7.0,Tích cực,Tô Lâm,Tổng Bí thư / Chủ tịch nước,Khác,[+] tuyệt vời
Facebook,https://www.facebook.com/BBCnewsVietnamese/posts/t%E1%BB%A9-tr%E1%BB%A5-%C4%91%C3%A3-%C4%91%E1%BB%A7-chuy%C3%AAn-gia-qu%E1%BB%91c-t%E1%BA%BF-n%C3%B3i-g%C3%AC-sau-khi-%C3%B4ng-t%C3%B4-l%C3%A2m-b%C6%B0%E1%BB%9Bc-v%C3%A0o-t%E1%BB%A9-tr%E1%BB%A5-nhi%E1%BB%81u-/850248750474737/,Thủ tướng chính  là sĩ quân tình báo tôi nghi ông ấy sẽ kế nhiệm tổng Trọng,thủ tướng chính là sĩ quân tình báo tôi nghi ông ấy sẽ kế nhiệm tổng trọng,5.0,Trung lập,Phạm Minh Chính,Thủ tướng (Tái cử),Nhân sự - Quyền lực,Không có từ khóa tiêu biểu
Facebook,https://www.facebook.com/BBCnewsVietnamese/posts/t%E1%BB%A9-tr%E1%BB%A5-%C4%91%C3%A3-%C4%91%E1%BB%A7-chuy%C3%AAn-gia-qu%E1%BB%91c-t%E1%BA%BF-n%C3%B3i-g%C3%AC-sau-khi-%C3%B4ng-t%C3%B4-l%C3%A2m-b%C6%B0%E1%BB%9Bc-v%C3%A0o-t%E1%BB%A9-tr%E1%BB%A5-nhi%E1%BB%81u-/850248750474737/,Tổng bí thư TÔ LÂM rất xứng đáng. mong ông vững bước,tổng bí thư tô lâm rất xứng đáng mong ông vững bước,5.0,Tích cực,Tô Lâm,Tổng Bí thư / Chủ tịch nước,Khác,[+] xứng đáng
Facebook,https://www.facebook.com/onghocgia/posts/theo-th%C3%B4ng-l%E1%BB%87-ch%E1%BB%89-c%C3%B3-nh%E1%BB%AFng-ng%C6%B0%E1%BB%9Di-trong-t%E1%BB%A9-tr%E1%BB%A5-m%E1%BB%9Bi-%C4%91%C6%B0%E1%BB%A3c-x%C3%A9t-l%C3%A0-tr%C6%B0%E1%BB%9Dng-h%E1%BB%A3p-%C4%91%E1%BA%B7c-bi%E1%BB%87/1417790953457083/,Ủng hộ bác phan văn giang làm tổng bí thư,ủng hộ bác phan văn giang làm tổng bí thư,435.0,Tích cực,Tô Lâm,Tổng Bí thư / Chủ tịch nước,Khác,[+] ủng hộ
Facebook,https://www.facebook.com/onghocgia/posts/theo-th%C3%B4ng-l%E1%BB%87-ch%E1%BB%89-c%C3%B3-nh%E1%BB%AFng-ng%C6%B0%E1%BB%9Di-trong-t%E1%BB%A9-tr%E1%BB%A5-m%E1%BB%9Bi-%C4%91%C6%B0%E1%BB%A3c-x%C3%A9t-l%C3%A0-tr%C6%B0%E1%BB%9Dng-h%E1%BB%A3p-%C4%91%E1%BA%B7c-bi%E1%BB%87/1417790953457083/,"Ông Giang là người sứng đáng nhất làm tổng bí thư,
Vì ông trong sạch hơn cả...",ông giang là người sứng đáng nhất làm tổng bí thư vì ông trong sạch hơn cả,471.0,Tích cực,Tô Lâm,Tổng Bí thư / Chủ tịch nước,Uy tín - Đời tư,[+] trong sạch
Facebook,https://www.facebook.com/onghocgia/posts/theo-th%C3%B4ng-l%E1%BB%87-ch%E1%BB%89-c%C3%B3-nh%E1%BB%AFng-ng%C6%B0%E1%BB%9Di-trong-t%E1%BB%A9-tr%E1%BB%A5-m%E1%BB%9Bi-%C4%91%C6%B0%E1%BB%A3c-x%C3%A9t-l%C3%A0-tr%C6%B0%E1%BB%9Dng-h%E1%BB%A3p-%C4%91%E1%BA%B7c-bi%E1%BB%87/1417790953457083/,"Mong bác lên làm bí thư bãi bỏ bớt luật cải cách cho dân đở khổ,bác Tô lâm làm luật nhiều  quá",mong bác lên làm bí thư bãi bỏ bớt luật cải cách cho dân đở khổ bác tô lâm làm luật nhiều quá,270.0,Trung lập,Tô Lâm,Tổng Bí thư / Chủ tịch nước,Khác,Không có từ khóa tiêu biểu
Facebook,https://www.facebook.com/100082081114673/posts/nh%C3%A2n-s%E1%BB%B1-t%E1%BA%A1i-%C4%91%E1%BA%A1i-h%E1%BB%99i-%C4%91%E1%BA%A3ng-vi%E1%BB%87c-l%E1%BB%9Bn-kh%C3%B4ng-th%E1%BB%83-nghe-tin-%C4%91%E1%BB%93n/868899802522716/,Vừa rồi đại hội 15 đã kết thúc và đã biết bác tô Lâm vẫn được bầu vào ban chấp hành Trung ương chắc chắn bác sẽ làm một khóa nữa,vừa rồi đại hội 15 đã kết thúc và đã biết bác tô lâm vẫn được bầu vào ban chấp hành trung ương chắc chắn bác sẽ làm một khóa nữa,2.0,Trung lập,Tô Lâm,Tổng Bí thư / Chủ tịch nước,Khác,Không có từ khóa tiêu biểu
Facebook,https://www.facebook.com/BBCnewsVietnamese/posts/quy-tr%C3%ACnh-b%E1%BA%A7u-ch%E1%BB%A7-t%E1%BB%8Bch-n%C6%B0%E1%BB%9Bc-v%C3%A0-th%E1%BB%A7-t%C6%B0%E1%BB%9Bngqu%E1%BB%91c-h%E1%BB%99i-kh%C3%B3a-16-%C4%91%C6%B0%E1%BB%A3c-b%E1%BA%A7u-v%C3%A0o-ng%C3%A0y-153-v/1360854549414152/,"Theo tôi phiên họp đầu tiên của Quốc hội khóa XVI Nhiệm kỳ 2026  -2031 từ ngày 06/4/2026 - 25/4/2026 sẽ bầu Chủ tịch Quốc hội: Trần Thanh Mẫn, Chủ tịch nước : Phan Văn Giang, Thủ tướng Chính phủ: Trần Lưu Quang ...là phù hợp nhất cơ cấu vùng miền Bắc, Trung, Nam ...đều có hết....bà Nguyễn Thị Thanh PCT Nước CHXHCNVN.",theo tôi phiên họp đầu tiên của quốc hội khóa xvi nhiệm kỳ 2026 2031 từ ngày 06 4 2026 25 4 2026 sẽ bầu chủ tịch quốc hội trần thanh mẫn chủ tịch nước phan văn giang thủ tướng chính phủ trần lưu quang là phù hợp nhất cơ cấu vùng miền bắc trung nam đều có hết bà nguyễn thị thanh pct nước chxhcnvn,3.0,Trung lập,Phạm Minh Chính,Thủ tướng (Tái cử),Khác,Không có từ khóa tiêu biểu
Facebook,https://www.facebook.com/transanglap.vn/posts/kh%C3%A9p-l%E1%BA%A1i-vai-tr%C3%B2-trung-%C6%B0%C6%A1ngth%E1%BB%A7-t%C6%B0%E1%BB%9Bng-ph%E1%BA%A1m-minh-ch%C3%ADnh-kh%C3%B4ng-c%C3%B3-t%C3%AAn-trong-danh-s%C3%A1c/871193578829121/,"Thủ Tướng nói và làm, giống như Tổng Bí Thư Nguyễn Văn Linh . Chỉ làm một khóa mà ai cũng nhớ mãi.",thủ tướng nói và làm giống như tổng bí thư nguyễn văn linh chỉ làm một khóa mà ai cũng nhớ mãi,6.0,Trung lập,Tô Lâm,Tổng Bí thư / Chủ tịch nước,Khác,Không có từ khóa tiêu biểu
Facebook,https://www.facebook.com/transanglap.vn/posts/kh%C3%A9p-l%E1%BA%A1i-vai-tr%C3%B2-trung-%C6%B0%C6%A1ngth%E1%BB%A7-t%C6%B0%E1%BB%9Bng-ph%E1%BA%A1m-minh-ch%C3%ADnh-kh%C3%B4ng-c%C3%B3-t%C3%AAn-trong-danh-s%C3%A1c/871193578829121/,"Hinh ảnh Bác Phạm Minh Chính , Thủ Tướng Chính phủ, nay thôi nhiệm vụ , hình ảnh của Bác đã để lại trong lòng mỗi người dân, luôn nhớ mãi, lời lẽ, hành động, với chiếc áo ngắn tay, màu cỏ úa, đẫm mồ hôi ở những nơi dân cần , một hình ảnh đẹp của người lãnh đạo để lại trong lòng dân , rất mong đất nước có được người lãnh đạo như thế cho dân nhờ  .",hinh ảnh bác phạm minh chính thủ tướng chính phủ nay thôi nhiệm vụ hình ảnh của bác đã để lại trong lòng mỗi người dân luôn nhớ mãi lời lẽ hành động với chiếc áo ngắn tay màu cỏ úa đẫm mồ hôi ở những nơi dân cần một hình ảnh đẹp của người lãnh đạo để lại trong lòng dân rất mong đất nước có được người lãnh đạo như thế cho dân nhờ,4.0,Trung lập,Phạm Minh Chính,Thủ tướng (Tái cử),Khác,Không có từ khóa tiêu biểu
Facebook,https://www.facebook.com/Haucanquankhu4/posts/v%E1%BA%ADy-l%C3%A0-th%E1%BB%A7-t%C6%B0%E1%BB%9Bng-ph%E1%BA%A1m-minh-ch%C3%ADnh-%C4%91%C3%A3-kh%C3%B4ng-tr%E1%BB%9F-th%C3%A0nh-%E1%BB%A7y-vi%C3%AAn-trung-%C6%B0%C6%A1ng-%C4%91%E1%BA%A3ng-kh%C3%B3a/1205987361664170/,Xin kính chúc bác Phạm minh Chính mạnh khỏe hạnh phúc mãi mãi được toàn Đảng toàn Dân kính trọng yêu quý bác. Luôn luôn ghi nhớ biết ơn Bác rất nhiều.,xin kính chúc bác phạm minh chính mạnh khỏe hạnh phúc mãi mãi được toàn đảng toàn dân kính trọng yêu quý bác luôn luôn ghi nhớ biết ơn bác rất nhiều,9.0,Trung lập,Phạm Minh Chính,Thủ tướng (Tái cử),Khác,Không có từ khóa tiêu biểu
Facebook,https://www.facebook.com/BBCnewsVietnamese/posts/tr%C6%B0%E1%BB%9Fng-ban-t%E1%BB%95-ch%E1%BB%A9c-l%C3%AA-minh-h%C6%B0ng-v%C3%A0o-t%E1%BA%A7m-ng%E1%BA%AFm-gh%E1%BA%BF-n%C3%B3ng%C4%91%E1%BB%99ng-th%C3%A1i-r%C3%BAt-ng%E1%BA%AFn-th%E1%BB%9Di-gia/1315407470625527/,Ông Hưng chưa có tiền năng và chưa có tài bằng ông phạm minh chính ông chính là người có tâm có tầm gần dân lo cho dân giỏi đối ngoại giao dịch với người trên thế giới và ông chính vẫn còn khỏe và rất khỏe dân tộc việt nam Đang mong muốn ông chính ở lại làm thêm một khóa nữa,ông hưng chưa có tiền năng và chưa có tài bằng ông phạm minh chính ông chính là người có tâm có tầm gần dân lo cho dân giỏi đối ngoại giao dịch với người trên thế giới và ông chính vẫn còn khỏe và rất khỏe dân tộc việt nam đang mong muốn ông chính ở lại làm thêm một khóa nữa,2.0,Tích cực,Lê Minh Hưng,Thủ tướng,Uy tín - Đời tư,[+] gần dân
Facebook,https://www.facebook.com/BBCnewsVietnamese/posts/tr%C6%B0%E1%BB%9Fng-ban-t%E1%BB%95-ch%E1%BB%A9c-l%C3%AA-minh-h%C6%B0ng-v%C3%A0o-t%E1%BA%A7m-ng%E1%BA%AFm-gh%E1%BA%BF-n%C3%B3ng%C4%91%E1%BB%99ng-th%C3%A1i-r%C3%BAt-ng%E1%BA%AFn-th%E1%BB%9Di-gia/1315407470625527/,Tôi bầu lê minh Hưng lam thủ tướng người này đủ năng lực .,tôi bầu lê minh hưng lam thủ tướng người này đủ năng lực,0.0,Trung lập,Lê Minh Hưng,Thủ tướng,Khác,Không có từ khóa tiêu biểu
Facebook,https://www.facebook.com/BBCnewsVietnamese/photos/l%C3%AA-minh-h%C6%B0ng-c%C6%A1-h%E1%BB%99i-v%C3%A0-%E1%BA%A9n-s%E1%BB%91-cho-chi%E1%BA%BFc-gh%E1%BA%BF-th%E1%BB%A7-t%C6%B0%E1%BB%9Bngth%E1%BB%A7-t%C6%B0%E1%BB%9Bng-%C4%91%C6%B0%C6%A1ng-nhi%E1%BB%87m-ph%E1%BA%A1m-m/1308599851306289/,ông Chính làm tiếp được mà,ông chính làm tiếp được mà,10.0,Trung lập,Phạm Minh Chính,Thủ tướng (Tái cử),Khác,Không có từ khóa tiêu biểu
Facebook,https://www.facebook.com/BBCnewsVietnamese/photos/l%C3%AA-minh-h%C6%B0ng-c%C6%A1-h%E1%BB%99i-v%C3%A0-%E1%BA%A9n-s%E1%BB%91-cho-chi%E1%BA%BFc-gh%E1%BA%BF-th%E1%BB%A7-t%C6%B0%E1%BB%9Bngth%E1%BB%A7-t%C6%B0%E1%BB%9Bng-%C4%91%C6%B0%C6%A1ng-nhi%E1%BB%87m-ph%E1%BA%A1m-m/1308599851306289/,"Dân cùng đảng đồng lòng,để ông Phạm Minh Chính làm thêm khoá nữa, sức khoẻ, mình mẫn của ông vẫn còn tốt.",dân cùng đảng đồng lòng để ông phạm minh chính làm thêm khoá nữa sức khoẻ mình mẫn của ông vẫn còn tốt,2.0,Trung lập,Phạm Minh Chính,Thủ tướng (Tái cử),Khác,Không có từ khóa tiêu biểu
Facebook,https://www.facebook.com/100069223899636/posts/th%E1%BB%A7-t%C6%B0%E1%BB%9Bng-ph%E1%BA%A1m-minh-ch%C3%ADnh-kh%C3%A9p-l%E1%BA%A1i-vai-tr%C3%B2-nhi%E1%BB%87m-v%E1%BB%A5-trung-%C6%B0%C6%A1ngth%E1%BB%A7-t%C6%B0%E1%BB%9Bng-ph%E1%BA%A1m-min/1201275685523217/,"Ông Phạm Minh Chính - một TTCP gần dân, thương dân, vì dân vì nước. Dẫu sau ĐH Đảng 14 ông sẽ còn không tiếp tục ở vị trí đó nữa nhưng  hình ảnh của ông luôn in đậm mãi mãi trong lòng mỗi người dân VN !",ông phạm minh chính một ttcp gần dân thương dân vì dân vì nước dẫu sau đh đảng 14 ông sẽ còn không tiếp tục ở vị trí đó nữa nhưng hình ảnh của ông luôn in đậm mãi mãi trong lòng mỗi người dân vn,0.0,Tích cực,Phạm Minh Chính,Thủ tướng (Tái cử),Uy tín - Đời tư,"[+] vì dân, gần dân"
Facebook,https://www.facebook.com/100069223899636/posts/th%E1%BB%A7-t%C6%B0%E1%BB%9Bng-ph%E1%BA%A1m-minh-ch%C3%ADnh-kh%C3%A9p-l%E1%BA%A1i-vai-tr%C3%B2-nhi%E1%BB%87m-v%E1%BB%A5-trung-%C6%B0%C6%A1ngth%E1%BB%A7-t%C6%B0%E1%BB%9Bng-ph%E1%BA%A1m-min/1201275685523217/,"Nhân dân Việt Nam kính  chúc nguyên Thủ tướng Phạm Minh Chính luôn luôn mạnh khỏe, trường thọ và hạnh phúc. Nhân dân VN biết ơn công lao của Thủ tướng vì dân nhiều lắm.",nhân dân việt nam kính chúc nguyên thủ tướng phạm minh chính luôn luôn mạnh khỏe trường thọ và hạnh phúc nhân dân vn biết ơn công lao của thủ tướng vì dân nhiều lắm,0.0,Tích cực,Phạm Minh Chính,Thủ tướng (Tái cử),Khác,[+] vì dân
Facebook,https://www.facebook.com/hocgiahd/posts/%C4%91%C4%83ng-l%E1%BA%A1is%C3%A1ng-nay-%C4%91%E1%BA%A3ng-c%E1%BB%99ng-s%E1%BA%A3n-b%E1%BA%A5t-ng%E1%BB%9D-t%E1%BB%95-ch%E1%BB%A9c-h%E1%BB%99i-ngh%E1%BB%8B-trung-%C6%B0%C6%A1ng-%C4%91%E1%BA%A3ng-l%E1%BA%A7n-th%E1%BB%A9-/25014419021548861/,Tôi thích bác Giang nhưng ủng hộ bác lâm. Làm,tôi thích bác giang nhưng ủng hộ bác lâm làm,3.0,Tích cực,Tô Lâm,Tổng Bí thư / Chủ tịch nước,Khác,[+] ủng hộ
Facebook,https://www.facebook.com/dereknvtdtv/posts/gi%E1%BA%A3i-th%C3%ADch-tin-%C4%91%E1%BB%93n-%C3%B4ng-l%C3%AA-minh-h%C6%B0ng-tr%C6%B0%E1%BB%A3t-gh%E1%BA%BF-th%E1%BB%A7-t%C6%B0%E1%BB%9Bngtr%E1%BB%B1c-ti%E1%BA%BFp-%EF%B8%8F/1614697002967995/,Có khi nào Tô Lâm mời lại nguyên TT 3Dũng về làm lại TT kg,có khi nào tô lâm mời lại nguyên tt 3dũng về làm lại tt kg,36.0,Trung lập,Tô Lâm,Tổng Bí thư / Chủ tịch nước,Khác,Không có từ khóa tiêu biểu
Facebook,https://www.facebook.com/dereknvtdtv/posts/gi%E1%BA%A3i-th%C3%ADch-tin-%C4%91%E1%BB%93n-%C3%B4ng-l%C3%AA-minh-h%C6%B0ng-tr%C6%B0%E1%BB%A3t-gh%E1%BA%BF-th%E1%BB%A7-t%C6%B0%E1%BB%9Bngtr%E1%BB%B1c-ti%E1%BA%BFp-%EF%B8%8F/1614697002967995/,Ông Hưng thì khỏi bàn đi.,ông hưng thì khỏi bàn đi,11.0,Trung lập,Lê Minh Hưng,Thủ tướng,Khác,Không có từ khóa tiêu biểu
Facebook,https://www.facebook.com/100008748788130/posts/sang-n%C4%83m-2026-t%E1%BA%A1i-%C4%91%E1%BA%A1i-h%E1%BB%99i-%C4%91%E1%BA%A3ng-xiv-ch%C3%ADnh-ph%E1%BB%A7-vi%E1%BB%87t-nam-s%E1%BA%BD-ch%E1%BB%A9ng-ki%E1%BA%BFn-s%E1%BB%B1-hi%E1%BB%87n-di%E1%BB%87n/3820682748233314/,cmột dat nước nhỏ bé chín ông bà phó thủ tướng ông tô lâm dưa bốn người vào trong lúc này nhằm bỏ phiếu cho ông ấy danh dô ông Phan Văn giang de giữ chức bí thư chọn doi,cmột dat nước nhỏ bé chín ông bà phó thủ tướng ông tô lâm dưa bốn người vào trong lúc này nhằm bỏ phiếu cho ông ấy danh dô ông phan văn giang de giữ chức bí thư chọn doi,2.0,Trung lập,Tô Lâm,Tổng Bí thư / Chủ tịch nước,Khác,Không có từ khóa tiêu biểu
Facebook,https://www.facebook.com/100008748788130/posts/sang-n%C4%83m-2026-t%E1%BA%A1i-%C4%91%E1%BA%A1i-h%E1%BB%99i-%C4%91%E1%BA%A3ng-xiv-ch%C3%ADnh-ph%E1%BB%A7-vi%E1%BB%87t-nam-s%E1%BA%BD-ch%E1%BB%A9ng-ki%E1%BA%BFn-s%E1%BB%B1-hi%E1%BB%87n-di%E1%BB%87n/3820682748233314/,Ông chính là hợp lòng dân nhất dù có tham ô hay ko nhưng ông vẫn là người gần dân và thương dân nhất ông có bè phái hay không nhưng nó không lộ liễu như ông khác vừa lên cái gì cũng vơ về hy,ông chính là hợp lòng dân nhất dù có tham ô hay ko nhưng ông vẫn là người gần dân và thương dân nhất ông có bè phái hay không nhưng nó không lộ liễu như ông khác vừa lên cái gì cũng vơ về hy,2.0,Tích cực,Phạm Minh Chính,Thủ tướng (Tái cử),Uy tín - Đời tư,[+] gần dân
Facebook,https://www.facebook.com/BBCnewsVietnamese/posts/th%E1%BB%A7-t%C6%B0%E1%BB%9Bng-ch%C3%ADnh-v%C3%A0-nh%E1%BB%AFng-%E1%BB%A7y-vi%C3%AAn-b%E1%BB%99-ch%C3%ADnh-tr%E1%BB%8B-n%C3%A0o-kh%C3%B4ng-v%C3%A0o-ban-ch%E1%BA%A5p-h%C3%A0nh-trung-/1315588610607413/,Ông mẫn chả được tích sự gì vẫn trúng 😂,ông mẫn chả được tích sự gì vẫn trúng,65.0,Trung lập,Trần Thanh Mẫn,Chủ tịch Quốc hội,Khác,Không có từ khóa tiêu biểu
Facebook,https://www.facebook.com/BBCnewsVietnamese/photos/%C4%91%E1%BA%A1i-h%E1%BB%99i-14-th%E1%BB%A7-t%C6%B0%E1%BB%9Bng-ph%E1%BA%A1m-minh-ch%C3%ADnh-b%C6%B0%E1%BB%9Bc-ti%E1%BA%BFp-hay-d%E1%BB%ABng-l%E1%BA%A1ich%E1%BB%A9c-v%E1%BB%A5-th%E1%BB%A7-t%C6%B0%E1%BB%9Bng-ch%C3%AD/1311067874392820/,Vì nhất nhiều lý do : năng lực làm việc củng như những vấn đề nhạy cảm khác nên khả năng cao là ông Chính sẻ tiếp tục giữ chức Thủ tướng khóa tới,vì nhất nhiều lý do năng lực làm việc củng như những vấn đề nhạy cảm khác nên khả năng cao là ông chính sẻ tiếp tục giữ chức thủ tướng khóa tới,34.0,Trung lập,Phạm Minh Chính,Thủ tướng (Tái cử),Khác,Không có từ khóa tiêu biểu
Facebook,https://www.facebook.com/BBCnewsVietnamese/photos/%C4%91%E1%BA%A1i-h%E1%BB%99i-14-th%E1%BB%A7-t%C6%B0%E1%BB%9Bng-ph%E1%BA%A1m-minh-ch%C3%ADnh-b%C6%B0%E1%BB%9Bc-ti%E1%BA%BFp-hay-d%E1%BB%ABng-l%E1%BA%A1ich%E1%BB%A9c-v%E1%BB%A5-th%E1%BB%A7-t%C6%B0%E1%BB%9Bng-ch%C3%AD/1311067874392820/,"Nhận định của Giáo sư Cathay rất chính xác ,chỉ có ông Chính mới làm được,để người khác là khó đấy !",nhận định của giáo sư cathay rất chính xác chỉ có ông chính mới làm được để người khác là khó đấy,11.0,Trung lập,Phạm Minh Chính,Thủ tướng (Tái cử),Khác,Không có từ khóa tiêu biểu
Facebook,https://www.facebook.com/NguoiVietOnline/posts/h%E1%BA%ADu-%C4%91%E1%BA%A1i-h%E1%BB%99i-14-%C3%B4ng-ph%E1%BA%A1m-minh-ch%C3%ADnh-r%E1%BB%9Di-gh%E1%BA%BF-th%E1%BB%A7-t%C6%B0%E1%BB%9Bng-k%E1%BA%BFt-th%C3%BAc-k%E1%BB%B7-nguy%C3%AAn-ng%C6%B0%E1%BB%9Di-s%C3%B3/1337064078455554/,"Một vị thủ tướng được lòng dân cũng như ông Võ Văn Kiệt khi rời nhiệm được lòng dân. Như vậy là Việt nam có 3 vị thủ tướng được lòng nhất là:
 Phạm văn Đồng. 
Võ Văn Kiệt 
Phạm minh Chính.",một vị thủ tướng được lòng dân cũng như ông võ văn kiệt khi rời nhiệm được lòng dân như vậy là việt nam có 3 vị thủ tướng được lòng nhất là phạm văn đồng võ văn kiệt phạm minh chính,31.0,Trung lập,Phạm Minh Chính,Thủ tướng (Tái cử),Khác,Không có từ khóa tiêu biểu
Facebook,https://www.facebook.com/BBCnewsVietnamese/photos/%C3%B4ng-l%C3%AA-minh-h%C6%B0ng-tr%C3%BAng-c%E1%BB%AD-v%E1%BB%9Bi-t%E1%BB%89-l%E1%BB%87-phi%E1%BA%BFu-b%E1%BA%A7u-cao-nh%E1%BA%A5t%C3%B4ng-l%C3%AA-minh-h%C6%B0ng-tr%C6%B0%E1%BB%9Fng-ba/1365514325614841/,"Ông Hưng 98,66%. Ở bên xứ Triều có ông Kim zong Un cũng chúng số phiếu 99 93% . Thiên hạ gọi hai ông này số đỏ nhất thế giới 😋",ông hưng 98 66 ở bên xứ triều có ông kim zong un cũng chúng số phiếu 99 93 thiên hạ gọi hai ông này số đỏ nhất thế giới,1.0,Trung lập,Lê Minh Hưng,Thủ tướng,Khác,Không có từ khóa tiêu biểu
Facebook,https://www.facebook.com/BBCnewsVietnamese/posts/bi%C3%AA%CC%81n-chuy%C3%AA%CC%89n-la%CC%83nh-%C4%91a%CC%A3o-nh%C3%A2n-s%C6%B0%CC%A3-chu%CC%89-ch%C3%B4%CC%81t-khi-%C4%91%C6%B0a-tin-v%C3%AA%CC%80-%C4%91a%CC%A3i-h%C3%B4%CC%A3i-14-cu%CC%89a-%C4%91/1314180647414876/,"Hung Yên trước có bác  Nguyễn Văn Linh đổi mới khoản 10 giờ có bác tô Lâm  Thu gọn tình thành hưng yên tuyệt đỉnh,",hung yên trước có bác nguyễn văn linh đổi mới khoản 10 giờ có bác tô lâm thu gọn tình thành hưng yên tuyệt đỉnh,11.0,Tích cực,Tô Lâm,Tổng Bí thư / Chủ tịch nước,Khác,[+] đổi mới
Facebook,https://www.facebook.com/kienthuc2026/videos/l%C3%AA-minh-h%C6%B0ng-s%E1%BA%AFp-thay-gh%E1%BA%BF-ph%E1%BA%A1m-minh-ch%C3%ADnh-tr%C3%BAng-c%E1%BB%AD-v%E1%BB%9Bi-t%E1%BB%89-l%E1%BB%87-999%C3%B4ng-l%C3%AA-minh-h%C6%B0ng/957724203445592/,Dù đến ông nào đi chăng nữa cũng không thể  so với ông Hà Phạm Minh chính được đâu,dù đến ông nào đi chăng nữa cũng không thể so với ông hà phạm minh chính được đâu,1.0,Trung lập,Phạm Minh Chính,Thủ tướng (Tái cử),Khác,Không có từ khóa tiêu biểu
Facebook,https://www.facebook.com/kienthuc2026/videos/l%C3%AA-minh-h%C6%B0ng-s%E1%BA%AFp-thay-gh%E1%BA%BF-ph%E1%BA%A1m-minh-ch%C3%ADnh-tr%C3%BAng-c%E1%BB%AD-v%E1%BB%9Bi-t%E1%BB%89-l%E1%BB%87-999%C3%B4ng-l%C3%AA-minh-h%C6%B0ng/957724203445592/,Ông Phạm minh Chính  vẫn là thủ tướng .,ông phạm minh chính vẫn là thủ tướng,1.0,Trung lập,Phạm Minh Chính,Thủ tướng (Tái cử),Khác,Không có từ khóa tiêu biểu
Facebook,https://www.facebook.com/nhatkyyeunuoc1/posts/khi-h%C3%B2m-phi%E1%BA%BFu-kh%C3%B4ng-c%C3%B2n-trung-l%E1%BA%ADp-phe-qu%C3%A2n-%C4%91%E1%BB%99i-ra-tay-tr%C6%B0%E1%BB%9Bc-%C4%91%E1%BA%A1i-h%E1%BB%99i-xivc%C3%A0ng-ti%E1%BA%BFn/1321871226649020/,Toàn dân cũng đang rất cầu mong cho tô lâm nghỉ việc mà,toàn dân cũng đang rất cầu mong cho tô lâm nghỉ việc mà,10.0,Trung lập,Tô Lâm,Tổng Bí thư / Chủ tịch nước,Khác,Không có từ khóa tiêu biểu
Facebook,https://www.facebook.com/100082081114673/posts/c%C3%B4ng-b%E1%BB%91-b%E1%BB%99-ch%C3%ADnh-tr%E1%BB%8B-kh%C3%B3a-14ch%E1%BB%A7-t%E1%BB%8Bch-qu%E1%BB%91c-h%E1%BB%99i-tr%E1%BA%A7n-thanh-m%E1%BA%ABn-cho-bi%E1%BA%BFt-ban-ch%E1%BA%A5p-h/891388920273804/,Bác phạm minh chính đâu 😛,bác phạm minh chính đâu,10.0,Trung lập,Phạm Minh Chính,Thủ tướng (Tái cử),Khác,Không có từ khóa tiêu biểu
Facebook,https://www.facebook.com/nguyendanghai.thanglong/posts/l%E1%BB%99-di%E1%BB%87n-%E1%BB%A9ng-c%E1%BB%AD-vi%C3%AAn-th%E1%BB%A7-t%C6%B0%E1%BB%9Bng-l%C3%AA-minh-h%C6%B0ng-v%E1%BB%ABa-c%C3%B3-quy%E1%BA%BFt-%C4%91%E1%BB%8Bnh-ph%C3%A2n-c%C3%B4ng-v%C3%A0o-ban-b/2959268110947023/,"Ông Chính phải làm hết nhiệm kỳ QH mới nghỉ, Hưng sẽ làm TT kế nhiệm, Túc sang thay Hưng.
    Chuyện mỗi ghế ngồi vài ngày rồi lại nhảy nay là thường!",ông chính phải làm hết nhiệm kỳ qh mới nghỉ hưng sẽ làm tt kế nhiệm túc sang thay hưng chuyện mỗi ghế ngồi vài ngày rồi lại nhảy nay là thường,2.0,Trung lập,Phạm Minh Chính,Thủ tướng (Tái cử),Nhân sự - Quyền lực,Không có từ khóa tiêu biểu
Facebook,https://www.facebook.com/nguyendanghai.thanglong/posts/l%E1%BB%99-di%E1%BB%87n-%E1%BB%A9ng-c%E1%BB%AD-vi%C3%AAn-th%E1%BB%A7-t%C6%B0%E1%BB%9Bng-l%C3%AA-minh-h%C6%B0ng-v%E1%BB%ABa-c%C3%B3-quy%E1%BA%BFt-%C4%91%E1%BB%8Bnh-ph%C3%A2n-c%C3%B4ng-v%C3%A0o-ban-b/2959268110947023/,Chính ra chính phủ giao cho bác Tô Lâm làm TT luôn cho tinh giảm,chính ra chính phủ giao cho bác tô lâm làm tt luôn cho tinh giảm,1.0,Trung lập,Tô Lâm,Tổng Bí thư / Chủ tịch nước,Khác,Không có từ khóa tiêu biểu
Facebook,https://www.facebook.com/hocgiahd/posts/th%E1%BB%A7-t%C6%B0%E1%BB%9Bng-nguy%E1%BB%85n-duy-ng%E1%BB%8Dc-n%C3%B3i-lu%C3%B4n-kh%C3%B4ng-c%C3%A1c-b%E1%BA%A1n-l%E1%BA%A1i-b%E1%BA%A3o-m%C3%ACnh-ch%C3%A9m-c%C3%A1i-n%C3%A0y-l%C3%A0-%C6%B0%E1%BB%9B/26069201099403976/,"Ông học giả pha này nói chuẩn, chỉ Bác Ngọc ( NGUYỄN DUY NGỌC-BT HN) hiện này là đủ tư cách, bản lĩnh để ngỗi ghế Thủ Tướng, ít ra về độ tuổi, uy tín, bản lĩnh, ông hoen hẳn các ông UVBCT còn lại. Có thể nói nếu sau bác TL thi bác Ngọc là số 1 , số 2 là a Tô Long.  Nếu bác Ngọc dc bầu TT thì bác Lâm có tầm nhìn chiến lược cho 3-40 năm.",ông học giả pha này nói chuẩn chỉ bác ngọc nguyễn duy ngọc bt hn hiện này là đủ tư cách bản lĩnh để ngỗi ghế thủ tướng ít ra về độ tuổi uy tín bản lĩnh ông hoen hẳn các ông uvbct còn lại có thể nói nếu sau bác tl thi bác ngọc là số 1 số 2 là a tô long nếu bác ngọc dc bầu tt thì bác lâm có tầm nhìn chiến lược cho 3 40 năm,73.0,Tích cực,Tô Lâm,Tổng Bí thư / Chủ tịch nước,Uy tín - Đời tư,[+] bản lĩnh
Facebook,https://www.facebook.com/hocgiahd/posts/b%C3%A1c-m%E1%BA%ABn-s%E1%BA%BD-%C4%91%C6%B0%E1%BB%A3c-canh-d%C6%B0a-h%E1%BA%BFt-th%C3%A1ng-10-r%E1%BB%93i-v%E1%BB%81-nghe-%C4%91%C3%A0i-b%C3%A1c-tr%E1%BA%A7n-c%E1%BA%A9m-t%C3%BA-m%E1%BA%B7c-d%C3%B9-d%C3%ADn/24404143382576431/,"Đọc xong mới thấy bù nhìn đi bắt ốc-> nói MÒ.
  I- Về tứ trụ: số 1 khỏi nói nói
   Các vị trí còn lại đầu tiên phải là UVBCT, và có thể phải từ khoá 13.
  II- Chắc chắn sẽ lên UVBCT khoá 14 gồm 4 UV Ban bí thư : 1-Lê Minh Trí - chánh án, 2- Trịnh Văn Quyết - cn tổng cục CT, 3- Lê Hoài Trung - chánh văn phòng TW, 4- Trần Lưu Quang - bí thư SG
   III- UVBCT khoá 13 chắc chắn tái đắc cử khoá 14: 1/Tô Lâm - TBT, 2/Nguyễn Duy Ngọc - kiểm tra, 3/ Lê Minh Hưng- tổ chức, 4/ Lương Tam Quang CA, Nguyễn Thị Minh Hoài- bí HN, 
  IV- UVBCT khoá 14 sáng giá: 1/ Nguyễn Thanh Nghị - chính sách chiến lược(trưởng ban tất nhiên sẽ là UVBCT), 2/ Nguyễn Tân Cương - Tổng tham mưu trưởng để lên ghế bộ trưởng bộ Quốc phòng.
  Những vị trí UVBCT trên là phần cứng xác xuất 99,9% là chính xác.
  Phần mềm sẽ nhẩy múa theo.
   Ví dụ: với Phan Văn Giang có các giả thiết  tiếp tục tái bộ trưởng (khả năng thấp), nghỉ hưu (khả năng ít) lên tứ trụ (khả năng cao)
  Nếu bác Giang nghỉ hoặc lên tứ trụ ai sẽ kế nhiệm? Có 2 trường hợp Trịnh Văn Quyến hoặc Nguyễn Tân Cương (khả năng cao) nếu là bác Cương thì chắc chắn bác Cương sẽ là tân UVBCT, bác Quyết khả năng cao cũng là tân UVBCT vì bác hiện đang là UV Ban bí thư khoá 13.
  Nếu bác Giang đảm nhận tứ trụ thì sẽ vị trí nào?
   Thủ tướng? Khả năng thấp (không hợp) 
   Chủ tịch quốc hội? Cũng thấp. Tôi nghĩ bác Giang sẽ thấy bác Cường ghế chủ tịch nước.
   Để chạy xong cuốc xe ôm viết tiếp.
 UVBCT gồm: 4 tứ trụ+ 2hoặc 3 bộ  + 2 thành +   1 thường trực +1 kiểm tra + 1 mặt trận TQ + 4 ban (tổ chức, tuyên giáo, nội chính, chính sách)",đọc xong mới thấy bù nhìn đi bắt ốc nói mò i về tứ trụ số 1 khỏi nói nói các vị trí còn lại đầu tiên phải là uvbct và có thể phải từ khoá 13 ii chắc chắn sẽ lên uvbct khoá 14 gồm 4 uv ban bí thư 1 lê minh trí chánh án 2 trịnh văn quyết cn tổng cục ct 3 lê hoài trung chánh văn phòng tw 4 trần lưu quang bí thư sg iii uvbct khoá 13 chắc chắn tái đắc cử khoá 14 1 tô lâm tbt 2 nguyễn duy ngọc kiểm tra 3 lê minh hưng tổ chức 4 lương tam quang ca nguyễn thị minh hoài bí hn iv uvbct khoá 14 sáng giá 1 nguyễn thanh nghị chính sách chiến lược trưởng ban tất nhiên sẽ là uvbct 2 nguyễn tân cương tổng tham mưu trưởng để lên ghế bộ trưởng bộ quốc phòng những vị trí uvbct trên là phần cứng xác xuất 99 9 là chính xác phần mềm sẽ nhẩy múa theo ví dụ với phan văn giang có các giả thiết tiếp tục tái bộ trưởng khả năng thấp nghỉ hưu khả năng ít lên tứ trụ khả năng cao nếu bác giang nghỉ hoặc lên tứ trụ ai sẽ kế nhiệm có 2 trường hợp trịnh văn quyến hoặc nguyễn tân cương khả năng cao nếu là bác cương thì chắc chắn bác cương sẽ là tân uvbct bác quyết khả năng cao cũng là tân uvbct vì bác hiện đang là uv ban bí thư khoá 13 nếu bác giang đảm nhận tứ trụ thì sẽ vị trí nào thủ tướng khả năng thấp không hợp chủ tịch quốc hội cũng thấp tôi nghĩ bác giang sẽ thấy bác cường ghế chủ tịch nước để chạy xong cuốc xe ôm viết tiếp uvbct gồm 4 tứ trụ 2hoặc 3 bộ 2 thành 1 thường trực 1 kiểm tra 1 mặt trận tq 4 ban tổ chức tuyên giáo nội chính chính sách,14.0,Tiêu cực,Lê Minh Hưng,Thủ tướng,Nhân sự - Quyền lực,[-] bù nhìn
Facebook,https://www.facebook.com/nguoibuon.gio.9/posts/tin-n%E1%BB%99i-b%E1%BB%99-r%C3%B2-r%E1%BB%89-nh%C3%A2n-s%E1%BB%B1-v%C3%A0-so-s%C3%A1nh-th%E1%BB%B1c-t%E1%BA%BFh%E1%BB%99i-ngh%E1%BB%8B-trung-%C6%B0%C6%A1ng-14-nh%C3%B3m-h%E1%BB%8Dp-v%E1%BB%ABa-q/25201599842804971/,"Tin đồn Lâm-Giang đấu nhau tranh ghế bang chủ đã xuất hiện với tần suất khá là nhiều kể từ sau HNTW 13. Tuy nhiên, như anh Hiếu nói và thông lệ, lịch sử thì chưa có bộ trưởng BQP lên thẳng TBT. Tiền lệ cũng có người của QĐ làm chủ nhiệm TCCT (cấp dưới bộ trưởng) làm TBT, nhưng tiền lệ đã quá lâu, trong khi thời thế, lý luận đã thay đổi rất nhiều. Thời chiến và vừa kết thúc chiến tranh khác với thời bình này. Vì vậy, việc đưa 1 người đương chức bộ trưởng lên thẳng TBT khả năng cao là bằng 0 (trừ khi có trường hợp đặc biệt xảy ra). 
Nhưng tin đồn trên có 1 ẩn ý. Rằng uy tín Giang đang lên như diều, lại còn lấn lướt cả đương kim CTN Lương Cường, người được xem là trường hợp đặc biệt chưa làm trọn vẹn 1 nhiệm kỳ được bầu làm CTN. Nếu nhìn theo hướng này, có thể thấy nhiều sự kiện có sự liên quan. Đã hơn 1 năm nay, hình ảnh LC như bị lu mờ hoàn toàn như dưng. Tô Lâm họp quân ủy thì oai như cóc, Tô Lâm làm trưởng ban chỉ đạo tháo gỡ pháp luật trong khi đó Cường đang làm trưởng ban chỉ đạo cải cách tư pháp, pháp luật. Tô Lâm đi ngoại giao có đệ đóm và Giang tháp tùng, Lương Cương đi ngoại giao cũng chỉ có đại diện bộ ngành. Lũ lụt ở Thái Nguyên, Tô Lâm đến nhà Giang ở Thái Nguyên. Có lẽ đây là chiến dịch tạo tin đồn nhằm ép LC về hưu để nhường ghế lại Giang. Chứ Tô Lâm như vậy, sao mà lung la",tin đồn lâm giang đấu nhau tranh ghế bang chủ đã xuất hiện với tần suất khá là nhiều kể từ sau hntw 13 tuy nhiên như anh hiếu nói và thông lệ lịch sử thì chưa có bộ trưởng bqp lên thẳng tbt tiền lệ cũng có người của qđ làm chủ nhiệm tcct cấp dưới bộ trưởng làm tbt nhưng tiền lệ đã quá lâu trong khi thời thế lý luận đã thay đổi rất nhiều thời chiến và vừa kết thúc chiến tranh khác với thời bình này vì vậy việc đưa 1 người đương chức bộ trưởng lên thẳng tbt khả năng cao là bằng 0 trừ khi có trường hợp đặc biệt xảy ra nhưng tin đồn trên có 1 ẩn ý rằng uy tín giang đang lên như diều lại còn lấn lướt cả đương kim ctn lương cường người được xem là trường hợp đặc biệt chưa làm trọn vẹn 1 nhiệm kỳ được bầu làm ctn nếu nhìn theo hướng này có thể thấy nhiều sự kiện có sự liên quan đã hơn 1 năm nay hình ảnh lc như bị lu mờ hoàn toàn như dưng tô lâm họp quân ủy thì oai như cóc tô lâm làm trưởng ban chỉ đạo tháo gỡ pháp luật trong khi đó cường đang làm trưởng ban chỉ đạo cải cách tư pháp pháp luật tô lâm đi ngoại giao có đệ đóm và giang tháp tùng lương cương đi ngoại giao cũng chỉ có đại diện bộ ngành lũ lụt ở thái nguyên tô lâm đến nhà giang ở thái nguyên có lẽ đây là chiến dịch tạo tin đồn nhằm ép lc về hưu để nhường ghế lại giang chứ tô lâm như vậy sao mà lung la,107.0,Trung lập,Tô Lâm,Tổng Bí thư / Chủ tịch nước,Khác,Không có từ khóa tiêu biểu
Facebook,https://www.facebook.com/hieubuongio.09/posts/b%C3%ACnh-lu%E1%BA%ADn-v%E1%BB%81-tin-%C4%91%E1%BB%93n-nh%C3%A2n-s%E1%BB%B1-tr%C3%AAn-m%E1%BA%A1ng-x%C3%A3-h%E1%BB%99ihi%E1%BB%87n-nay-tin-%C4%91%E1%BB%93n-c%C3%B3-danh-s%C3%A1ch-%C4%91%E1%BA%A7y-%C4%91/875599674979752/,"Thấy Bác nào lên cũng vậy, từ thời Bác Hồ, Bác Duẩn.....Bác Trọng đến Bác Lâm .... 10 Bác như 1. Hy vọng Bác nào lên $ có giá trị là dân nhờ",thấy bác nào lên cũng vậy từ thời bác hồ bác duẩn bác trọng đến bác lâm 10 bác như 1 hy vọng bác nào lên có giá trị là dân nhờ,1.0,Trung lập,Tô Lâm,Tổng Bí thư / Chủ tịch nước,Khác,Không có từ khóa tiêu biểu
Facebook,https://www.facebook.com/hieubuongio.09/posts/b%C3%ACnh-lu%E1%BA%ADn-v%E1%BB%81-tin-%C4%91%E1%BB%93n-nh%C3%A2n-s%E1%BB%B1-tr%C3%AAn-m%E1%BA%A1ng-x%C3%A3-h%E1%BB%99ihi%E1%BB%87n-nay-tin-%C4%91%E1%BB%93n-c%C3%B3-danh-s%C3%A1ch-%C4%91%E1%BA%A7y-%C4%91/875599674979752/,"Tin đồn nhảm: không thể trong 1 huyện lại có2 tứ trụ ( ông Tú và ông Hưng: Cùng huyện Hương Sơn , Hà Tĩnh )",tin đồn nhảm không thể trong 1 huyện lại có2 tứ trụ ông tú và ông hưng cùng huyện hương sơn hà tĩnh,28.0,Trung lập,Lê Minh Hưng,Thủ tướng,Nhân sự - Quyền lực,Không có từ khóa tiêu biểu
Facebook,https://www.facebook.com/DatNuocVuonMinhVN/posts/kh%E1%BA%A3-n%C4%83ng-c%E1%BB%A7a-%C4%91%E1%BB%93ng-ch%C3%AD-l%C3%AA-minh-h%C6%B0ng-v%E1%BB%81-%C4%91i%E1%BB%81u-h%C3%A0nh-kinh-t%E1%BA%BF-v%C4%A9-m%C3%B4-l%C3%A0-kh%C3%B4ng-ph%E1%BA%A3i-b%C3%A0n-/122124037971006011/,Đ/c Lê Minh Hưng giỏi mọi lĩnh vực.Chúc mừng đ/c!,đ c lê minh hưng giỏi mọi lĩnh vực chúc mừng đ c,6.0,Trung lập,Lê Minh Hưng,Thủ tướng,Khác,Không có từ khóa tiêu biểu
Facebook,https://www.facebook.com/100066616718413/posts/theo-danh-s%C3%A1ch-ban-ch%E1%BA%A5p-h%C3%A0nh-trung-%C6%B0%C6%A1ng-%C4%91%E1%BA%A3ng-kh%C3%B3a-xiv-%C4%91%C6%B0%E1%BB%A3c-c%C3%B4ng-b%E1%BB%91-t%E1%BA%A1i-%C4%91%E1%BA%A1i-h%E1%BB%99i-%C4%91/1225711799659366/,"Có những người nghỉ C/T , dân ko muốn nhắc tới , mà sao Ông Chính nghỉ ,dân nuối tiếc thế",có những người nghỉ c t dân ko muốn nhắc tới mà sao ông chính nghỉ dân nuối tiếc thế,31.0,Trung lập,Phạm Minh Chính,Thủ tướng (Tái cử),Khác,Không có từ khóa tiêu biểu
Facebook,https://www.facebook.com/100066616718413/posts/theo-danh-s%C3%A1ch-ban-ch%E1%BA%A5p-h%C3%A0nh-trung-%C6%B0%C6%A1ng-%C4%91%E1%BA%A3ng-kh%C3%B3a-xiv-%C4%91%C6%B0%E1%BB%A3c-c%C3%B4ng-b%E1%BB%91-t%E1%BA%A1i-%C4%91%E1%BA%A1i-h%E1%BB%99i-%C4%91/1225711799659366/,"Cách phát biểu của Thủ Tướng Phạm Minh Chính rất thuyết phục và mang lại hiệu quả cao bởi vì : súc tích, khái quát, cô đọng ,đặc biệt là thể hiện được những nội dung, yêu cầu trọng tâm cơ bản của từng vấn đề dưới dạng các mục (điểm 1, 2, ...) , không dài dòng mang tính hàn lâm...",cách phát biểu của thủ tướng phạm minh chính rất thuyết phục và mang lại hiệu quả cao bởi vì súc tích khái quát cô đọng đặc biệt là thể hiện được những nội dung yêu cầu trọng tâm cơ bản của từng vấn đề dưới dạng các mục điểm 1 2 không dài dòng mang tính hàn lâm,1.0,Trung lập,Phạm Minh Chính,Thủ tướng (Tái cử),Khác,Không có từ khóa tiêu biểu
Facebook,https://www.facebook.com/100066616718413/posts/theo-danh-s%C3%A1ch-ban-ch%E1%BA%A5p-h%C3%A0nh-trung-%C6%B0%C6%A1ng-%C4%91%E1%BA%A3ng-kh%C3%B3a-xiv-%C4%91%C6%B0%E1%BB%A3c-c%C3%B4ng-b%E1%BB%91-t%E1%BA%A1i-%C4%91%E1%BA%A1i-h%E1%BB%99i-%C4%91/1225711799659366/,Thật tình lưu luyến ghi nhận công lao đóng góp cho đất nước của Thủ tướng Phạm Minh Chính,thật tình lưu luyến ghi nhận công lao đóng góp cho đất nước của thủ tướng phạm minh chính,22.0,Trung lập,Phạm Minh Chính,Thủ tướng (Tái cử),Khác,Không có từ khóa tiêu biểu
Facebook,https://www.facebook.com/100082081114673/posts/th%E1%BB%A7-t%C6%B0%E1%BB%9Bng-ph%E1%BA%A1m-minh-ch%C3%ADnh-l%C3%A0-ng%C6%B0%E1%BB%9Di-cu%E1%BB%91i-c%C3%B9ng-r%E1%BB%9Di-kh%E1%BB%8Fi-b%E1%BB%A5c-%C4%91o%C3%A0n-ch%E1%BB%A7-t%E1%BB%8Bch-%C4%91%E1%BA%A1i-h%E1%BB%99i-/892054943540535/,Mãi mãi kính trọng thủ tướng chính phủ Phạm Minh Chính.Kính chúc TT luôn mạnh khỏe ạ.,mãi mãi kính trọng thủ tướng chính phủ phạm minh chính kính chúc tt luôn mạnh khỏe ạ,1.0,Trung lập,Phạm Minh Chính,Thủ tướng (Tái cử),Khác,Không có từ khóa tiêu biểu
Facebook,https://www.facebook.com/quetui38/posts/ch%C3%BAc-m%E1%BB%ABng-%C4%91%E1%BB%93ng-ch%C3%AD-l%C3%AA-minh-h%C6%B0ng-%C4%91%C6%B0%E1%BB%A3c-b%E1%BA%A7u-l%C3%A0m-%E1%BB%A7y-vi%C3%AAn-b%E1%BB%99-ch%C3%ADnh-tr%E1%BB%8B-tr%C6%B0%E1%BB%9Fng-ban-t%E1%BB%95-/1200722822188321/,"Lê Minh Hưng là con trai của cựu BT Bộ CA Lê Minh Hương, nên xứng đáng lắm.",lê minh hưng là con trai của cựu bt bộ ca lê minh hương nên xứng đáng lắm,3.0,Tích cực,Lê Minh Hưng,Thủ tướng,Khác,[+] xứng đáng
Facebook,https://www.facebook.com/BBCnewsVietnamese/posts/l%C3%AA-minh-h%C6%B0ng-ti%E1%BB%81n-%C4%91%E1%BB%93-ch%C3%ADnh-tr%E1%BB%8B-tri%E1%BB%83n-v%E1%BB%8Dng-sau-%C4%91%E1%BA%A1i-h%E1%BB%99i-14n%E1%BA%BFu-th%E1%BB%A7-t%C6%B0%E1%BB%9Bng-ph%E1%BA%A1m-minh-/1304812715018336/,"Tôi thấy nếu ông chính về hưu thì ông Hồ Đức Phớc làm thủ tướng thì tốt , một người có kinh nghiệm điều hành tài chính",tôi thấy nếu ông chính về hưu thì ông hồ đức phớc làm thủ tướng thì tốt một người có kinh nghiệm điều hành tài chính,1.0,Trung lập,Phạm Minh Chính,Thủ tướng (Tái cử),Kinh tế - Tài chính,Không có từ khóa tiêu biểu
Facebook,https://www.facebook.com/nguoibuon.gio.9/posts/b%C3%ACnh-lu%E1%BA%ADn-v%E1%BB%81-tin-%C4%91%E1%BB%93n-nh%C3%A2n-s%E1%BB%B1-tr%C3%AAn-m%E1%BA%A1ng-x%C3%A3-h%E1%BB%99ihi%E1%BB%87n-nay-tin-%C4%91%E1%BB%93n-c%C3%B3-danh-s%C3%A1ch-%C4%91%E1%BA%A7y-%C4%91/25499060093058943/,"TT là Lê minh Hưng ? Thằng này chưa đủ trình làm TT đâu ,toàn lo đớp thôi.!",tt là lê minh hưng thằng này chưa đủ trình làm tt đâu toàn lo đớp thôi,20.0,Trung lập,Lê Minh Hưng,Thủ tướng,Khác,Không có từ khóa tiêu biểu
Facebook,https://www.facebook.com/le.t.khoa.1/posts/k%E1%BA%BFt-qu%E1%BA%A3-s%E1%BA%AFp-x%E1%BA%BFp-nh%C3%A2n-s%E1%BB%B1-cho-%C4%91%E1%BA%A1i-h%E1%BB%99i-%C4%91%E1%BA%A3ng-c%E1%BB%99ng-s%E1%BA%A3n-vi%E1%BB%87t-nam-kh%C3%B3a-14-v%C3%A0o-n%C4%83m-2026-/10237523954426245/,Khoá sau ô Giang lên chức bù nhìn rồi lại bị Ô TL đuổi về quê chăn vịt như ông Cường:)). Thế tóm lại là không còn phe nào chống đối cả,khoá sau ô giang lên chức bù nhìn rồi lại bị ô tl đuổi về quê chăn vịt như ông cường thế tóm lại là không còn phe nào chống đối cả,10.0,Tiêu cực,Lương Cường,Chủ tịch nước,Khác,[-] bù nhìn
Facebook,https://www.facebook.com/onghocgia/posts/theo-th%C3%B4ng-l%E1%BB%87-ch%E1%BB%89-c%C3%B3-nh%E1%BB%AFng-ng%C6%B0%E1%BB%9Di-trong-t%E1%BB%A9-tr%E1%BB%A5-m%E1%BB%9Bi-%C4%91%C6%B0%E1%BB%A3c-x%C3%A9t-l%C3%A0-tr%C6%B0%E1%BB%9Dng-h%E1%BB%A3p-%C4%91%E1%BA%B7c-bi%E1%BB%87/1417790953457083/,Bác Giang Tổng Bí thư trên cả tuyệt vời !,bác giang tổng bí thư trên cả tuyệt vời,82.0,Tích cực,Tô Lâm,Tổng Bí thư / Chủ tịch nước,Khác,[+] tuyệt vời
Facebook,https://www.facebook.com/BBCnewsVietnamese/posts/quy-tr%C3%ACnh-b%E1%BA%A7u-ch%E1%BB%A7-t%E1%BB%8Bch-n%C6%B0%E1%BB%9Bc-v%C3%A0-th%E1%BB%A7-t%C6%B0%E1%BB%9Bngqu%E1%BB%91c-h%E1%BB%99i-kh%C3%B3a-16-%C4%91%C6%B0%E1%BB%A3c-b%E1%BA%A7u-v%C3%A0o-ng%C3%A0y-153-v/1360854549414152/,Còn tổng bí thư,còn tổng bí thư,1.0,Trung lập,Tô Lâm,Tổng Bí thư / Chủ tịch nước,Khác,Không có từ khóa tiêu biểu
Facebook,https://www.facebook.com/BBCnewsVietnamese/posts/quy-tr%C3%ACnh-b%E1%BA%A7u-ch%E1%BB%A7-t%E1%BB%8Bch-n%C6%B0%E1%BB%9Bc-v%C3%A0-th%E1%BB%A7-t%C6%B0%E1%BB%9Bngqu%E1%BB%91c-h%E1%BB%99i-kh%C3%B3a-16-%C4%91%C6%B0%E1%BB%A3c-b%E1%BA%A7u-v%C3%A0o-ng%C3%A0y-153-v/1360854549414152/,Tôi sẽ bỏ phiếu cho bác  Tô Lâm 💕,tôi sẽ bỏ phiếu cho bác tô lâm,1.0,Trung lập,Tô Lâm,Tổng Bí thư / Chủ tịch nước,Khác,Không có từ khóa tiêu biểu
Facebook,https://www.facebook.com/tifosihpo/posts/v%E1%BA%ADy-l%C3%A0-th%E1%BB%A7-t%C6%B0%E1%BB%9Bng-ph%E1%BA%A1m-minh-ch%C3%ADnh-%C4%91%C3%A3-kh%C3%B4ng-tr%E1%BB%9F-th%C3%A0nh-%E1%BB%A7y-vi%C3%AAn-trung-%C6%B0%C6%A1ng-%C4%91%E1%BA%A3ng-kh%C3%B3a/873519945310593/,Người dân VN ai cũng tiếc nhưng người dân Quảng Ninh còn tiếc và biết ơn bác nhiều hơn nữa. Vừa đọc tin thấy bác nghỉ trong lòng thực sự thấy buồn. Tôi thực sự cũng rất thích cách làm việc của bác Tô Lâm nhưng có lẽ 2 bác ko thể song hành cùng nhau lâu nên một bác đành phải nghỉ trước. Hi vọng sau này tỉnh Quảng Ninh sẽ có một con đường mang tên bác Chính,người dân vn ai cũng tiếc nhưng người dân quảng ninh còn tiếc và biết ơn bác nhiều hơn nữa vừa đọc tin thấy bác nghỉ trong lòng thực sự thấy buồn tôi thực sự cũng rất thích cách làm việc của bác tô lâm nhưng có lẽ 2 bác ko thể song hành cùng nhau lâu nên một bác đành phải nghỉ trước hi vọng sau này tỉnh quảng ninh sẽ có một con đường mang tên bác chính,49.0,Trung lập,Tô Lâm,Tổng Bí thư / Chủ tịch nước,Khác,Không có từ khóa tiêu biểu
